UMAP1,UMAP2,UMAP3
1.174927353858947754e+00,-1.182438468933105469e+01,9.109477400779724121e-01
-5.496910810470581055e-01,7.674604415893554688e+00,2.123416423797607422e+00
-2.773516178131103516e-01,1.729626655578613281e+01,1.241576004028320312e+01
-1.630184364318847656e+01,-4.478124141693115234e+00,-2.459876537322998047e+00
-3.323666810989379883e+00,1.965160751342773438e+01,2.159736871719360352e+00
7.253623604774475098e-01,1.243140220642089844e+01,-2.366823911666870117e+00
1.043120002746582031e+01,9.432993888854980469e+00,1.175195407867431641e+01
1.017510128021240234e+01,-1.367652511596679688e+01,-4.202383518218994141e+00
1.556177330017089844e+01,1.305944538116455078e+01,-4.701572418212890625e+00
-5.640839934349060059e-01,1.088163948059082031e+01,1.766310882568359375e+01
1.176209449768066406e+00,-1.182307910919189453e+01,9.121996164321899414e-01
-7.075729370117187500e-01,1.071549224853515625e+01,1.759751701354980469e+01
1.381058979034423828e+01,4.503645896911621094e+00,-1.276302337646484375e+01
8.439796447753906250e+00,-1.447823905944824219e+01,1.922019124031066895e+00
-8.659726142883300781e+00,-7.094664096832275391e+00,-1.190775990486145020e+00
2.322543859481811523e+00,6.110030651092529297e+00,-2.426404714584350586e+00
-1.635539627075195312e+01,7.213415622711181641e+00,8.041584014892578125e+00
1.529646492004394531e+01,-1.165370941162109375e+01,5.954925537109375000e+00
-6.109781861305236816e-01,1.085926151275634766e+01,1.771442413330078125e+01
1.373433303833007812e+01,1.865303993225097656e+01,7.419901847839355469e+00
-2.359390497207641602e+00,-2.207171916961669922e+00,-1.804572677612304688e+01
-1.521778553724288940e-01,1.746069717407226562e+01,1.250455760955810547e+01
-6.224696159362792969e+00,1.382328319549560547e+01,-1.467747974395751953e+01
-2.359183549880981445e+00,-2.206995487213134766e+00,-1.804553413391113281e+01
-3.316737651824951172e+00,1.965856552124023438e+01,2.152842283248901367e+00
-4.285806655883789062e+00,-1.300605964660644531e+01,-1.409572243690490723e+00
-5.189512729644775391e+00,-4.416964530944824219e+00,-1.421640014648437500e+01
-1.159190082550048828e+01,5.416110515594482422e+00,1.463317298889160156e+01
3.963438510894775391e+00,-1.232020378112792969e+01,-9.633375167846679688e+00
1.386917018890380859e+01,-4.497056484222412109e+00,-1.458468723297119141e+01
-8.659579277038574219e+00,-7.094610691070556641e+00,-1.190716743469238281e+00
-1.181553268432617188e+01,-1.164331912994384766e+01,5.579217433929443359e+00
1.007663536071777344e+01,-1.116711425781250000e+01,1.000977706909179688e+01
1.483537006378173828e+01,-8.441387176513671875e+00,-5.925451278686523438e+00
-2.826382875442504883e+00,-1.277523708343505859e+01,-9.011113166809082031e+00
-2.359211206436157227e+00,-2.207049369812011719e+00,-1.804551696777343750e+01
-1.686883163452148438e+01,1.086601257324218750e+01,-2.893052339553833008e+00
6.347907543182373047e+00,1.119118309020996094e+01,-6.898783206939697266e+00
-5.976223468780517578e+00,1.409301185607910156e+01,-1.474479198455810547e+01
-3.264520406723022461e+00,1.971055221557617188e+01,2.100626230239868164e+00
-1.384199738502502441e+00,8.554904937744140625e+00,-3.069085121154785156e+00
1.562489414215087891e+01,1.312831401824951172e+01,-4.649126052856445312e+00
-8.378473281860351562e+00,1.031661891937255859e+01,7.105385780334472656e+00
1.556294822692871094e+01,1.305306243896484375e+01,-4.702701091766357422e+00
-9.786806106567382812e+00,1.388296127319335938e+01,2.421221017837524414e+00
1.559618854522705078e+01,1.310116386413574219e+01,-4.682354450225830078e+00
1.387094879150390625e+01,-4.497372150421142578e+00,-1.458334064483642578e+01
2.178414344787597656e+01,-4.065791606903076172e+00,-1.080941915512084961e+00
9.089794158935546875e+00,8.869850158691406250e+00,2.682554244995117188e+00
-6.762042045593261719e+00,1.925585937500000000e+01,-5.218062877655029297e+00
-9.835926055908203125e+00,1.395347213745117188e+01,2.454878568649291992e+00
-6.738310337066650391e+00,1.927076721191406250e+01,-5.209112167358398438e+00
1.049551105499267578e+01,9.487556457519531250e+00,1.171330833435058594e+01
2.062582015991210938e+01,1.236872792243957520e+00,3.818502426147460938e+00
-2.726887226104736328e+00,-9.371197223663330078e-02,1.459023952484130859e+01
1.562857437133789062e+01,1.312992477416992188e+01,-4.740959167480468750e+00
-8.383749961853027344e+00,1.032174873352050781e+01,7.110351562500000000e+00
-9.445523023605346680e-01,3.580496311187744141e-01,3.195949316024780273e+00
-2.234040021896362305e+00,4.098176211118698120e-02,1.424156761169433594e+01
-1.443043500185012817e-01,-1.283528518676757812e+01,1.383274936676025391e+01
-1.872255325317382812e+01,2.104616641998291016e+00,-1.266652822494506836e+00
-9.614324569702148438e+00,-3.363250017166137695e+00,-1.155790805816650391e+01
8.439356803894042969e+00,-1.447883415222167969e+01,1.921699285507202148e+00
-1.180566883087158203e+01,1.059637832641601562e+01,-8.059628486633300781e+00
-1.635553932189941406e+01,7.213513374328613281e+00,8.041724205017089844e+00
-2.728317737579345703e+00,-9.452315419912338257e-02,1.458833312988281250e+01
4.065513134002685547e+00,1.418886089324951172e+01,1.336539149284362793e+00
4.432332515716552734e+00,-1.510943794250488281e+01,7.978487968444824219e+00
1.553862476348876953e+01,6.241472721099853516e+00,6.113851070404052734e+00
9.435943603515625000e+00,1.238492107391357422e+01,-1.154360771179199219e+01
1.408878421783447266e+01,-2.165994167327880859e+00,1.471342658996582031e+01
1.640506362915039062e+01,-6.585044860839843750e+00,1.172673988342285156e+01
9.441307067871093750e+00,1.239036560058593750e+01,-1.154813480377197266e+01
3.964164972305297852e+00,-1.231945800781250000e+01,-9.633842468261718750e+00
4.197198867797851562e+00,6.321147441864013672e+00,-1.771217346191406250e+01
1.529630756378173828e+01,-1.165364456176757812e+01,5.954243659973144531e+00
9.056484222412109375e+00,8.249371528625488281e+00,-1.061388206481933594e+01
8.685832023620605469e+00,1.889790916442871094e+01,-3.308834791183471680e+00
-6.233314990997314453e+00,1.381423759460449219e+01,-1.468342971801757812e+01
-6.353566169738769531e+00,-6.854165554046630859e+00,2.891253709793090820e+00
1.408926582336425781e+01,-2.166502475738525391e+00,1.471391105651855469e+01
4.407404899597167969e+00,6.519685268402099609e+00,-1.788052558898925781e+01
4.430418491363525391e+00,6.552145481109619141e+00,-1.788857078552246094e+01
7.186185717582702637e-01,3.431965351104736328e+00,-1.118458271026611328e+00
1.561484813690185547e+01,1.311630344390869141e+01,-4.660051345825195312e+00
-5.977726459503173828e+00,1.399873161315917969e+01,-1.436974906921386719e+01
-1.113614559173583984e+01,-1.173950135707855225e-01,-4.694167137145996094e+00
4.376416683197021484e+00,6.495367527008056641e+00,-1.785392761230468750e+01
1.870707130432128906e+01,-7.002867698669433594e+00,4.740326881408691406e+00
-1.035553741455078125e+01,-8.518353462219238281e+00,-7.954199314117431641e+00
1.529534149169921875e+01,-1.165170574188232422e+01,5.955987453460693359e+00
-1.630173683166503906e+01,-4.478002071380615234e+00,-2.459759473800659180e+00
1.771805000305175781e+01,-3.464561104774475098e-01,-4.594570159912109375e+00
-5.940243601799011230e-01,1.086709690093994141e+01,1.769477844238281250e+01
1.483459854125976562e+01,-8.440791130065917969e+00,-5.926167964935302734e+00
-1.686988449096679688e+01,1.086817646026611328e+01,-2.895338773727416992e+00
8.133698463439941406e+00,-1.521614193916320801e-01,1.636328315734863281e+01
1.551463127136230469e+01,1.301293754577636719e+01,-4.749886035919189453e+00
1.073445510864257812e+01,4.724373340606689453e+00,1.833827781677246094e+01
-1.240988636016845703e+01,-2.440172195434570312e+00,4.212469577789306641e+00
-1.096791934967041016e+01,2.531815290451049805e+00,-1.594315719604492188e+01
1.965748977661132812e+01,2.577716112136840820e+00,-1.444195270538330078e+01
-5.234210491180419922e+00,5.463559150695800781e+00,-1.834811210632324219e+01
6.280286788940429688e+00,4.666727542877197266e+00,6.320773124694824219e+00
-9.511512517929077148e-01,1.245506644248962402e+00,2.249649429321289062e+01
-6.038404464721679688e+00,1.406114292144775391e+01,-1.478026103973388672e+01
2.381481409072875977e+00,3.702913999557495117e+00,1.584459662437438965e+00
4.433723449707031250e+00,-1.511085224151611328e+01,7.977095603942871094e+00
-5.928523540496826172e+00,1.414732837677001953e+01,-1.485428142547607422e+01
-5.189481735229492188e+00,-4.416996002197265625e+00,-1.421636676788330078e+01
1.049529457092285156e+01,9.487734794616699219e+00,1.171401119232177734e+01
1.561797046661376953e+01,1.312249565124511719e+01,-4.652216434478759766e+00
-1.005519032478332520e-01,1.751151275634765625e+01,1.259169960021972656e+01
1.557488632202148438e+01,1.307358837127685547e+01,-4.704343795776367188e+00
-5.229285717010498047e+00,1.097812557220458984e+01,-5.190367698669433594e+00
-9.604902565479278564e-02,1.729991531372070312e+01,1.236220455169677734e+01
1.870857048034667969e+01,-7.004047870635986328e+00,4.741578578948974609e+00
3.882543325424194336e+00,5.115909576416015625e+00,-2.052503347396850586e+00
2.108042716979980469e+01,8.055470466613769531e+00,8.828485488891601562e+00
-3.273055076599121094e+00,1.970203590393066406e+01,2.109199285507202148e+00
-1.385290175676345825e-01,1.746870040893554688e+01,1.230557632446289062e+01
9.910842895507812500e+00,9.271647453308105469e+00,1.112484169006347656e+01
-1.630137634277343750e+01,-4.477657318115234375e+00,-2.459393978118896484e+00
-8.660956382751464844e+00,-7.096294879913330078e+00,-1.192410349845886230e+00
-1.635605049133300781e+01,7.213968753814697266e+00,8.042243003845214844e+00
-6.718700885772705078e+00,-8.089987754821777344e+00,1.713496017456054688e+01
4.431741714477539062e+00,-1.510892868041992188e+01,7.978983879089355469e+00
9.089149475097656250e+00,8.076429367065429688e+00,-1.083071613311767578e+01
-3.088482320308685303e-01,1.727017974853515625e+01,1.237938785552978516e+01
-1.369671940803527832e+00,-6.081542491912841797e+00,-9.090885162353515625e+00
-4.285707950592041016e+00,-1.300597667694091797e+01,-1.409844160079956055e+00
-5.189347743988037109e+00,-4.417128562927246094e+00,-1.421621990203857422e+01
1.516600322723388672e+01,9.739925861358642578e-01,7.788144111633300781e+00
-5.892512321472167969e+00,1.416554069519042969e+01,-1.484695720672607422e+01
1.073442745208740234e+01,4.724341869354248047e+00,1.833823776245117188e+01
1.359077167510986328e+01,1.830886459350585938e+01,7.995670318603515625e+00
-3.280935287475585938e+00,1.969400787353515625e+01,2.117054224014282227e+00
-4.286705493927001953e+00,-1.300597381591796875e+01,-1.409626722335815430e+00
1.007632160186767578e+01,-1.116757202148437500e+01,1.000946140289306641e+01
9.432774543762207031e+00,1.238158130645751953e+01,-1.154180335998535156e+01
9.045876502990722656e+00,8.122857093811035156e+00,-1.077369689941406250e+01
8.460684776306152344e+00,1.785642623901367188e+01,-2.828239440917968750e+00
-3.317467927932739258e+00,1.965780258178710938e+01,2.153553247451782227e+00
-4.286784172058105469e+00,-1.300605487823486328e+01,-1.409603714942932129e+00
1.494427800178527832e+00,2.336043930053710938e+01,-7.026233673095703125e+00
2.794550895690917969e+00,-9.140657424926757812e+00,-1.534952259063720703e+01
-1.113648796081542969e+01,-1.175236701965332031e-01,-4.694143295288085938e+00
-1.096766090393066406e+01,2.531481981277465820e+00,-1.594350147247314453e+01
1.898657989501953125e+01,3.703811168670654297e+00,1.294417285919189453e+01
7.590521335601806641e+00,9.678596496582031250e+00,-2.752166986465454102e+00
1.381028652191162109e+01,1.861656188964843750e+01,7.567368984222412109e+00
1.384005260467529297e+01,1.855375289916992188e+01,7.767632484436035156e+00
1.563675022125244141e+01,1.313810348510742188e+01,-4.738656520843505859e+00
-6.740677833557128906e+00,1.927191352844238281e+01,-5.214185714721679688e+00
1.386871147155761719e+01,-4.495763778686523438e+00,-1.458486938476562500e+01
-1.201521015167236328e+01,5.059372186660766602e-01,1.043301486968994141e+01
4.018630504608154297e+00,-5.387774467468261719e+00,7.320561885833740234e+00
1.898672103881835938e+01,3.703686237335205078e+00,1.294416713714599609e+01
-8.659023284912109375e+00,-7.096525192260742188e+00,-1.192651748657226562e+00
1.483479976654052734e+01,-8.440769195556640625e+00,-5.925871849060058594e+00
1.870895957946777344e+01,-7.004129886627197266e+00,4.741034030914306641e+00
-1.181705284118652344e+01,-1.164172172546386719e+01,5.577540397644042969e+00
-9.510000348091125488e-01,1.245274066925048828e+00,2.249633789062500000e+01
1.007566261291503906e+01,-1.116842269897460938e+01,1.000879955291748047e+01
-9.504438638687133789e-01,1.244696617126464844e+00,2.249557304382324219e+01
-1.113725090026855469e+01,-1.183204725384712219e-01,-4.694394111633300781e+00
-1.073757362365722656e+01,-5.558288097381591797e+00,1.088842105865478516e+01
8.464276313781738281e+00,1.786308097839355469e+01,-2.832643508911132812e+00
-5.929637432098388672e+00,1.414367485046386719e+01,-1.484817123413085938e+01
-8.382066726684570312e+00,1.032005786895751953e+01,7.108740806579589844e+00
1.543288516998291016e+01,1.292600917816162109e+01,-4.801251888275146484e+00
-9.497472643852233887e-01,3.570626378059387207e-01,3.191725254058837891e+00
-1.035625076293945312e+01,-8.519083976745605469e+00,-7.953508853912353516e+00
-8.540041923522949219e+00,5.589816570281982422e+00,-3.177171468734741211e+00
4.431300163269042969e+00,-1.510857295989990234e+01,7.979359149932861328e+00
-9.720411300659179688e+00,1.377249240875244141e+01,2.381124019622802734e+00
1.414527130126953125e+01,1.874883842468261719e+01,7.800782680511474609e+00
-3.283001184463500977e-01,1.748638534545898438e+01,1.226624202728271484e+01
2.183722734451293945e+00,7.539801597595214844e+00,-1.304137587547302246e+00
-7.080862998962402344e+00,4.314224720001220703e+00,6.307118415832519531e+00
8.374634742736816406e+00,-1.842480659484863281e+00,1.451276302337646484e+00
-1.872260284423828125e+01,2.104635715484619141e+00,-1.266737818717956543e+00
-6.750115394592285156e+00,1.927401161193847656e+01,-5.226241111755371094e+00
2.793792009353637695e+00,-9.141274452209472656e+00,-1.535014724731445312e+01
1.176366090774536133e+00,-1.182289409637451172e+01,9.124177694320678711e-01
-1.073721027374267578e+01,-5.557914733886718750e+00,1.088836860656738281e+01
4.860002994537353516e+00,1.581086730957031250e+01,7.157118320465087891e+00
-9.706433296203613281e+00,1.390619945526123047e+01,2.527194261550903320e+00
1.209675121307373047e+01,1.706224441528320312e+01,8.780170083045959473e-01
1.424076271057128906e+01,1.881803894042968750e+01,7.828551292419433594e+00
5.405546188354492188e+00,6.248597621917724609e+00,-2.219538450241088867e+00
1.606984138488769531e+00,7.562579154968261719e+00,4.532165527343750000e+00
1.529523086547851562e+01,-1.165162944793701172e+01,5.956092357635498047e+00
-2.681823253631591797e+00,2.894946746528148651e-02,1.387388801574707031e+01
1.386907672882080078e+01,-4.496208667755126953e+00,-1.458451461791992188e+01
-2.826195240020751953e+00,-1.277541828155517578e+01,-9.010752677917480469e+00
-1.522171878814697266e+01,4.097661018371582031e+00,-7.684823036193847656e+00
-6.167404174804687500e+00,1.388141822814941406e+01,-1.467317485809326172e+01
-6.558288335800170898e-01,9.200783729553222656e+00,4.067478179931640625e+00
-5.230241298675537109e+00,1.097739505767822266e+01,-5.193600654602050781e+00
2.515282869338989258e+00,1.802468490600585938e+01,1.224814414978027344e+00
1.640714263916015625e+01,-6.586179256439208984e+00,1.172464084625244141e+01
-5.948287963867187500e+00,1.411296844482421875e+01,-1.477151489257812500e+01
2.183792829513549805e+00,7.539857864379882812e+00,-1.304180383682250977e+00
-1.035653781890869141e+01,-8.519303321838378906e+00,-7.954092025756835938e+00
-9.361781179904937744e-02,1.751241493225097656e+01,1.259746932983398438e+01
4.433115959167480469e+00,-1.511033630371093750e+01,7.977590084075927734e+00
6.518639564514160156e+00,2.903186798095703125e+00,9.117042541503906250e+00
-2.205500155687332153e-01,1.738199806213378906e+01,1.232971763610839844e+01
1.449694156646728516e+00,7.383483886718750000e+00,3.955192565917968750e+00
1.557497119903564453e+01,1.307310962677001953e+01,-4.693612575531005859e+00
4.222762107849121094e+00,6.342422962188720703e+00,-1.773563575744628906e+01
-1.686950683593750000e+01,1.086752986907958984e+01,-2.894875049591064453e+00
1.965747451782226562e+01,2.577311754226684570e+00,-1.444233036041259766e+01
1.529697227478027344e+01,-1.165350532531738281e+01,5.954222679138183594e+00
4.859911918640136719e+00,1.581089401245117188e+01,7.157012939453125000e+00
8.722404837608337402e-01,3.411236763000488281e+00,-1.030319333076477051e+00
4.434368610382080078e+00,-1.511168479919433594e+01,7.976289749145507812e+00
2.108248329162597656e+01,8.053585052490234375e+00,8.826345443725585938e+00
7.396900653839111328e+00,7.243825912475585938e+00,8.520193099975585938e+00
-2.548728227615356445e+00,-7.622851431369781494e-02,1.436945056915283203e+01
1.403448772430419922e+01,4.329124927520751953e+00,-1.270422554016113281e+01
2.961421251296997070e+00,3.140138864517211914e+00,-5.137641906738281250e+00
-4.254007935523986816e-01,1.101438903808593750e+01,1.762866783142089844e+01
3.882795333862304688e+00,5.115894794464111328e+00,-2.052581548690795898e+00
2.205664634704589844e+01,9.102639198303222656e+00,-7.182086467742919922e+00
2.108198356628417969e+01,8.054096221923828125e+00,8.826852798461914062e+00
-1.201512241363525391e+01,5.060470104217529297e-01,1.043290615081787109e+01
1.194003224372863770e+00,6.414133071899414062e+00,2.618327140808105469e+00
-1.073751068115234375e+01,-5.558205127716064453e+00,1.088868904113769531e+01
9.798742294311523438e+00,-8.856508255004882812e+00,-9.198514938354492188e+00
-1.522252464294433594e+01,4.096827030181884766e+00,-7.684082031250000000e+00
2.178663444519042969e+01,-4.067641735076904297e+00,-1.082720398902893066e+00
1.897717285156250000e+01,5.683269977569580078e+00,-2.542783498764038086e+00
1.383499908447265625e+01,4.640918731689453125e+00,-1.261044788360595703e+01
-9.564886093139648438e+00,1.374263095855712891e+01,2.622797250747680664e+00
-2.759659051895141602e+00,-7.732975482940673828e+00,9.367078781127929688e+00
-9.506597518920898438e-01,1.244671344757080078e+00,2.249590873718261719e+01
-2.389218330383300781e+00,3.566799461841583252e-01,1.455267429351806641e+01
-2.585988998413085938e+00,6.838303804397583008e-02,1.429802131652832031e+01
8.438751220703125000e+00,-1.448014545440673828e+01,1.920988440513610840e+00
-7.069765090942382812e+00,8.380455017089843750e+00,1.187796783447265625e+01
-1.687100219726562500e+01,1.086896991729736328e+01,-2.896218061447143555e+00
1.017665576934814453e+01,-1.367479896545410156e+01,-4.200817108154296875e+00
-2.676954984664916992e+00,2.974726073443889618e-02,1.388722229003906250e+01
9.784145355224609375e+00,-3.517772912979125977e+00,8.052843093872070312e+00
6.738971233367919922e+00,-7.232573986053466797e+00,-6.547036767005920410e-02
8.576944351196289062e+00,1.775961494445800781e+01,-4.180367946624755859e+00
2.770872831344604492e+00,6.377528667449951172e+00,2.721109867095947266e+00
9.782383918762207031e+00,-3.518078804016113281e+00,8.051073074340820312e+00
2.205536460876464844e+01,9.101316452026367188e+00,-7.183387279510498047e+00
5.533085823059082031e+00,-5.308332920074462891e+00,-1.694494438171386719e+01
7.397128582000732422e+00,7.244051933288574219e+00,8.520761489868164062e+00
-4.142277240753173828e-01,1.099734210968017578e+01,1.756927871704101562e+01
3.014233112335205078e+00,3.065080165863037109e+00,-5.238881111145019531e+00
-1.686887359619140625e+01,1.086693954467773438e+01,-2.896135091781616211e+00
-9.577343940734863281e+00,1.373356723785400391e+01,2.600076198577880859e+00
1.536777257919311523e+00,2.331288146972656250e+01,-6.987942218780517578e+00
1.483483409881591797e+01,-8.440872192382812500e+00,-5.925780773162841797e+00
-1.113711166381835938e+01,-1.181668266654014587e-01,-4.694912910461425781e+00
1.386396884918212891e+01,1.856530380249023438e+01,7.726740360260009766e+00
1.209747600555419922e+01,1.706147003173828125e+01,8.787899613380432129e-01
6.535832881927490234e+00,8.706638813018798828e-01,-1.702401351928710938e+01
9.782466888427734375e+00,-3.517558336257934570e+00,8.051616668701171875e+00
-1.872409248352050781e+01,2.103114366531372070e+00,-1.267657756805419922e+00
2.330909490585327148e+00,6.101464748382568359e+00,-2.418344736099243164e+00
1.529801464080810547e+01,-1.165339660644531250e+01,5.955147743225097656e+00
2.367201566696166992e+00,3.821152925491333008e+00,-4.381483078002929688e+00
3.006696224212646484e+00,3.072271347045898438e+00,-5.238510131835937500e+00
5.491872310638427734e+00,1.892639398574829102e+00,-4.308395385742187500e+00
-1.159190559387207031e+01,5.416129112243652344e+00,1.463319206237792969e+01
2.093354415893554688e+01,1.075571346282958984e+01,2.526479482650756836e+00
1.556469917297363281e+01,1.306765842437744141e+01,-4.710983753204345703e+00
2.517599105834960938e+00,1.802278137207031250e+01,1.226334810256958008e+00
2.690896511077880859e+00,1.764635086059570312e+01,1.351111650466918945e+00
-1.035647678375244141e+01,-8.519251823425292969e+00,-7.954139232635498047e+00
2.519938945770263672e+00,1.802198600769042969e+01,1.226669788360595703e+00
2.645804643630981445e+00,1.773365020751953125e+01,1.338525414466857910e+00
-2.239576578140258789e+00,4.498401284217834473e-02,1.424342250823974609e+01
1.897756004333496094e+01,5.683328151702880859e+00,-2.543208360671997070e+00
2.108147621154785156e+01,8.054629325866699219e+00,8.827391624450683594e+00
4.065594673156738281e+00,1.418878173828125000e+01,1.336489796638488770e+00
-5.928355693817138672e+00,1.414578533172607422e+01,-1.484923267364501953e+01
-2.042963027954101562e+00,6.325003147125244141e+00,-4.282434463500976562e+00
1.408838272094726562e+01,-2.165247917175292969e+00,1.471340465545654297e+01
-8.341711759567260742e-01,9.288674354553222656e+00,3.889361858367919922e+00
1.197102308273315430e+00,2.905360937118530273e+00,8.521481752395629883e-01
1.529950523376464844e+01,-1.165484619140625000e+01,5.953645229339599609e+00
1.499292612075805664e+00,2.336193084716796875e+01,-7.046010494232177734e+00
-7.422424554824829102e-01,6.054112911224365234e+00,1.225317791104316711e-01
-6.354190349578857422e+00,-6.854935169219970703e+00,2.890539884567260742e+00
-1.686927032470703125e+01,1.086712169647216797e+01,-2.896398067474365234e+00
1.965875625610351562e+01,2.578556060791015625e+00,-1.444142627716064453e+01
1.570173621177673340e+00,2.328306388854980469e+01,-6.985425472259521484e+00
-1.339297676086425781e+01,4.397725582122802734e+00,1.963747382164001465e+00
2.108149909973144531e+01,8.054777145385742188e+00,8.827384948730468750e+00
1.897760772705078125e+01,5.683300971984863281e+00,-2.543247222900390625e+00
2.108109092712402344e+01,8.055335998535156250e+00,8.826705932617187500e+00
-6.354800701141357422e+00,-6.854420185089111328e+00,2.891099929809570312e+00
-2.391590833663940430e+00,3.534187376499176025e-01,1.454998111724853516e+01
2.590598106384277344e+00,1.779770278930664062e+01,1.335804224014282227e+00
-2.547983884811401367e+00,2.592841722071170807e-02,1.428773498535156250e+01
1.379524707794189453e+01,1.861865043640136719e+01,7.534871578216552734e+00
1.539279103279113770e+00,2.330834007263183594e+01,-6.994639873504638672e+00
-5.578567385673522949e-01,1.088550567626953125e+01,1.765803718566894531e+01
-1.180539703369140625e+01,1.059628391265869141e+01,-8.059816360473632812e+00
5.294034481048583984e+00,-6.173203945159912109e+00,1.468407821655273438e+01
-7.129458785057067871e-01,1.072760009765625000e+01,1.764296722412109375e+01
1.046942234039306641e+01,9.467076301574707031e+00,1.169762897491455078e+01
7.251701354980468750e-01,1.243134593963623047e+01,-2.366337060928344727e+00
2.178900718688964844e+01,-4.066964149475097656e+00,-1.084817171096801758e+00
-4.741088747978210449e-01,1.093092250823974609e+01,1.779784965515136719e+01
2.108078765869140625e+01,8.055638313293457031e+00,8.826952934265136719e+00
-8.348762392997741699e-01,9.289040565490722656e+00,3.889103889465332031e+00
2.600761175155639648e+00,4.465877056121826172e+00,-4.245600700378417969e+00
3.007823705673217773e+00,3.070538043975830078e+00,-5.240161418914794922e+00
1.215409660339355469e+01,-6.372897148132324219e+00,1.187920928001403809e+00
-4.357626438140869141e+00,-1.287665653228759766e+01,6.294366359710693359e+00
-4.152815341949462891e-01,1.099047470092773438e+01,1.753802680969238281e+01
-1.630135345458984375e+01,-4.477650642395019531e+00,-2.459375619888305664e+00
6.735901355743408203e+00,5.356449604034423828e+00,5.111222743988037109e+00
2.062787246704101562e+01,1.232539892196655273e+00,3.816610813140869141e+00
-3.289512991905212402e-01,1.725473594665527344e+01,1.239440727233886719e+01
1.521652936935424805e+00,2.332800483703613281e+01,-6.999468326568603516e+00
1.965916824340820312e+01,2.578214168548583984e+00,-1.444129562377929688e+01
1.771711540222167969e+01,-3.454608023166656494e-01,-4.593523979187011719e+00
1.640770530700683594e+01,-6.586886882781982422e+00,1.172406673431396484e+01
-1.096889591217041016e+01,2.533056497573852539e+00,-1.594365310668945312e+01
1.393554306030273438e+01,1.852019309997558594e+01,7.674583435058593750e+00
-9.678939819335937500e+00,1.382081794738769531e+01,2.553977727890014648e+00
-2.590542554855346680e+00,5.343626812100410461e-02,1.428984451293945312e+01
2.323969125747680664e+00,6.034447193145751953e+00,-2.372529506683349609e+00
-1.586890220642089844e+00,8.474344253540039062e+00,-3.244429588317871094e+00
1.555585002899169922e+01,1.306015872955322266e+01,-4.707804203033447266e+00
-1.035669040679931641e+01,-8.520510673522949219e+00,-7.953664779663085938e+00
-1.686913490295410156e+01,1.086666488647460938e+01,-2.896128177642822266e+00
9.800715446472167969e+00,-8.853610038757324219e+00,-9.198282241821289062e+00
2.383486747741699219e+00,4.875200271606445312e+00,1.490633606910705566e+00
-9.563455581665039062e+00,1.371865081787109375e+01,2.614347696304321289e+00
-6.085132956504821777e-01,1.086675262451171875e+01,1.770829200744628906e+01
-5.715126395225524902e-01,1.087500667572021484e+01,1.767028427124023438e+01
1.557339859008789062e+01,1.306782054901123047e+01,-4.697088241577148438e+00
-2.601015806198120117e+00,4.076473042368888855e-02,1.434086704254150391e+01
1.483436775207519531e+01,-8.439306259155273438e+00,-5.925745964050292969e+00
4.888493061065673828e+00,1.578846549987792969e+01,7.185617446899414062e+00
-5.103093147277832031e+00,3.155237674713134766e+00,1.508823156356811523e+00
-5.102930545806884766e+00,3.155258178710937500e+00,1.508741378784179688e+00
1.388212490081787109e+01,1.860111618041992188e+01,7.740990638732910156e+00
-2.712813615798950195e-01,1.729812812805175781e+01,1.244680404663085938e+01
8.438755035400390625e+00,-1.448024654388427734e+01,1.920891761779785156e+00
-7.082111835479736328e+00,4.312911033630371094e+00,6.307942867279052734e+00
-7.154930830001831055e-01,1.073190593719482422e+01,1.765943145751953125e+01
-9.504331350326538086e-01,1.244350910186767578e+00,2.249565696716308594e+01
-4.360074996948242188e+00,-1.287788391113281250e+01,6.290176868438720703e+00
2.178909683227539062e+01,-4.066099643707275391e+00,-1.084214568138122559e+00
1.965840530395507812e+01,2.578589677810668945e+00,-1.444229125976562500e+01
-2.611749649047851562e+00,1.983708888292312622e-02,1.413136863708496094e+01
8.438217163085937500e+00,-1.448099327087402344e+01,1.920790553092956543e+00
1.392260837554931641e+01,1.860736274719238281e+01,7.752336978912353516e+00
1.366314888000488281e+01,1.837472343444824219e+01,7.926520347595214844e+00
2.107986640930175781e+01,8.056586265563964844e+00,8.827809333801269531e+00
-9.501640796661376953e-01,1.243970751762390137e+00,2.249525833129882812e+01
-5.234064579010009766e+00,5.464887142181396484e+00,-1.834687232971191406e+01
-7.068924307823181152e-01,4.158466339111328125e+00,7.819516062736511230e-01
1.050814342498779297e+01,9.498736381530761719e+00,1.170083332061767578e+01
1.529847145080566406e+01,-1.165399932861328125e+01,5.954431056976318359e+00
5.802826881408691406e+00,9.737043380737304688e+00,-5.537705898284912109e+00
-1.073740959167480469e+01,-5.558021545410156250e+00,1.088895702362060547e+01
1.965777015686035156e+01,2.578542232513427734e+00,-1.444369411468505859e+01
-6.719137191772460938e+00,-8.089305877685546875e+00,1.713467025756835938e+01
-9.614301681518554688e+00,-3.363187789916992188e+00,-1.155798244476318359e+01
6.739079475402832031e+00,-7.232463836669921875e+00,-6.558298319578170776e-02
1.383738803863525391e+01,4.639545917510986328e+00,-1.260811519622802734e+01
-2.583606719970703125e+00,9.630869328975677490e-02,1.431412029266357422e+01
1.209921455383300781e+01,1.705985450744628906e+01,8.805077075958251953e-01
6.739175319671630859e+00,-7.232142925262451172e+00,-6.543518602848052979e-02
-1.181705760955810547e+01,-1.164156341552734375e+01,5.577900409698486328e+00
6.164173126220703125e+00,5.907877922058105469e+00,5.375742435455322266e+00
3.396945953369140625e+00,6.600684165954589844e+00,-1.753353714942932129e+00
9.085680961608886719e+00,8.079916000366210938e+00,-1.082596015930175781e+01
1.640634536743164062e+01,-6.585680007934570312e+00,1.172538661956787109e+01
-2.041736841201782227e+00,6.320129394531250000e+00,-4.275615692138671875e+00
1.556464576721191406e+01,1.305559349060058594e+01,-4.679905414581298828e+00
-6.231572628021240234e-01,1.085505485534667969e+01,1.770800209045410156e+01
1.038615989685058594e+01,9.395629882812500000e+00,1.182411479949951172e+01
-6.050512790679931641e+00,1.399197292327880859e+01,-1.460174942016601562e+01
-9.491050243377685547e-01,1.242825150489807129e+00,2.249488067626953125e+01
6.535959243774414062e+00,8.705641627311706543e-01,-1.702387428283691406e+01
-5.190027236938476562e+00,-4.416429996490478516e+00,-1.421688556671142578e+01
8.135114669799804688e+00,-1.536678373813629150e-01,1.636263656616210938e+01
1.380722045898437500e+01,4.569922924041748047e+00,-1.263916110992431641e+01
-9.223760366439819336e-01,5.160734653472900391e+00,7.057526588439941406e+00
6.713223934173583984e+00,4.900500297546386719e+00,4.928082942962646484e+00
-2.733285427093505859e+00,-9.971055388450622559e-02,1.459888744354248047e+01
6.734021186828613281e+00,5.344600677490234375e+00,5.106557846069335938e+00
1.898686790466308594e+01,3.703562498092651367e+00,1.294427967071533203e+01
1.017648315429687500e+01,-1.367511558532714844e+01,-4.200995445251464844e+00
1.640649032592773438e+01,-6.585783958435058594e+00,1.172526359558105469e+01
3.882323265075683594e+00,5.112038612365722656e+00,-2.053235530853271484e+00
-2.235684871673583984e+00,6.297240257263183594e+00,-1.766375899314880371e+00
6.537221908569335938e+00,8.694516420364379883e-01,-1.702507209777832031e+01
8.686081886291503906e+00,1.889708518981933594e+01,-3.308399677276611328e+00
-2.702259540557861328e+00,-6.088063865900039673e-02,1.454361915588378906e+01
-7.435622215270996094e-01,6.059285640716552734e+00,1.182916089892387390e-01
1.640764355659484863e+00,2.320819473266601562e+01,-6.931621551513671875e+00
-1.073743534088134766e+01,-5.557526111602783203e+00,1.088867187500000000e+01
-1.181640434265136719e+01,-1.164189815521240234e+01,5.578470230102539062e+00
1.640645599365234375e+01,-6.585776805877685547e+00,1.172531032562255859e+01
1.073520755767822266e+01,4.725055217742919922e+00,1.833770370483398438e+01
-7.009426355361938477e-01,4.181678771972656250e+00,7.799881100654602051e-01
-1.035666656494140625e+01,-8.520735740661621094e+00,-7.953772544860839844e+00
-1.872416305541992188e+01,2.103196382522583008e+00,-1.267683863639831543e+00
1.383926486968994141e+01,4.642561912536621094e+00,-1.261015510559082031e+01
2.690702438354492188e+00,5.654427528381347656e+00,1.984108543395996094e+01
4.361896514892578125e+00,6.490417957305908203e+00,-1.783588409423828125e+01
-4.115653336048126221e-01,1.099359893798828125e+01,1.753854179382324219e+01
-5.947840213775634766e+00,1.405845928192138672e+01,-1.464086627960205078e+01
-6.218463897705078125e+00,1.382224559783935547e+01,-1.467785644531250000e+01
-4.180112481117248535e-01,1.099497127532958984e+01,1.756871986389160156e+01
-5.854045867919921875e+00,1.419950675964355469e+01,-1.486268711090087891e+01
-7.183134555816650391e-01,1.072933197021484375e+01,1.765973472595214844e+01
-6.567495465278625488e-01,4.371645927429199219e+00,7.533269524574279785e-01
1.559371852874755859e+01,1.308699893951416016e+01,-4.705819606781005859e+00
8.688272476196289062e+00,1.889726066589355469e+01,-3.310635566711425781e+00
1.382354927062988281e+01,4.588092327117919922e+00,-1.263324737548828125e+01
1.516620063781738281e+01,9.734250903129577637e-01,7.787497520446777344e+00
-1.629994964599609375e+01,-4.476261615753173828e+00,-2.457958221435546875e+00
1.560421085357666016e+01,1.310378551483154297e+01,-4.654200553894042969e+00
1.965725517272949219e+01,2.578541278839111328e+00,-1.444454002380371094e+01
2.093364524841308594e+01,1.075571727752685547e+01,2.526475429534912109e+00
-6.719032287597656250e+00,-8.089204788208007812e+00,1.713488006591796875e+01
-1.629928016662597656e+01,-4.475655555725097656e+00,-2.457267761230468750e+00
5.294047355651855469e+00,-6.173274040222167969e+00,1.468409824371337891e+01
-1.209620460867881775e-01,1.742588996887207031e+01,1.232606697082519531e+01
-1.371867537498474121e+00,-6.083487510681152344e+00,-9.092898368835449219e+00
9.089249610900878906e+00,8.076025009155273438e+00,-1.083082866668701172e+01
-7.129434347152709961e-01,1.071272850036621094e+01,1.760392379760742188e+01
6.149545192718505859e+00,5.920280933380126953e+00,5.380044460296630859e+00
-5.878532886505126953e+00,1.417914485931396484e+01,-1.486367225646972656e+01
1.038738822937011719e+01,9.396915435791015625e+00,1.182270908355712891e+01
1.215324592590332031e+01,-6.372580528259277344e+00,1.188260912895202637e+00
-2.826852083206176758e+00,-1.277475547790527344e+01,-9.010149955749511719e+00
-4.361259460449218750e+00,-1.287925052642822266e+01,6.288840770721435547e+00
-1.240948867797851562e+01,-2.440756797790527344e+00,4.212742328643798828e+00
1.036271667480468750e+01,9.375642776489257812e+00,1.184724426269531250e+01
-1.371606111526489258e+00,-6.083166122436523438e+00,-9.092554092407226562e+00
-1.159296989440917969e+01,5.417192935943603516e+00,1.463425827026367188e+01
-2.732992649078369141e+00,-1.001227051019668579e-01,1.460060882568359375e+01
-9.488511085510253906e-01,1.242524027824401855e+00,2.249463272094726562e+01
-2.564770698547363281e+00,5.386710539460182190e-02,1.431619167327880859e+01
8.439658164978027344e+00,-1.447958278656005859e+01,1.921553969383239746e+00
5.802882671356201172e+00,9.737116813659667969e+00,-5.537768363952636719e+00
1.898839569091796875e+01,3.702108621597290039e+00,1.294552040100097656e+01
-1.441656053066253662e-01,-1.283542919158935547e+01,1.383377647399902344e+01
-2.824560403823852539e+00,-1.277704048156738281e+01,-9.012488365173339844e+00
6.536224842071533203e+00,8.705262541770935059e-01,-1.702436065673828125e+01
-1.371605515480041504e+00,-6.083143711090087891e+00,-9.092483520507812500e+00
6.536381721496582031e+00,8.705240488052368164e-01,-1.702442550659179688e+01
-1.159265995025634766e+01,5.416895389556884766e+00,1.463396549224853516e+01
-6.719088554382324219e+00,-8.088739395141601562e+00,1.713481330871582031e+01
2.108037757873535156e+01,8.057381629943847656e+00,8.826341629028320312e+00
-9.487410187721252441e-01,1.242321729660034180e+00,2.249473571777343750e+01
1.359449481964111328e+01,1.831361961364746094e+01,7.988571643829345703e+00
8.686165809631347656e+00,1.888837242126464844e+01,-3.309123039245605469e+00
-8.368954062461853027e-01,9.289177894592285156e+00,3.888055562973022461e+00
6.738391876220703125e+00,-7.233475208282470703e+00,-6.517747044563293457e-02
2.205397987365722656e+01,9.101303100585937500e+00,-7.183408260345458984e+00
-1.073754024505615234e+01,-5.557661056518554688e+00,1.088961029052734375e+01
-1.446722149848937988e-01,-1.283527374267578125e+01,1.383402252197265625e+01
1.529677295684814453e+01,-1.165235233306884766e+01,5.956054687500000000e+00
-1.872256851196289062e+01,2.104351520538330078e+00,-1.266653895378112793e+00
-1.035779666900634766e+01,-8.521970748901367188e+00,-7.952700138092041016e+00
8.467507362365722656e+00,1.786898040771484375e+01,-2.834562540054321289e+00
1.455685734748840332e+00,2.337686920166015625e+01,-6.936337947845458984e+00
1.209987545013427734e+01,1.705910491943359375e+01,8.811823725700378418e-01
4.436490535736083984e+00,-1.511386966705322266e+01,7.974111557006835938e+00
8.577308654785156250e+00,1.775932502746582031e+01,-4.180704593658447266e+00
-8.657953262329101562e+00,-7.095583438873291016e+00,-1.191721677780151367e+00
4.233266353607177734e+00,6.353840827941894531e+00,-1.774578475952148438e+01
1.363655185699462891e+01,1.834783935546875000e+01,7.950936794281005859e+00
1.007581996917724609e+01,-1.116851139068603516e+01,1.000895881652832031e+01
4.346401214599609375e+00,6.472783088684082031e+00,-1.782996368408203125e+01
1.384638309478759766e+01,4.570295333862304688e+00,-1.269468784332275391e+01
-1.113736724853515625e+01,-1.181841865181922913e-01,-4.694890022277832031e+00
1.073688316345214844e+01,4.726930618286132812e+00,1.833578872680664062e+01
1.073701381683349609e+01,4.727089405059814453e+00,1.833549690246582031e+01
8.579968452453613281e+00,1.775910758972167969e+01,-4.181188106536865234e+00
9.802347183227539062e+00,-8.850152969360351562e+00,-9.194964408874511719e+00
-1.073763465881347656e+01,-5.557692527770996094e+00,1.088917255401611328e+01
-4.233736991882324219e+00,2.017225503921508789e+00,-1.000213432312011719e+01
-1.159193611145019531e+01,5.416191577911376953e+00,1.463326168060302734e+01
-1.159199619293212891e+01,5.416253566741943359e+00,1.463332843780517578e+01
-2.694624066352844238e-01,1.724978065490722656e+01,1.242371940612792969e+01
1.483767604827880859e+01,-8.438728332519531250e+00,-5.922205924987792969e+00
8.464768409729003906e+00,1.785795783996582031e+01,-2.826733589172363281e+00
1.640663146972656250e+01,-6.585865974426269531e+00,1.172513484954833984e+01
-5.228736877441406250e+00,1.097935581207275391e+01,-5.189711093902587891e+00
5.532889366149902344e+00,-5.308543205261230469e+00,-1.694469642639160156e+01
1.554164886474609375e+01,6.244486331939697266e+00,6.111327648162841797e+00
1.017498397827148438e+01,-1.367329883575439453e+01,-4.202473640441894531e+00
-7.079172611236572266e+00,4.315885543823242188e+00,6.307641506195068359e+00
-2.266715288162231445e+00,5.283097922801971436e-02,1.425271129608154297e+01
1.898804092407226562e+01,3.702738761901855469e+00,1.294576168060302734e+01
1.502695441246032715e+00,2.336022949218750000e+01,-7.050988197326660156e+00
1.898818206787109375e+01,3.702690124511718750e+00,1.294552516937255859e+01
1.017500782012939453e+01,-1.367329788208007812e+01,-4.202446937561035156e+00
-5.234566211700439453e+00,5.465976238250732422e+00,-1.834579467773437500e+01
9.802475929260253906e+00,-8.850220680236816406e+00,-9.195020675659179688e+00
-1.201361370086669922e+01,5.075929164886474609e-01,1.043134975433349609e+01
1.965894508361816406e+01,2.578065872192382812e+00,-1.444323158264160156e+01
8.404718637466430664e-01,3.333694696426391602e+00,-9.874835610389709473e-01
2.183826684951782227e+00,7.539879322052001953e+00,-1.304001569747924805e+00
-2.821055412292480469e+00,-1.278053569793701172e+01,-9.016008377075195312e+00
1.210051631927490234e+01,1.705815505981445312e+01,8.821053504943847656e-01
-1.181768989562988281e+01,-1.164070701599121094e+01,5.576646804809570312e+00
6.723697662353515625e+00,5.338543891906738281e+00,5.103219509124755859e+00
-6.104119300842285156e+00,1.392123222351074219e+01,-1.457085323333740234e+01
-2.042967319488525391e+00,6.324520111083984375e+00,-4.281957626342773438e+00
-2.681425809860229492e+00,2.820942737162113190e-02,1.386662864685058594e+01
-2.823132276535034180e+00,-1.277846908569335938e+01,-9.013891220092773438e+00
6.863901138305664062e+00,4.643132209777832031e+00,4.701607704162597656e+00
1.563713169097900391e+01,1.313515377044677734e+01,-4.747090816497802734e+00
1.483766651153564453e+01,-8.439002037048339844e+00,-5.922173976898193359e+00
2.770943641662597656e+00,6.377580165863037109e+00,2.721140861511230469e+00
-9.751479148864746094e+00,1.378741645812988281e+01,2.336079835891723633e+00
2.771091699600219727e+00,6.377480030059814453e+00,2.721014499664306641e+00
1.544010066986083984e+01,1.293194293975830078e+01,-4.791405200958251953e+00
1.966047859191894531e+01,2.578352212905883789e+00,-1.444201278686523438e+01
3.216595411300659180e+00,-3.079433202743530273e+00,-8.956671714782714844e+00
1.017500591278076172e+01,-1.367326831817626953e+01,-4.202445030212402344e+00
2.178727340698242188e+01,-4.065392971038818359e+00,-1.082244515419006348e+00
-6.355275630950927734e+00,-6.854828834533691406e+00,2.890690088272094727e+00
2.178696823120117188e+01,-4.066102504730224609e+00,-1.081755399703979492e+00
1.017522621154785156e+01,-1.367288398742675781e+01,-4.202213287353515625e+00
4.306470394134521484e+00,6.409267425537109375e+00,-1.781948471069335938e+01
1.965993118286132812e+01,2.578519105911254883e+00,-1.444202613830566406e+01
2.793317794799804688e+00,-9.140948295593261719e+00,-1.535063552856445312e+01
5.533103466033935547e+00,-5.308690071105957031e+00,-1.694445419311523438e+01
-1.201519107818603516e+01,5.060859918594360352e-01,1.043284988403320312e+01
1.640640830993652344e+01,-6.586048126220703125e+00,1.172535514831542969e+01
-7.038139104843139648e-01,9.216471672058105469e+00,3.976119756698608398e+00
-9.679357528686523438e+00,1.384409141540527344e+01,2.509630680084228516e+00
-1.447372734546661377e-01,-1.283534717559814453e+01,1.383400249481201172e+01
-2.739588022232055664e+00,-1.052432134747505188e-01,1.460905361175537109e+01
-6.122419357299804688e+00,1.395885086059570312e+01,-1.475743007659912109e+01
-9.284674376249313354e-02,1.751760864257812500e+01,1.259085559844970703e+01
-2.581558704376220703e+00,1.179766934365034103e-02,1.427639770507812500e+01
-9.190987050533294678e-02,1.751079177856445312e+01,1.259203147888183594e+01
4.298792839050292969e+00,6.416854381561279297e+00,-1.779662513732910156e+01
4.224764823913574219e+00,6.344550132751464844e+00,-1.773832893371582031e+01
4.434602737426757812e+00,-1.511200809478759766e+01,7.976000308990478516e+00
-1.339386844635009766e+01,4.397495746612548828e+00,1.964146614074707031e+00
1.408849716186523438e+01,-2.165421485900878906e+00,1.471334743499755859e+01
-7.154518365859985352e-01,1.072649765014648438e+01,1.764588737487792969e+01
-2.758880615234375000e+00,-7.733779907226562500e+00,9.367910385131835938e+00
-1.372836589813232422e+00,-6.084612369537353516e+00,-9.093809127807617188e+00
1.049280643463134766e+01,9.484162330627441406e+00,1.171600055694580078e+01
1.408868503570556641e+01,-2.165604591369628906e+00,1.471361923217773438e+01
-1.752749830484390259e-01,1.744875907897949219e+01,1.245232486724853516e+01
-4.284752368927001953e+00,-1.300401592254638672e+01,-1.407243847846984863e+00
-7.081049919128417969e+00,4.313881397247314453e+00,6.307600975036621094e+00
1.107828617095947266e+01,-3.992053270339965820e+00,-5.450960636138916016e+00
1.546793937683105469e+00,2.330194282531738281e+01,-6.973495483398437500e+00
1.073700046539306641e+01,4.727060794830322266e+00,1.833547019958496094e+01
-9.615182876586914062e+00,-3.364150047302246094e+00,-1.155687427520751953e+01
-5.190377712249755859e+00,-4.416067600250244141e+00,-1.421724128723144531e+01
1.107829666137695312e+01,-3.992017745971679688e+00,-5.450957775115966797e+00
6.536210060119628906e+00,8.708552122116088867e-01,-1.702407455444335938e+01
-1.096909427642822266e+01,2.532664299011230469e+00,-1.594381904602050781e+01
-5.235078811645507812e+00,5.465889930725097656e+00,-1.834589195251464844e+01
-6.741453170776367188e+00,1.926311492919921875e+01,-5.204354286193847656e+00
-1.113748455047607422e+01,-1.184959262609481812e-01,-4.695083141326904297e+00
-8.658194541931152344e+00,-7.095847606658935547e+00,-1.191976547241210938e+00
1.050397300720214844e+01,9.494391441345214844e+00,1.170496273040771484e+01
5.492323398590087891e+00,1.895308136940002441e+00,-4.313302993774414062e+00
-1.522145462036132812e+01,4.096766471862792969e+00,-7.685255050659179688e+00
-1.686781692504882812e+01,1.086625576019287109e+01,-2.894356489181518555e+00
3.218214511871337891e+00,-3.080733299255371094e+00,-8.957872390747070312e+00
1.965832519531250000e+01,2.579576969146728516e+00,-1.444392013549804688e+01
6.737082004547119141e+00,-7.234814643859863281e+00,-6.388974934816360474e-02
1.614388227462768555e+00,2.323493576049804688e+01,-6.939507484436035156e+00
-5.631181597709655762e-01,1.081905841827392578e+01,1.752378463745117188e+01
1.215284538269042969e+01,-6.372251033782958984e+00,1.188852071762084961e+00
-6.056953430175781250e+00,1.399339866638183594e+01,-1.459425640106201172e+01
-4.286841392517089844e+00,-1.300630760192871094e+01,-1.404499888420104980e+00
1.107868480682373047e+01,-3.991506576538085938e+00,-5.451237678527832031e+00
-9.686452865600585938e+00,1.385200595855712891e+01,2.529022455215454102e+00
-9.836412429809570312e+00,1.395029926300048828e+01,2.452268838882446289e+00
5.294155597686767578e+00,-6.173200607299804688e+00,1.468419933319091797e+01
4.019242286682128906e+00,-5.387164115905761719e+00,7.321194171905517578e+00
1.210100269317626953e+01,1.705757904052734375e+01,8.826761841773986816e-01
-1.159147262573242188e+01,5.415755748748779297e+00,1.463283252716064453e+01
1.410519027709960938e+01,1.872697639465332031e+01,7.784216880798339844e+00
4.017969608306884766e+00,-5.388431549072265625e+00,7.319847106933593750e+00
4.889687061309814453e+00,1.578401947021484375e+01,7.190682411193847656e+00
-6.039273262023925781e+00,1.405079078674316406e+01,-1.475062084197998047e+01
1.640680694580078125e+01,-6.586376667022705078e+00,1.172494411468505859e+01
6.348575592041015625e+00,1.119034671783447266e+01,-6.897922515869140625e+00
-2.678367614746093750e+00,2.999373897910118103e-02,1.387907218933105469e+01
2.518211364746093750e+00,1.802256965637207031e+01,1.225923061370849609e+00
2.785885810852050781e+00,5.311299324035644531e+00,6.264089047908782959e-02
4.432637214660644531e+00,-1.511002063751220703e+01,7.978000164031982422e+00
1.979028344154357910e+00,7.091153144836425781e+00,3.667738914489746094e+00
6.525097846984863281e+00,2.898719549179077148e+00,9.123847961425781250e+00
1.462224125862121582e+00,2.339729690551757812e+01,-7.028945446014404297e+00
8.134158134460449219e+00,-1.527210623025894165e-01,1.636367797851562500e+01
9.089193344116210938e+00,8.871069908142089844e+00,2.682544469833374023e+00
2.185002803802490234e+00,7.530026912689208984e+00,-1.309187054634094238e+00
2.183736562728881836e+00,7.539964199066162109e+00,-1.304063081741333008e+00
-5.487126111984252930e-01,7.676338672637939453e+00,2.122426509857177734e+00
-7.246845364570617676e-01,1.072385597229003906e+01,1.765653991699218750e+01
1.554137992858886719e+01,6.244195461273193359e+00,6.111369132995605469e+00
-1.159088993072509766e+01,5.415193557739257812e+00,1.463227367401123047e+01
-1.096745967864990234e+01,2.533427715301513672e+00,-1.594499969482421875e+01
-1.686891365051269531e+01,1.086665344238281250e+01,-2.895212650299072266e+00
-6.064519405364990234e+00,1.398840427398681641e+01,-1.465821170806884766e+01
1.390962696075439453e+01,1.858600616455078125e+01,7.709589481353759766e+00
2.178688049316406250e+01,-4.066179752349853516e+00,-1.081597924232482910e+00
9.781350135803222656e+00,-3.517339468002319336e+00,8.050465583801269531e+00
-3.272619009017944336e+00,1.970235633850097656e+01,2.108729600906372070e+00
-1.180475902557373047e+01,1.059568881988525391e+01,-8.060246467590332031e+00
8.375280380249023438e+00,-1.845726490020751953e+00,1.455264806747436523e+00
8.578423500061035156e+00,1.776574134826660156e+01,-4.166808605194091797e+00
8.593297004699707031e+00,1.835684967041015625e+01,-3.182476282119750977e+00
4.125448226928710938e+00,1.410680484771728516e+01,1.302798628807067871e+00
-7.076882362365722656e+00,4.318820953369140625e+00,6.301090240478515625e+00
-1.522169971466064453e+01,4.096875667572021484e+00,-7.685043811798095703e+00
-4.233977794647216797e+00,2.017691135406494141e+00,-1.000167274475097656e+01
-1.041435822844505310e-01,1.750319480895996094e+01,1.259124565124511719e+01
2.690236330032348633e+00,5.655021667480468750e+00,1.984056282043457031e+01
1.897770309448242188e+01,5.684640407562255859e+00,-2.543109178543090820e+00
1.215216159820556641e+01,-6.371582984924316406e+00,1.188075304031372070e+00
-2.111381888389587402e-01,1.733472061157226562e+01,1.232612133026123047e+01
2.093360519409179688e+01,1.075594902038574219e+01,2.526611089706420898e+00
-1.686878013610839844e+01,1.086641502380371094e+01,-2.894938707351684570e+00
4.887562751770019531e+00,1.578048801422119141e+01,7.191047668457031250e+00
1.403838634490966797e+01,4.324028968811035156e+00,-1.269966316223144531e+01
-3.271557331085205078e+00,1.970279121398925781e+01,2.108212232589721680e+00
1.452401876449584961e+00,2.337397193908691406e+01,-6.936473369598388672e+00
8.432605266571044922e-01,2.086388349533081055e+00,-2.610665261745452881e-01
-3.284894227981567383e+00,1.969020462036132812e+01,2.121001720428466797e+00
-1.994480490684509277e-01,1.737204551696777344e+01,1.237524604797363281e+01
4.423402786254882812e+00,6.538910388946533203e+00,-1.788637924194335938e+01
-6.752446651458740234e+00,1.926926994323730469e+01,-5.222900867462158203e+00
4.301646232604980469e+00,6.429777622222900391e+00,-1.779905891418457031e+01
1.194311261177062988e+00,6.411523818969726562e+00,2.615560293197631836e+00
8.688072204589843750e+00,1.889781379699707031e+01,-3.311330795288085938e+00
9.433231353759765625e+00,1.238219547271728516e+01,-1.154078197479248047e+01
-6.179968833923339844e+00,1.386598968505859375e+01,-1.463047504425048828e+01
-6.060124397277832031e+00,1.400375843048095703e+01,-1.468442153930664062e+01
-5.849470138549804688e+00,1.420273399353027344e+01,-1.489412212371826172e+01
-1.976368904113769531e+00,8.741651535034179688e+00,-3.471524000167846680e+00
3.964366197586059570e+00,-1.231932163238525391e+01,-9.633914947509765625e+00
8.575660705566406250e+00,1.827439117431640625e+01,-3.149056434631347656e+00
-2.511568784713745117e+00,6.097250059247016907e-02,1.428112316131591797e+01
1.545709133148193359e+00,2.331743049621582031e+01,-6.992449760437011719e+00
-7.425092458724975586e-01,6.054375648498535156e+00,1.230936720967292786e-01
3.546584129333496094e+00,4.432914257049560547e+00,-8.530635237693786621e-01
2.298216819763183594e+00,3.680821895599365234e+00,1.545398831367492676e+00
-2.370877504348754883e+00,3.875733315944671631e-01,1.458011817932128906e+01
2.793577194213867188e+00,-9.140553474426269531e+00,-1.535036373138427734e+01
-5.977941036224365234e+00,1.410090065002441406e+01,-1.471262168884277344e+01
-1.073815727233886719e+01,-5.558323860168457031e+00,1.088976573944091797e+01
4.893638610839843750e+00,1.578026676177978516e+01,7.193983554840087891e+00
-5.989987850189208984e+00,1.401112937927246094e+01,-1.444559764862060547e+01
-5.469626188278198242e-01,7.674770355224609375e+00,2.124490261077880859e+00
-5.226800918579101562e+00,1.098373794555664062e+01,-5.185917854309082031e+00
3.008545160293579102e+00,3.069831848144531250e+00,-5.241052150726318359e+00
1.362836647033691406e+01,1.834564971923828125e+01,7.963410854339599609e+00
3.883235454559326172e+00,5.112277030944824219e+00,-2.052911043167114258e+00
1.515023827552795410e+00,2.334166717529296875e+01,-7.030076980590820312e+00
4.888972759246826172e+00,1.578515720367431641e+01,7.189075469970703125e+00
1.898830032348632812e+01,3.702693223953247070e+00,1.294560813903808594e+01
-2.006595879793167114e-01,1.735640144348144531e+01,1.238351631164550781e+01
6.737839698791503906e+00,-7.234038829803466797e+00,-6.462094187736511230e-02
-3.025067746639251709e-01,1.726887893676757812e+01,1.242905807495117188e+01
1.897821426391601562e+01,5.684296131134033203e+00,-2.543335914611816406e+00
-4.361841201782226562e+00,-1.287902641296386719e+01,6.290132522583007812e+00
-2.738604545593261719e+00,-1.040114015340805054e-01,1.460286617279052734e+01
-1.686967658996582031e+01,1.086328792572021484e+01,-2.895720243453979492e+00
-5.951214790344238281e+00,1.404833316802978516e+01,-1.446554756164550781e+01
-2.235573053359985352e+00,6.296969413757324219e+00,-1.766900539398193359e+00
3.896319150924682617e+00,5.134488105773925781e+00,-2.039350271224975586e+00
-1.159183216094970703e+01,5.416150093078613281e+00,1.463322830200195312e+01
1.531475663185119629e+00,2.332289123535156250e+01,-7.013551712036132812e+00
-4.360726833343505859e+00,-1.287965202331542969e+01,6.290059566497802734e+00
-2.683846473693847656e+00,2.678285725414752960e-02,1.386951541900634766e+01
1.898861885070800781e+01,3.702431678771972656e+00,1.294636344909667969e+01
-2.679824590682983398e+00,2.774620056152343750e-02,1.388006496429443359e+01
1.394675445556640625e+01,1.850996017456054688e+01,7.667864322662353516e+00
1.415867996215820312e+01,1.876147270202636719e+01,7.809082031250000000e+00
1.385560607910156250e+01,1.857316589355468750e+01,7.738207817077636719e+00
-1.035776329040527344e+01,-8.521990776062011719e+00,-7.952586650848388672e+00
8.439516067504882812e+00,-1.447986221313476562e+01,1.921569466590881348e+00
-9.454167485237121582e-01,3.594405651092529297e-01,3.195109128952026367e+00
-8.929096162319183350e-02,1.752132606506347656e+01,1.258621501922607422e+01
4.305202484130859375e+00,5.402708530426025391e+00,-4.138639450073242188e+00
1.210176372528076172e+01,1.705690193176269531e+01,8.833423852920532227e-01
-9.493598937988281250e-01,1.241185545921325684e+00,2.249578666687011719e+01
8.469646453857421875e+00,1.786196708679199219e+01,-2.838370561599731445e+00
8.467513084411621094e+00,1.785737991333007812e+01,-2.830080747604370117e+00
9.802596092224121094e+00,-8.850414276123046875e+00,-9.195158004760742188e+00
-8.957343548536300659e-02,1.749741363525390625e+01,1.258734798431396484e+01
2.316788434982299805e+00,6.114620208740234375e+00,-2.431063652038574219e+00
4.018818378448486328e+00,-5.387603282928466797e+00,7.320745944976806641e+00
1.408918285369873047e+01,-2.166131258010864258e+00,1.471408939361572266e+01
-1.181940746307373047e+01,-1.164038848876953125e+01,5.577424049377441406e+00
-1.096752357482910156e+01,2.533495426177978516e+00,-1.594468879699707031e+01
8.439636230468750000e+00,-1.448075675964355469e+01,1.921858906745910645e+00
6.886987209320068359e+00,3.796896934509277344e+00,5.112503051757812500e+00
1.632385015487670898e+00,2.321868515014648438e+01,-6.941519737243652344e+00
-9.002175182104110718e-02,1.749372291564941406e+01,1.258524322509765625e+01
9.781262397766113281e+00,-3.517682075500488281e+00,8.050320625305175781e+00
7.543506622314453125e-01,4.864046096801757812e+00,-1.632270812988281250e-01
4.431871891021728516e+00,-1.510925960540771484e+01,7.978705406188964844e+00
-6.217435002326965332e-01,1.085111618041992188e+01,1.771261787414550781e+01
-6.031964302062988281e+00,1.406884288787841797e+01,-1.479203128814697266e+01
1.007583141326904297e+01,-1.116873168945312500e+01,1.000897502899169922e+01
1.380991458892822266e+01,4.581150531768798828e+00,-1.263217449188232422e+01
2.093331146240234375e+01,1.075571632385253906e+01,2.526418685913085938e+00
2.596881151199340820e+00,5.171063423156738281e+00,-3.294541835784912109e+00
1.386916732788085938e+01,-4.496411323547363281e+00,-1.458446311950683594e+01
-2.452072143554687500e+00,-1.341900788247585297e-03,1.437554550170898438e+01
-4.233202457427978516e+00,2.018561601638793945e+00,-1.000080776214599609e+01
-2.758139371871948242e+00,-7.734550952911376953e+00,9.368707656860351562e+00
-7.142943739891052246e-01,1.071141242980957031e+01,1.760434341430664062e+01
1.362883663177490234e+01,1.834773635864257812e+01,7.960073947906494141e+00
1.899055290222167969e+01,3.704063415527343750e+00,1.294845867156982422e+01
-1.339322948455810547e+01,4.397432327270507812e+00,1.963596343994140625e+00
6.736898899078369141e+00,-7.234852790832519531e+00,-6.357179582118988037e-02
4.301703929901123047e+00,5.410142898559570312e+00,-4.145623683929443359e+00
-7.291026711463928223e-01,1.071794223785400391e+01,1.765602684020996094e+01
1.367819690704345703e+01,4.400659084320068359e+00,-1.268955135345458984e+01
1.374762630462646484e+01,4.455312728881835938e+00,-1.274292755126953125e+01
4.203565120697021484e+00,6.327649593353271484e+00,-1.771931266784667969e+01
-1.073961448669433594e+01,-5.560797691345214844e+00,1.088752937316894531e+01
5.294139862060546875e+00,-6.173602581024169922e+00,1.468420886993408203e+01
3.964510202407836914e+00,-1.231919956207275391e+01,-9.634110450744628906e+00
9.802734375000000000e+00,-8.850493431091308594e+00,-9.195209503173828125e+00
1.209899806976318359e+01,1.705971527099609375e+01,8.805066347122192383e-01
-2.823324441909790039e+00,-1.277828025817871094e+01,-9.013648033142089844e+00
1.375131607055664062e+01,4.468526363372802734e+00,-1.274578762054443359e+01
-1.096759986877441406e+01,2.533016920089721680e+00,-1.594479179382324219e+01
-1.645056128501892090e+00,-1.639590978622436523e+00,-2.980294942855834961e+00
1.375953674316406250e+01,4.468895912170410156e+00,-1.274958801269531250e+01
1.374039077758789062e+01,4.463171005249023438e+00,-1.274620151519775391e+01
1.367076683044433594e+01,4.389911174774169922e+00,-1.269851493835449219e+01
-9.508467912673950195e-01,1.242771983146667480e+00,2.249717330932617188e+01
-1.440249234437942505e-01,-1.283621025085449219e+01,1.383319759368896484e+01
9.088649749755859375e+00,8.078289031982421875e+00,-1.082986545562744141e+01
9.081503868103027344e+00,8.082423210144042969e+00,-1.082293033599853516e+01
-6.719108104705810547e+00,-8.088887214660644531e+00,1.713483810424804688e+01
-4.382859468460083008e-01,7.731247901916503906e+00,2.249089241027832031e+00
-7.881000638008117676e-02,1.751443290710449219e+01,1.260347938537597656e+01
-4.286808013916015625e+00,-1.300606918334960938e+01,-1.404747486114501953e+00
4.099658489227294922e+00,3.187890350818634033e-01,2.461387395858764648e+00
-4.233417987823486328e+00,2.018684387207031250e+00,-1.000068473815917969e+01
1.039439296722412109e+01,9.401981353759765625e+00,1.181529712677001953e+01
-1.096862316131591797e+01,2.531837463378906250e+00,-1.594568729400634766e+01
-1.872176933288574219e+01,2.104349613189697266e+00,-1.266587138175964355e+00
-2.822698354721069336e+00,-1.277888298034667969e+01,-9.014363288879394531e+00
1.899086952209472656e+01,3.703392505645751953e+00,1.294884490966796875e+01
6.735424041748046875e+00,-7.234620571136474609e+00,-6.076813116669654846e-02
6.730809688568115234e+00,4.731321334838867188e+00,4.934643268585205078e+00
-2.461790442466735840e-01,1.733277702331542969e+01,1.237263870239257812e+01
-1.373000502586364746e+00,-6.084484100341796875e+00,-9.093911170959472656e+00
-1.073738574981689453e+01,-5.558501243591308594e+00,1.088969421386718750e+01
-1.479194611310958862e-01,1.751726150512695312e+01,1.236090946197509766e+01
-1.440790444612503052e-01,-1.283648490905761719e+01,1.383306789398193359e+01
-1.201471233367919922e+01,5.065636634826660156e-01,1.043237209320068359e+01
-6.355500698089599609e+00,-6.855152130126953125e+00,2.890374183654785156e+00
1.380957031250000000e+01,4.501451969146728516e+00,-1.275960922241210938e+01
-2.569510459899902344e+00,6.627527624368667603e-02,1.429631614685058594e+01
-2.585705041885375977e+00,1.025664359331130981e-01,1.431052207946777344e+01
-6.719571590423583984e+00,-8.091849327087402344e+00,1.713438796997070312e+01
-2.821854591369628906e+00,-1.277981662750244141e+01,-9.014106750488281250e+00
5.533007621765136719e+00,-5.308493137359619141e+00,-1.694467544555664062e+01
2.062723731994628906e+01,1.231916069984436035e+00,3.817775487899780273e+00
-9.614987373352050781e+00,-3.365688562393188477e+00,-1.155713939666748047e+01
2.178641891479492188e+01,-4.066279411315917969e+00,-1.081020236015319824e+00
-6.054878711700439453e+00,1.402590370178222656e+01,-1.473647308349609375e+01
-5.227955341339111328e+00,1.097989654541015625e+01,-5.189139366149902344e+00
1.897676277160644531e+01,5.682719230651855469e+00,-2.541883230209350586e+00
2.519195795059204102e+00,1.802131080627441406e+01,1.226966381072998047e+00
1.369070053100585938e+01,4.413011550903320312e+00,-1.274977779388427734e+01
4.883475303649902344e+00,1.578940582275390625e+01,7.184010982513427734e+00
-1.201579666137695312e+01,5.055263638496398926e-01,1.043340301513671875e+01
-1.435131281614303589e-01,1.734457206726074219e+01,1.243583965301513672e+01
1.176025748252868652e+00,-1.182316875457763672e+01,9.119251370429992676e-01
1.408834838867187500e+01,-2.165309906005859375e+00,1.471322059631347656e+01
-8.658022880554199219e+00,-7.095703125000000000e+00,-1.191829442977905273e+00
-1.240823936462402344e+01,-2.440705537796020508e+00,4.214019775390625000e+00
-4.232581615447998047e+00,2.017722368240356445e+00,-1.000164890289306641e+01
1.415225124359130859e+01,1.876087760925292969e+01,7.816809177398681641e+00
-5.486391186714172363e-01,7.674011230468750000e+00,2.123369693756103516e+00
-6.002333164215087891e+00,1.401570034027099609e+01,-1.466442871093750000e+01
-4.202489554882049561e-01,1.098573207855224609e+01,1.754319000244140625e+01
-5.909583568572998047e+00,1.413768196105957031e+01,-1.466428089141845703e+01
4.331516265869140625e+00,6.455172538757324219e+00,-1.782395172119140625e+01
3.545464754104614258e+00,4.434091091156005859e+00,-8.542394638061523438e-01
-2.685572147369384766e+00,2.627807483077049255e-02,1.386427497863769531e+01
4.322236537933349609e+00,6.442193508148193359e+00,-1.781943702697753906e+01
1.073831653594970703e+01,4.728320598602294922e+00,1.833407974243164062e+01
-9.615088462829589844e+00,-3.365839481353759766e+00,-1.155707740783691406e+01
1.965895843505859375e+01,2.578116893768310547e+00,-1.444461917877197266e+01
4.890205383300781250e+00,1.578450965881347656e+01,7.189867019653320312e+00
-8.411256074905395508e-01,9.292557716369628906e+00,3.884191274642944336e+00
-2.740005254745483398e+00,-1.054431423544883728e-01,1.460813331604003906e+01
-9.615740776062011719e+00,1.396761322021484375e+01,2.830013751983642578e+00
2.784894704818725586e+00,5.318038463592529297e+00,4.919575527310371399e-02
-5.858808040618896484e+00,1.419407081604003906e+01,-1.488228416442871094e+01
-1.181725025177001953e+01,-1.164230537414550781e+01,5.575350284576416016e+00
2.793324470520019531e+00,-9.140620231628417969e+00,-1.535068225860595703e+01
-1.073789405822753906e+01,-5.559007167816162109e+00,1.088922882080078125e+01
-1.522211551666259766e+01,4.096341609954833984e+00,-7.684634685516357422e+00
1.359512615203857422e+01,1.831531906127929688e+01,7.991289138793945312e+00
-4.287394046783447266e+00,-1.300661373138427734e+01,-1.404211759567260742e+00
2.178704452514648438e+01,-4.067092418670654297e+00,-1.079957485198974609e+00
-6.025128841400146484e+00,1.404289913177490234e+01,-1.461002445220947266e+01
-1.249111294746398926e+00,4.038033485412597656e+00,-2.790349483489990234e+00
-9.494608044624328613e-01,1.241271853446960449e+00,2.249586868286132812e+01
-5.226999759674072266e+00,1.098138427734375000e+01,-5.186068534851074219e+00
-1.180491161346435547e+01,1.059584331512451172e+01,-8.060321807861328125e+00
-1.635605812072753906e+01,7.213974475860595703e+00,8.042238235473632812e+00
1.385169601440429688e+01,1.856573104858398438e+01,7.752276897430419922e+00
2.178704643249511719e+01,-4.068252086639404297e+00,-1.079231739044189453e+00
1.017399501800537109e+01,-1.367191028594970703e+01,-4.203439712524414062e+00
1.899161148071289062e+01,3.702268838882446289e+00,1.295085906982421875e+01
1.017397499084472656e+01,-1.367179107666015625e+01,-4.203431606292724609e+00
2.885549545288085938e+00,-1.012750267982482910e+00,3.313659906387329102e+00
1.897676086425781250e+01,5.682616233825683594e+00,-2.541866302490234375e+00
-1.035770511627197266e+01,-8.522010803222656250e+00,-7.952702522277832031e+00
1.107885551452636719e+01,-3.991282463073730469e+00,-5.451387882232666016e+00
-1.159126281738281250e+01,5.415606975555419922e+00,1.463268852233886719e+01
-7.948824018239974976e-02,1.725378036499023438e+01,1.237086105346679688e+01
5.293522834777832031e+00,-6.173150062561035156e+00,1.468364810943603516e+01
-5.995203495025634766e+00,1.402139282226562500e+01,-1.458510971069335938e+01
-1.438709646463394165e-01,-1.283691692352294922e+01,1.383271121978759766e+01
-5.998095035552978516e+00,1.401066875457763672e+01,-1.445298290252685547e+01
-6.253175735473632812e+00,1.379417324066162109e+01,-1.468300437927246094e+01
3.454948365688323975e-01,4.184027671813964844e+00,1.088487029075622559e+00
-1.486682653427124023e+00,8.512585639953613281e+00,-3.157824993133544922e+00
1.561413288116455078e+01,1.311062049865722656e+01,-4.730891704559326172e+00
8.384737968444824219e+00,-1.851248145103454590e+00,1.459317803382873535e+00
-6.771498680114746094e+00,1.924568176269531250e+01,-5.204672336578369141e+00
2.518478393554687500e+00,1.802318382263183594e+01,1.226466059684753418e+00
-1.784378439188003540e-01,1.741855621337890625e+01,1.245468139648437500e+01
-1.590783447027206421e-01,1.734196281433105469e+01,1.235744953155517578e+01
-6.529511809349060059e-01,4.363122463226318359e+00,7.618023157119750977e-01
-8.382696151733398438e+00,1.032068538665771484e+01,7.109354496002197266e+00
-5.669611692428588867e-01,1.081659126281738281e+01,1.751656532287597656e+01
-4.125976860523223877e-01,1.102182102203369141e+01,1.761261940002441406e+01
1.965850830078125000e+01,2.578665018081665039e+00,-1.444480991363525391e+01
-1.096824932098388672e+01,2.532011270523071289e+00,-1.594529342651367188e+01
1.177126049995422363e+00,-1.182224464416503906e+01,9.112319946289062500e-01
-7.455252110958099365e-02,1.752675056457519531e+01,1.262047195434570312e+01
1.771714591979980469e+01,-3.454834520816802979e-01,-4.593523502349853516e+00
1.073777103424072266e+01,4.728903770446777344e+00,1.833339500427246094e+01
2.794018983840942383e+00,-9.139773368835449219e+00,-1.534993267059326172e+01
-1.797706484794616699e-01,1.740893363952636719e+01,1.248972797393798828e+01
-1.180358123779296875e+01,1.059458255767822266e+01,-8.061647415161132812e+00
2.062727165222167969e+01,1.232081413269042969e+00,3.817810297012329102e+00
-2.360036373138427734e+00,-2.207742214202880859e+00,-1.804439544677734375e+01
1.483749485015869141e+01,-8.437572479248046875e+00,-5.922263622283935547e+00
-5.856153964996337891e+00,1.418740653991699219e+01,-1.487506580352783203e+01
8.133302688598632812e+00,-1.516569107770919800e-01,1.636453437805175781e+01
-6.024411201477050781e+00,1.400209045410156250e+01,-1.466138648986816406e+01
-4.287539005279541016e+00,-1.300667095184326172e+01,-1.404157757759094238e+00
1.386925220489501953e+01,-4.496341228485107422e+00,-1.458442783355712891e+01
-1.201601409912109375e+01,5.053293108940124512e-01,1.043359661102294922e+01
-6.753702163696289062e+00,1.927185821533203125e+01,-5.226472377777099609e+00
-6.532849073410034180e-01,4.363313674926757812e+00,7.619998455047607422e-01
-9.561843872070312500e+00,1.372056007385253906e+01,2.608781099319458008e+00
8.685456275939941406e+00,1.887762832641601562e+01,-3.306222200393676758e+00
1.073798751831054688e+01,4.729441165924072266e+00,1.833339309692382812e+01
-5.858446598052978516e+00,1.419608306884765625e+01,-1.488055229187011719e+01
1.897628593444824219e+01,5.681997776031494141e+00,-2.541316986083984375e+00
1.533075809478759766e+00,2.331963539123535156e+01,-7.012653827667236328e+00
9.433709144592285156e+00,1.238269901275634766e+01,-1.154527759552001953e+01
5.490840911865234375e+00,1.895763397216796875e+00,-4.312103748321533203e+00
1.423609733581542969e+01,1.881617736816406250e+01,7.830784320831298828e+00
8.438056945800781250e+00,-1.448281860351562500e+01,1.920854330062866211e+00
2.601426362991333008e+00,4.467310428619384766e+00,-4.245292186737060547e+00
-4.051050543785095215e-01,1.102747917175292969e+01,1.761762809753417969e+01
-4.090184271335601807e-01,1.099712467193603516e+01,1.754318428039550781e+01
-2.360386133193969727e+00,-2.208143234252929688e+00,-1.804496574401855469e+01
6.536227226257324219e+00,8.709519505500793457e-01,-1.702401924133300781e+01
-8.431050926446914673e-02,1.752526283264160156e+01,1.260710430145263672e+01
-5.226047039031982422e+00,1.098100566864013672e+01,-5.186088085174560547e+00
-6.016007423400878906e+00,1.406601905822753906e+01,-1.478738021850585938e+01
1.007583618164062500e+01,-1.116889953613281250e+01,1.000897121429443359e+01
-9.614779472351074219e+00,-3.365961074829101562e+00,-1.155740833282470703e+01
1.378606128692626953e+01,1.862452507019042969e+01,7.555976390838623047e+00
5.170189857482910156e+00,1.125814533233642578e+01,-1.509511828422546387e+00
-7.080450534820556641e+00,4.314632415771484375e+00,6.306465148925781250e+00
-7.299947738647460938e-02,1.750056457519531250e+01,1.260184001922607422e+01
5.532486438751220703e+00,-5.308936595916748047e+00,-1.694403457641601562e+01
3.964787960052490234e+00,-1.231910324096679688e+01,-9.634095191955566406e+00
1.373515415191650391e+01,4.456059455871582031e+00,-1.275485706329345703e+01
-1.096829795837402344e+01,2.531905889511108398e+00,-1.594508838653564453e+01
-7.068780422210693359e+00,8.379390716552734375e+00,1.187874984741210938e+01
1.017421722412109375e+01,-1.367123031616210938e+01,-4.203216075897216797e+00
-1.240656280517578125e+01,-2.442295789718627930e+00,4.215563297271728516e+00
4.344659328460693359e+00,6.470796108245849609e+00,-1.782818794250488281e+01
-1.629928016662597656e+01,-4.475349903106689453e+00,-2.457364082336425781e+00
-1.073817062377929688e+01,-5.559313297271728516e+00,1.088912391662597656e+01
4.057989597320556641e+00,1.419633007049560547e+01,1.340642571449279785e+00
1.562394618988037109e+01,1.312232398986816406e+01,-4.734555244445800781e+00
-8.539841651916503906e+00,5.589818477630615234e+00,-3.176957368850708008e+00
1.563492870330810547e+01,1.313475322723388672e+01,-4.767363071441650391e+00
-9.814537048339843750e+00,1.392236137390136719e+01,2.445048570632934570e+00
1.383826351165771484e+01,4.630782127380371094e+00,-1.260160064697265625e+01
-7.926646620035171509e-02,1.753081130981445312e+01,1.262628841400146484e+01
-3.277779579162597656e+00,1.969649505615234375e+01,2.114514589309692383e+00
-3.370214104652404785e-01,1.749113464355468750e+01,1.228119277954101562e+01
-2.002549916505813599e-01,1.748909759521484375e+01,1.244071102142333984e+01
-5.234753608703613281e+00,5.465447425842285156e+00,-1.834634017944335938e+01
-1.113726711273193359e+01,-1.180423945188522339e-01,-4.695697307586669922e+00
-6.719328403472900391e+00,-8.091756820678710938e+00,1.713469123840332031e+01
2.690479278564453125e+00,5.654787540435791016e+00,1.984082031250000000e+01
-9.456243515014648438e-01,3.580724596977233887e-01,3.195062398910522461e+00
-9.480160474777221680e-02,-5.842429637908935547e+00,9.723652601242065430e-01
-6.034897327423095703e+00,1.397532176971435547e+01,-1.454715633392333984e+01
-2.759465694427490234e+00,-7.732686996459960938e+00,9.366954803466796875e+00
-1.339374637603759766e+01,4.397997379302978516e+00,1.964221954345703125e+00
1.897664451599121094e+01,5.682209968566894531e+00,-2.541743993759155273e+00
1.017425155639648438e+01,-1.367110157012939453e+01,-4.203181266784667969e+00
-9.463251382112503052e-02,-5.842244148254394531e+00,9.721926450729370117e-01
-4.360889434814453125e+00,-1.287964439392089844e+01,6.290113925933837891e+00
4.300486087799072266e+00,5.404703617095947266e+00,-4.145207881927490234e+00
-1.113684654235839844e+01,-1.176130101084709167e-01,-4.696541309356689453e+00
1.965878677368164062e+01,2.579581499099731445e+00,-1.444462013244628906e+01
-1.181922721862792969e+01,-1.164222049713134766e+01,5.575622081756591797e+00
1.898961067199707031e+01,3.704535007476806641e+00,1.295221233367919922e+01
-1.630045127868652344e+01,-4.476522445678710938e+00,-2.458542346954345703e+00
3.218326330184936523e+00,-3.080801248550415039e+00,-8.957884788513183594e+00
-9.809542655944824219e+00,1.392330360412597656e+01,2.456905364990234375e+00
-9.240531921386718750e-01,5.155819416046142578e+00,7.061914443969726562e+00
4.195446968078613281e+00,6.319747924804687500e+00,-1.771513366699218750e+01
-9.231820106506347656e-01,5.158960342407226562e+00,7.060493946075439453e+00
9.781476020812988281e+00,-3.517950534820556641e+00,8.050501823425292969e+00
-6.037383556365966797e+00,1.400307083129882812e+01,-1.458587551116943359e+01
1.370324993133544922e+01,4.426871776580810547e+00,-1.273811531066894531e+01
-1.872142601013183594e+01,2.103103399276733398e+00,-1.268012881278991699e+00
1.870896339416503906e+01,-7.003841400146484375e+00,4.740989208221435547e+00
-1.686821556091308594e+01,1.086256122589111328e+01,-2.894225358963012695e+00
8.468609809875488281e+00,1.785725593566894531e+01,-2.829733371734619141e+00
-6.721029281616210938e+00,-8.092921257019042969e+00,1.713304901123046875e+01
1.965813827514648438e+01,2.578166723251342773e+00,-1.444514560699462891e+01
-6.512817144393920898e-01,1.077683162689208984e+01,1.760973167419433594e+01
8.591064453125000000e+00,1.832814407348632812e+01,-3.179866075515747070e+00
-5.486301779747009277e-01,1.082756328582763672e+01,1.749667167663574219e+01
9.088351249694824219e+00,8.078407287597656250e+00,-1.082954311370849609e+01
8.688248634338378906e+00,1.889426612854003906e+01,-3.310181856155395508e+00
-5.102935314178466797e+00,3.155408620834350586e+00,1.508828401565551758e+00
1.771742820739746094e+01,-3.457568585872650146e-01,-4.593792915344238281e+00
4.305581092834472656e+00,5.402176856994628906e+00,-4.137448787689208984e+00
1.423653888702392578e+01,1.881632614135742188e+01,7.830098152160644531e+00
-1.181957244873046875e+01,-1.164181137084960938e+01,5.576167583465576172e+00
1.771588516235351562e+01,-3.442175090312957764e-01,-4.592219352722167969e+00
5.413425445556640625e+00,6.256855010986328125e+00,-2.227081298828125000e+00
-3.277321815490722656e+00,1.969786834716796875e+01,2.113390207290649414e+00
1.401759243011474609e+01,4.299397945404052734e+00,-1.269261837005615234e+01
-1.073179054260253906e+01,-5.554827213287353516e+00,1.088421821594238281e+01
1.377798271179199219e+01,4.488460063934326172e+00,-1.275516223907470703e+01
-3.361774682998657227e-01,1.749290275573730469e+01,1.227612400054931641e+01
5.533616065979003906e+00,-5.307723522186279297e+00,-1.694548988342285156e+01
1.898976325988769531e+01,3.704430580139160156e+00,1.295197486877441406e+01
1.373511409759521484e+01,4.467825889587402344e+00,-1.272587776184082031e+01
4.304455280303955078e+00,5.401321887969970703e+00,-4.136522769927978516e+00
4.892264842987060547e+00,1.578231906890869141e+01,7.191947460174560547e+00
1.529696655273437500e+01,-1.165267467498779297e+01,5.955739498138427734e+00
-5.235036849975585938e+00,5.465537071228027344e+00,-1.834626007080078125e+01
7.133685588836669922e+00,5.542077064514160156e+00,5.130358219146728516e+00
-5.921571731567382812e+00,1.414792919158935547e+01,-1.486305904388427734e+01
3.218422889709472656e+00,-3.080754995346069336e+00,-8.957778930664062500e+00
1.965831184387207031e+01,2.578133344650268555e+00,-1.444542312622070312e+01
-4.288429737091064453e+00,-1.300725173950195312e+01,-1.403536558151245117e+00
-3.252280712127685547e+00,1.972274017333984375e+01,2.088405847549438477e+00
-6.160403251647949219e+00,1.388393115997314453e+01,-1.469406986236572266e+01
8.505735397338867188e-01,2.094355821609497070e+00,-2.662695348262786865e-01
8.133766174316406250e+00,-1.518647372722625732e-01,1.636397552490234375e+01
2.062735176086425781e+01,1.232276201248168945e+00,3.817856550216674805e+00
8.470668792724609375e+00,1.786261177062988281e+01,-2.838891029357910156e+00
5.837780952453613281e+00,2.056458592414855957e-01,-1.617668509483337402e+00
5.173149108886718750e+00,1.125518989562988281e+01,-1.507723569869995117e+00
2.108067893981933594e+01,8.057102203369140625e+00,8.826040267944335938e+00
-1.069697812199592590e-01,1.750052833557128906e+01,1.260294532775878906e+01
-7.078208446502685547e+00,4.316759109497070312e+00,6.304359436035156250e+00
-6.720897674560546875e+00,-8.092785835266113281e+00,1.713329696655273438e+01
-6.552386879920959473e-01,1.077290248870849609e+01,1.761081314086914062e+01
5.171186923980712891e+00,1.125756740570068359e+01,-1.511361598968505859e+00
-5.103118419647216797e+00,3.155544996261596680e+00,1.508967638015747070e+00
-7.080383300781250000e+00,4.314689159393310547e+00,6.306368827819824219e+00
3.573201894760131836e-01,-7.936148643493652344e+00,-4.476031303405761719e+00
-5.186661243438720703e+00,-4.420163154602050781e+00,-1.421314048767089844e+01
-1.208888664841651917e-01,1.739748001098632812e+01,1.229924678802490234e+01
-3.321262836456298828e+00,1.965402984619140625e+01,2.157343149185180664e+00
1.462494730949401855e+00,2.336545944213867188e+01,-6.927397251129150391e+00
3.590675890445709229e-01,-7.934412479400634766e+00,-4.477774620056152344e+00
-1.872121810913085938e+01,2.103317260742187500e+00,-1.267890810966491699e+00
-1.035575485229492188e+01,-8.519968986511230469e+00,-7.954922676086425781e+00
-1.965431869029998779e-01,1.744573974609375000e+01,1.243143939971923828e+01
-7.133491039276123047e-01,1.072742271423339844e+01,1.764352226257324219e+01
-7.089671492576599121e-01,1.073238372802734375e+01,1.764664649963378906e+01
-1.522332477569580078e+01,4.096949577331542969e+00,-7.683510780334472656e+00
6.735527038574218750e+00,-7.234557628631591797e+00,-6.090441718697547913e-02
-9.790881156921386719e+00,1.394016361236572266e+01,2.490440845489501953e+00
-6.350249797105789185e-02,1.722104835510253906e+01,1.234645271301269531e+01
3.217648267745971680e+00,-3.081612110137939453e+00,-8.958608627319335938e+00
-5.228092193603515625e+00,1.098512649536132812e+01,-5.185946464538574219e+00
-6.719585418701171875e+00,-8.094169616699218750e+00,1.713487815856933594e+01
2.515965461730957031e+00,1.802259254455566406e+01,1.225863456726074219e+00
-2.362361192703247070e+00,-2.208521127700805664e+00,-1.804063796997070312e+01
-6.177731037139892578e+00,1.385995769500732422e+01,-1.465552616119384766e+01
-9.476138353347778320e-01,1.239192366600036621e+00,2.249471855163574219e+01
-5.234921932220458984e+00,5.465307712554931641e+00,-1.834649658203125000e+01
1.374747085571289062e+01,1.865392684936523438e+01,7.438532829284667969e+00
-1.201677989959716797e+01,5.046316385269165039e-01,1.043427753448486328e+01
8.132773399353027344e+00,-1.506591141223907471e-01,1.636490440368652344e+01
-6.027823925018310547e+00,1.407428169250488281e+01,-1.479558849334716797e+01
-1.326807737350463867e+00,4.231882572174072266e+00,-2.877052068710327148e+00
2.518455266952514648e+00,1.802289199829101562e+01,1.226384282112121582e+00
2.205497550964355469e+01,9.101148605346679688e+00,-7.183647632598876953e+00
7.980415225028991699e-01,2.320232152938842773e+00,-1.232949420809745789e-01
1.564077568054199219e+01,1.313969039916992188e+01,-4.758953571319580078e+00
1.528054594993591309e+00,2.332406425476074219e+01,-7.002714633941650391e+00
-6.749278545379638672e+00,1.927313423156738281e+01,-5.228059291839599609e+00
4.187090396881103516e+00,6.311377525329589844e+00,-1.770722389221191406e+01
3.217745304107666016e+00,-3.081475973129272461e+00,-8.958404541015625000e+00
4.415822505950927734e+00,6.532143592834472656e+00,-1.788785934448242188e+01
-8.655347824096679688e+00,-7.093164920806884766e+00,-1.189326286315917969e+00
-5.188553810119628906e+00,-4.418121814727783203e+00,-1.421529388427734375e+01
-2.681847572326660156e+00,2.838993631303310394e-02,1.387901115417480469e+01
-8.383381843566894531e+00,1.032150268554687500e+01,7.109682559967041016e+00
1.554074287414550781e+01,6.243560314178466797e+00,6.111177921295166016e+00
1.640682792663574219e+01,-6.586532115936279297e+00,1.172493457794189453e+01
-2.363632202148437500e+00,-2.209843397140502930e+00,-1.804179763793945312e+01
6.096695899963378906e+00,1.008227252960205078e+01,-1.523988723754882812e+00
-6.719808578491210938e+00,-8.093709945678710938e+00,1.713458442687988281e+01
1.545302581787109375e+01,1.294603252410888672e+01,-4.795760154724121094e+00
1.408840942382812500e+01,-2.165426015853881836e+00,1.471329402923583984e+01
-1.096832370758056641e+01,2.531765222549438477e+00,-1.594495773315429688e+01
-1.562982499599456787e-01,1.750643157958984375e+01,1.238847255706787109e+01
-1.073670101165771484e+01,-5.558651447296142578e+00,1.088821792602539062e+01
-1.240707302093505859e+01,-2.442029953002929688e+00,4.215032100677490234e+00
8.689579010009765625e+00,1.889539909362792969e+01,-3.311844587326049805e+00
6.279774188995361328e+00,4.666600227355957031e+00,6.321558475494384766e+00
1.538243889808654785e+00,2.331593894958496094e+01,-7.022406578063964844e+00
-9.808101654052734375e+00,1.392249488830566406e+01,2.460863590240478516e+00
-6.739973545074462891e+00,1.927428245544433594e+01,-5.217512130737304688e+00
-8.537402153015136719e+00,5.591942787170410156e+00,-3.174527645111083984e+00
8.468689918518066406e+00,1.786372947692871094e+01,-2.840096712112426758e+00
-9.628284454345703125e+00,1.395022296905517578e+01,2.781774520874023438e+00
-9.747990608215332031e+00,1.379325962066650391e+01,2.346877336502075195e+00
1.507156968116760254e+00,2.334442520141601562e+01,-7.023262023925781250e+00
-9.684251785278320312e+00,1.379708957672119141e+01,2.498813390731811523e+00
-1.630015945434570312e+01,-4.476222515106201172e+00,-2.458251476287841797e+00
-1.240648460388183594e+01,-2.441700935363769531e+00,4.215594291687011719e+00
-2.757987976074218750e+00,-7.734197616577148438e+00,9.368463516235351562e+00
-1.452339142560958862e-01,-1.283573055267333984e+01,1.383353137969970703e+01
1.408945369720458984e+01,-2.166514873504638672e+00,1.471427631378173828e+01
1.034700012207031250e+01,9.362051963806152344e+00,1.186314201354980469e+01
1.421125221252441406e+01,1.880109977722167969e+01,7.821117401123046875e+00
-1.159221553802490234e+01,5.416522026062011719e+00,1.463362026214599609e+01
2.793019056320190430e+00,-9.140701293945312500e+00,-1.535080337524414062e+01
1.897698593139648438e+01,5.682521343231201172e+00,-2.542243242263793945e+00
2.205446624755859375e+01,9.100654602050781250e+00,-7.184147834777832031e+00
-1.035711765289306641e+01,-8.521234512329101562e+00,-7.955994606018066406e+00
8.437979698181152344e+00,-1.448295307159423828e+01,1.921035170555114746e+00
1.409190940856933594e+01,-2.168949842453002930e+00,1.471647262573242188e+01
-4.231263160705566406e+00,2.016937255859375000e+00,-1.000243568420410156e+01
1.420698547363281250e+01,1.879952430725097656e+01,7.822042942047119141e+00
4.144452571868896484e+00,1.404027652740478516e+01,1.292799830436706543e+00
2.108184242248535156e+01,8.056012153625488281e+00,8.824826240539550781e+00
-4.402987957000732422e+00,-1.002125024795532227e+00,6.256611347198486328e+00
2.296212673187255859e+00,3.680308103561401367e+00,1.543769478797912598e+00
1.409187984466552734e+01,-2.168940305709838867e+00,1.471646213531494141e+01
8.476568460464477539e-01,6.254929065704345703e+00,1.879525184631347656e+00
1.899020385742187500e+01,3.705471277236938477e+00,1.295037841796875000e+01
-9.944580495357513428e-02,-5.847018718719482422e+00,9.770419001579284668e-01
4.216794490814208984e+00,6.336949348449707031e+00,-1.773393058776855469e+01
-1.113700199127197266e+01,-1.194876432418823242e-01,-4.697164058685302734e+00
8.439342498779296875e+00,-1.448171329498291016e+01,1.922241330146789551e+00
4.437724113464355469e+00,6.550829410552978516e+00,-1.790019607543945312e+01
5.293962478637695312e+00,-6.173570632934570312e+00,1.468405723571777344e+01
-2.364976406097412109e+00,-2.211226463317871094e+00,-1.804284858703613281e+01
-9.475777745246887207e-01,1.239517688751220703e+00,2.249464416503906250e+01
7.146520614624023438e+00,9.005804061889648438e+00,-7.636544108390808105e-01
-7.067877769470214844e+00,8.378420829772949219e+00,1.187950611114501953e+01
1.607199907302856445e+00,7.563966274261474609e+00,4.535620212554931641e+00
-8.201333284378051758e-01,9.278519630432128906e+00,3.903142929077148438e+00
6.347268581390380859e+00,1.119296073913574219e+01,-6.900557041168212891e+00
-7.291084527969360352e-01,9.346401214599609375e+00,4.015234470367431641e+00
1.483884525299072266e+01,-8.438082695007324219e+00,-5.921829700469970703e+00
-8.142028003931045532e-02,1.724741363525390625e+01,1.234730625152587891e+01
5.404032230377197266e+00,6.250835895538330078e+00,-2.217926740646362305e+00
4.898309230804443359e+00,1.577616119384765625e+01,7.198948860168457031e+00
7.261748909950256348e-01,1.243137836456298828e+01,-2.367436885833740234e+00
2.205522537231445312e+01,9.101476669311523438e+00,-7.183329582214355469e+00
-9.480820894241333008e-01,1.240083217620849609e+00,2.249510192871093750e+01
4.327411651611328125e+00,6.465021133422851562e+00,-1.779893302917480469e+01
4.443469047546386719e+00,6.559179782867431641e+00,-1.790196990966796875e+01
4.322488784790039062e+00,6.438892364501953125e+00,-1.781957054138183594e+01
-9.487863779067993164e-01,1.240908980369567871e+00,2.249570274353027344e+01
-1.073679256439208984e+01,-5.558930397033691406e+00,1.088858413696289062e+01
-1.635657691955566406e+01,7.214505672454833984e+00,8.042763710021972656e+00
1.965755653381347656e+01,2.578525066375732422e+00,-1.444608306884765625e+01
-9.492750167846679688e-01,1.241504549980163574e+00,2.249609184265136719e+01
1.073715496063232422e+01,4.728446960449218750e+00,1.833423995971679688e+01
6.536214351654052734e+00,8.710960149765014648e-01,-1.702388763427734375e+01
1.409181594848632812e+01,-2.168899536132812500e+00,1.471644878387451172e+01
3.589564859867095947e-01,-7.934535980224609375e+00,-4.477653026580810547e+00
-9.614853858947753906e+00,-3.365816593170166016e+00,-1.155737400054931641e+01
-8.020374178886413574e-02,1.753638267517089844e+01,1.262500000000000000e+01
2.687144994735717773e+00,5.658110141754150391e+00,1.983747863769531250e+01
-1.240626525878906250e+01,-2.441655874252319336e+00,4.215768814086914062e+00
6.535567283630371094e+00,8.720099925994873047e-01,-1.702591323852539062e+01
1.107947635650634766e+01,-3.991108894348144531e+00,-5.451980590820312500e+00
1.073762130737304688e+01,4.728934288024902344e+00,1.833377265930175781e+01
2.108105468750000000e+01,8.056838035583496094e+00,8.825655937194824219e+00
-2.363714218139648438e+00,-2.210009813308715820e+00,-1.804193115234375000e+01
2.205451393127441406e+01,9.100847244262695312e+00,-7.183842658996582031e+00
-6.473076343536376953e-01,4.381936550140380859e+00,7.525284290313720703e-01
-2.579018354415893555e+00,2.638703770935535431e-02,1.426885890960693359e+01
4.432780265808105469e+00,-1.511019420623779297e+01,7.977777004241943359e+00
2.108180999755859375e+01,8.055804252624511719e+00,8.825254440307617188e+00
1.107856655120849609e+01,-3.991913318634033203e+00,-5.451045989990234375e+00
-2.759273290634155273e+00,-7.732913017272949219e+00,9.367168426513671875e+00
2.062836265563964844e+01,1.231734395027160645e+00,3.817078590393066406e+00
5.172207355499267578e+00,1.125596714019775391e+01,-1.509503006935119629e+00
1.017515563964843750e+01,-1.367018032073974609e+01,-4.202271461486816406e+00
4.019558429718017578e+00,-5.386876583099365234e+00,7.321496963500976562e+00
-5.913859844207763672e+00,1.416012382507324219e+01,-1.487159156799316406e+01
1.385243511199951172e+01,4.531287670135498047e+00,-1.276254272460937500e+01
-6.510078907012939453e-01,4.375710487365722656e+00,7.541050910949707031e-01
2.945932388305664062e+00,3.147064924240112305e+00,-5.128208160400390625e+00
1.374208927154541016e+01,1.865022468566894531e+01,7.429288864135742188e+00
2.601043939590454102e+00,4.466093540191650391e+00,-4.245782375335693359e+00
-1.629993057250976562e+01,-4.476021766662597656e+00,-2.458027124404907227e+00
5.250411033630371094e-01,1.301098060607910156e+01,2.569624423980712891e+00
-6.017402172088623047e+00,1.408590793609619141e+01,-1.481516456604003906e+01
1.385061645507812500e+01,1.856441307067871094e+01,7.754924297332763672e+00
-1.267361640930175781e+00,3.957745552062988281e+00,-2.798862457275390625e+00
-2.234793186187744141e+00,6.295838832855224609e+00,-1.769494652748107910e+00
4.347152233123779297e+00,6.475584506988525391e+00,-1.783095550537109375e+01
-8.538990974426269531e+00,5.590416908264160156e+00,-3.176078557968139648e+00
7.257727384567260742e-01,1.243095493316650391e+01,-2.367174625396728516e+00
4.288084506988525391e+00,6.414747714996337891e+00,-1.775751113891601562e+01
1.073913764953613281e+01,4.730453968048095703e+00,1.833173561096191406e+01
-4.360930442810058594e+00,-1.287923240661621094e+01,6.291097640991210938e+00
1.546892261505126953e+01,1.295638084411621094e+01,-4.773646831512451172e+00
-9.475483894348144531e-01,1.239845871925354004e+00,2.249434852600097656e+01
-1.455204337835311890e-01,-1.283566284179687500e+01,1.383388137817382812e+01
8.468780517578125000e+00,1.785544776916503906e+01,-2.835582017898559570e+00
-5.234992980957031250e+00,5.465268135070800781e+00,-1.834653663635253906e+01
-2.364932060241699219e+00,-2.211272954940795898e+00,-1.804109573364257812e+01
8.578909873962402344e+00,1.776498985290527344e+01,-4.171158313751220703e+00
1.897662925720214844e+01,5.682405948638916016e+00,-2.541801691055297852e+00
-6.041697978973388672e+00,1.397940349578857422e+01,-1.459550285339355469e+01
-1.202928662300109863e+00,3.225050210952758789e+00,1.958790659904479980e+00
9.434356689453125000e+00,1.238334655761718750e+01,-1.154384231567382812e+01
-6.048887729644775391e+00,1.399507045745849609e+01,-1.455767154693603516e+01
8.132514953613281250e+00,-1.504156142473220825e-01,1.636494064331054688e+01
-1.201609134674072266e+01,5.050431489944458008e-01,1.043377208709716797e+01
2.589160203933715820e+00,5.159867763519287109e+00,-3.308013916015625000e+00
-5.856064796447753906e+00,1.417269802093505859e+01,-1.487377643585205078e+01
-5.104373931884765625e+00,3.155398607254028320e+00,1.509113073348999023e+00
1.367581176757812500e+01,4.400289535522460938e+00,-1.269163227081298828e+01
-9.345737099647521973e-01,5.170372486114501953e+00,7.068636894226074219e+00
1.381444454193115234e+01,4.573656082153320312e+00,-1.263191795349121094e+01
-1.783092468976974487e-01,1.742482948303222656e+01,1.243694210052490234e+01
1.557066440582275391e+01,1.306693935394287109e+01,-4.710925102233886719e+00
-2.821877956390380859e+00,-1.277979469299316406e+01,-9.014096260070800781e+00
-4.360760688781738281e+00,-1.287963294982910156e+01,6.291296958923339844e+00
-4.149027764797210693e-01,1.099751758575439453e+01,1.756887435913085938e+01
1.771752357482910156e+01,-3.458462059497833252e-01,-4.593821525573730469e+00
2.793629646301269531e+00,-9.139933586120605469e+00,-1.535022449493408203e+01
1.359375000000000000e+01,1.831690597534179688e+01,7.987531185150146484e+00
1.640710449218750000e+01,-6.586707115173339844e+00,1.172465991973876953e+01
1.073803329467773438e+01,4.729645252227783203e+00,1.833269309997558594e+01
-6.719668388366699219e+00,-8.093570709228515625e+00,1.713479042053222656e+01
7.393740177154541016e+00,7.241661071777343750e+00,8.517475128173828125e+00
-7.213315367698669434e-01,1.072775363922119141e+01,1.765949821472167969e+01
3.006088256835937500e+00,3.072300195693969727e+00,-5.239005088806152344e+00
6.576041698455810547e+00,4.734860897064208984e+00,5.562130451202392578e+00
-4.750584661960601807e-01,1.093535327911376953e+01,1.779044151306152344e+01
1.044009590148925781e+01,9.438322067260742188e+00,1.175470542907714844e+01
1.523485779762268066e+00,2.332558822631835938e+01,-6.983655452728271484e+00
3.964851140975952148e+00,-1.231869602203369141e+01,-9.634465217590332031e+00
1.073860263824462891e+01,4.730059146881103516e+00,1.833161926269531250e+01
6.159083366394042969e+00,5.909795284271240234e+00,5.380889892578125000e+00
-2.820817470550537109e+00,-1.278086185455322266e+01,-9.015199661254882812e+00
-6.719162464141845703e+00,-8.093886375427246094e+00,1.713544082641601562e+01
1.870889854431152344e+01,-7.003625392913818359e+00,4.740895748138427734e+00
6.570274829864501953e+00,4.724629878997802734e+00,5.564781188964843750e+00
9.090031623840332031e+00,8.870064735412597656e+00,2.682735443115234375e+00
-1.373023033142089844e+00,-6.084451675415039062e+00,-9.093873023986816406e+00
1.034692001342773438e+01,9.361232757568359375e+00,1.186304759979248047e+01
8.621753454208374023e-01,3.346136808395385742e+00,-1.004993796348571777e+00
-5.975937843322753906e+00,1.399404811859130859e+01,-1.443192100524902344e+01
1.415332221984863281e+01,1.875195121765136719e+01,7.792382240295410156e+00
2.205460548400878906e+01,9.100978851318359375e+00,-7.183711528778076172e+00
-1.488629102706909180e+00,8.512247085571289062e+00,-3.159393072128295898e+00
3.603575527667999268e-01,-7.933145523071289062e+00,-4.479038238525390625e+00
-8.393818885087966919e-02,1.722156906127929688e+01,1.236739063262939453e+01
1.403167819976806641e+01,4.326594829559326172e+00,-1.270501136779785156e+01
-3.472096920013427734e-01,1.749285888671875000e+01,1.228094577789306641e+01
1.541414141654968262e+00,2.331113243103027344e+01,-7.010493755340576172e+00
-5.900942325592041016e+00,1.415063190460205078e+01,-1.487338066101074219e+01
-2.760690927505493164e+00,-7.731306076049804688e+00,9.365491867065429688e+00
-1.180366802215576172e+01,1.059468173980712891e+01,-8.061583518981933594e+00
-7.205224782228469849e-02,1.752979278564453125e+01,1.263527870178222656e+01
-4.232186317443847656e+00,2.017985582351684570e+00,-1.000138664245605469e+01
-1.872149085998535156e+01,2.104003906250000000e+00,-1.267273426055908203e+00
-1.339433765411376953e+01,4.399207592010498047e+00,1.962679862976074219e+00
-1.257317066192626953e+00,3.906515836715698242e+00,-2.785169601440429688e+00
8.579340934753417969e+00,1.776345062255859375e+01,-4.173238754272460938e+00
-1.240625286102294922e+01,-2.442916870117187500e+00,4.215748786926269531e+00
1.215065383911132812e+01,-6.372372150421142578e+00,1.189573884010314941e+00
-2.734682083129882812e+00,-9.994591027498245239e-02,1.459882354736328125e+01
-2.591519117355346680e+00,9.531443566083908081e-02,1.429744243621826172e+01
-1.096846199035644531e+01,2.531710863113403320e+00,-1.594471931457519531e+01
-2.627891063690185547e+00,1.063735634088516235e-01,1.433143806457519531e+01
1.870928382873535156e+01,-7.002704620361328125e+00,4.741372585296630859e+00
4.085903644561767578e+00,3.042621314525604248e-01,2.475548744201660156e+00
9.053325653076171875e+00,8.275929450988769531e+00,-1.058001804351806641e+01
1.554017162322998047e+01,6.242980957031250000e+00,6.110760211944580078e+00
1.388897609710693359e+01,1.855638122558593750e+01,7.704854965209960938e+00
-7.069140911102294922e+00,8.379720687866210938e+00,1.187847995758056641e+01
-2.397595405578613281e+00,3.480263352394104004e-01,1.454528427124023438e+01
-1.644928336143493652e+00,-1.639461517333984375e+00,-2.980168819427490234e+00
-1.254332512617111206e-01,1.738029861450195312e+01,1.244782543182373047e+01
5.802929878234863281e+00,9.737160682678222656e+00,-5.537816047668457031e+00
1.043861389160156250e+01,9.438541412353515625e+00,1.175916767120361328e+01
6.865026473999023438e+00,4.643280982971191406e+00,4.699998855590820312e+00
8.576865196228027344e+00,1.776229667663574219e+01,-4.174052715301513672e+00
6.165153026580810547e+00,5.906356334686279297e+00,5.376675128936767578e+00
7.259302735328674316e-01,1.243075656890869141e+01,-2.367317438125610352e+00
-9.672641754150390625e+00,1.379351806640625000e+01,2.520719528198242188e+00
6.537408828735351562e+00,8.695884943008422852e-01,-1.702694129943847656e+01
8.417743444442749023e-01,2.372555971145629883e+00,-2.019855938851833344e-02
1.556921100616455078e+01,1.308054065704345703e+01,-4.686991691589355469e+00
-1.373705863952636719e+00,-6.085107803344726562e+00,-9.094945907592773438e+00
-1.201676368713378906e+01,5.043977499008178711e-01,1.043441772460937500e+01
1.516626071929931641e+01,9.736004471778869629e-01,7.787561893463134766e+00
-9.614900588989257812e+00,-3.365630388259887695e+00,-1.155736637115478516e+01
1.564056396484375000e+01,1.314317607879638672e+01,-4.628154754638671875e+00
-9.790907859802246094e+00,1.383207798004150391e+01,2.338209629058837891e+00
-1.372076034545898438e+00,-6.083552837371826172e+00,-9.093276977539062500e+00
-1.579146623611450195e+00,8.477661132812500000e+00,-3.237454652786254883e+00
-1.586173057556152344e+00,8.471670150756835938e+00,-3.244198799133300781e+00
9.802803039550781250e+00,-8.850627899169921875e+00,-9.195413589477539062e+00
-1.339437294006347656e+01,4.399403572082519531e+00,1.962813258171081543e+00
2.108081054687500000e+01,8.056880950927734375e+00,8.826137542724609375e+00
8.445652961730957031e+00,1.786734008789062500e+01,-2.901428699493408203e+00
-8.381805419921875000e+00,1.031991195678710938e+01,7.108131885528564453e+00
-6.266423463821411133e-01,1.084230995178222656e+01,1.771297264099121094e+01
-1.522278785705566406e+01,4.096324443817138672e+00,-7.684083461761474609e+00
-5.188507080078125000e+00,-4.418178081512451172e+00,-1.421523475646972656e+01
-9.811827659606933594e+00,1.391836547851562500e+01,2.440060615539550781e+00
-8.385173797607421875e+00,1.032330799102783203e+01,7.111560821533203125e+00
1.529648971557617188e+01,-1.165230846405029297e+01,5.955947399139404297e+00
-1.629867553710937500e+01,-4.474795818328857422e+00,-2.456771612167358398e+00
4.020788192749023438e+00,-5.385637760162353516e+00,7.322694778442382812e+00
-9.679635047912597656e+00,1.385586643218994141e+01,2.515147924423217773e+00
-6.942217350006103516e-01,1.072287750244140625e+01,1.759762573242187500e+01
2.062877845764160156e+01,1.231471538543701172e+00,3.816754102706909180e+00
8.471567153930664062e+00,1.786436271667480469e+01,-2.843121767044067383e+00
-9.462137818336486816e-01,1.238039970397949219e+00,2.249393653869628906e+01
-2.449434995651245117e+00,2.739414870738983154e-01,1.448095512390136719e+01
-1.455583423376083374e-01,-1.283606433868408203e+01,1.383343696594238281e+01
-2.364746570587158203e+00,-2.211146116256713867e+00,-1.804104804992675781e+01
-9.986086934804916382e-02,-5.847659111022949219e+00,9.779388904571533203e-01
3.607680797576904297e-01,-7.932753562927246094e+00,-4.479444503784179688e+00
-4.392984211444854736e-01,1.100058650970458984e+01,1.762735939025878906e+01
3.598983585834503174e-01,-7.933632373809814453e+00,-4.478591442108154297e+00
-1.686823844909667969e+01,1.086216163635253906e+01,-2.893981456756591797e+00
-5.188596248626708984e+00,-4.418134212493896484e+00,-1.421535205841064453e+01
1.386878299713134766e+01,-4.496205329895019531e+00,-1.458472537994384766e+01
-1.339478302001953125e+01,4.400046348571777344e+00,1.963531255722045898e+00
-2.582526445388793945e+00,7.284409552812576294e-02,1.429905700683593750e+01
-2.672409772872924805e+00,3.525392338633537292e-02,1.392546367645263672e+01
3.965204715728759766e+00,-1.231847476959228516e+01,-9.634622573852539062e+00
1.411843061447143555e+00,2.344567489624023438e+01,-7.015031814575195312e+00
2.062747573852539062e+01,1.229841589927673340e+00,3.818029403686523438e+00
1.551298999786376953e+01,1.303345012664794922e+01,-4.694024085998535156e+00
-4.360861778259277344e+00,-1.287963485717773438e+01,6.291215419769287109e+00
8.469594955444335938e+00,1.785377311706542969e+01,-2.836274147033691406e+00
-4.288572788238525391e+00,-1.300737762451171875e+01,-1.403002500534057617e+00
8.452552556991577148e-01,2.086610317230224609e+00,-2.617093920707702637e-01
5.534271240234375000e+00,-5.307318210601806641e+00,-1.694521141052246094e+01
-6.739730358123779297e+00,1.927401542663574219e+01,-5.217414855957031250e+00
1.214826297760009766e+01,-6.370338439941406250e+00,1.186491131782531738e+00
-2.365067005157470703e+00,-2.211480617523193359e+00,-1.804444313049316406e+01
8.374673843383789062e+00,-1.845564007759094238e+00,1.455274939537048340e+00
1.546334648132324219e+01,1.295237827301025391e+01,-4.781759738922119141e+00
-1.096861553192138672e+01,2.531337738037109375e+00,-1.594481849670410156e+01
1.017336750030517578e+01,-1.367116355895996094e+01,-4.204076290130615234e+00
-5.971881151199340820e-01,1.087824821472167969e+01,1.769485282897949219e+01
-9.614684104919433594e+00,-3.365573644638061523e+00,-1.155767345428466797e+01
-3.311936616897583008e+00,1.966327857971191406e+01,2.148035049438476562e+00
4.884934902191162109e+00,1.578898811340332031e+01,7.183776378631591797e+00
-6.745181083679199219e+00,1.926912117004394531e+01,-5.214255332946777344e+00
1.386897850036621094e+01,-4.496466636657714844e+00,-1.458461093902587891e+01
-6.742724895477294922e+00,1.927226448059082031e+01,-5.219634532928466797e+00
-2.820373058319091797e+00,-1.278129863739013672e+01,-9.015760421752929688e+00
6.347721099853515625e+00,1.119194412231445312e+01,-6.899675846099853516e+00
1.210057830810546875e+01,1.705808830261230469e+01,8.821451663970947266e-01
-9.195615053176879883e-01,5.160990238189697266e+00,7.055301666259765625e+00
1.898723220825195312e+01,3.707704305648803711e+00,1.295088481903076172e+01
7.134296417236328125e+00,5.543167591094970703e+00,5.130985736846923828e+00
9.781081199645996094e+00,-3.515880823135375977e+00,8.049983978271484375e+00
-2.820793867111206055e+00,-1.278087329864501953e+01,-9.015422821044921875e+00
-5.914377689361572266e+00,1.413645839691162109e+01,-1.486252021789550781e+01
-5.769847393035888672e+00,1.391379547119140625e+01,-1.477587604522705078e+01
4.934687316417694092e-01,4.441057682037353516e+00,7.965662479400634766e-01
1.459069013595581055e+00,2.339783859252929688e+01,-7.024721145629882812e+00
-8.381849288940429688e+00,1.031995773315429688e+01,7.108211040496826172e+00
-9.672961235046386719e+00,1.387305831909179688e+01,2.553295612335205078e+00
5.949936389923095703e+00,1.024806976318359375e+01,-1.518017292022705078e+00
1.408762550354003906e+01,4.260439872741699219e+00,-1.266668033599853516e+01
-7.069030761718750000e+00,8.379573822021484375e+00,1.187852096557617188e+01
1.870877838134765625e+01,-7.002931594848632812e+00,4.741163730621337891e+00
-1.635609436035156250e+01,7.214071750640869141e+00,8.042282104492187500e+00
1.107928466796875000e+01,-3.991219282150268555e+00,-5.451820373535156250e+00
-1.635586357116699219e+01,7.213968276977539062e+00,8.042047500610351562e+00
-5.188506126403808594e+00,-4.418255805969238281e+00,-1.421525001525878906e+01
4.330304622650146484e+00,6.449786663055419922e+00,-1.782732582092285156e+01
1.420075321197509766e+01,1.879463005065917969e+01,7.814185619354248047e+00
4.355641841888427734e+00,6.479953289031982422e+00,-1.783703041076660156e+01
1.771768379211425781e+01,-3.459831774234771729e-01,-4.594086647033691406e+00
-9.224130511283874512e-01,5.160165309906005859e+00,7.061678409576416016e+00
2.062776756286621094e+01,1.229291439056396484e+00,3.818003177642822266e+00
-1.522440147399902344e+01,4.094841003417968750e+00,-7.682553291320800781e+00
1.017339611053466797e+01,-1.367071247100830078e+01,-4.203996658325195312e+00
1.547747701406478882e-01,4.557115077972412109e+00,1.235023975372314453e+00
-7.300633192062377930e-02,1.754466629028320312e+01,1.262655353546142578e+01
2.093325042724609375e+01,1.075636577606201172e+01,2.526750326156616211e+00
7.103885650634765625e+00,8.982365608215332031e+00,-7.377054691314697266e-01
1.386922550201416016e+01,-4.496782302856445312e+00,-1.458447265625000000e+01
-2.531275749206542969e+00,-4.116310551762580872e-02,1.417075634002685547e+01
7.253000736236572266e-01,1.243093299865722656e+01,-2.366162538528442383e+00
5.294967174530029297e+00,-6.172997474670410156e+00,1.468469619750976562e+01
1.554344844818115234e+01,1.304047775268554688e+01,-4.686075687408447266e+00
4.434638500213623047e+00,-1.511204719543457031e+01,7.975921154022216797e+00
-2.231481313705444336e+00,3.467214480042457581e-02,1.424457740783691406e+01
-6.078761100769042969e+00,1.395800304412841797e+01,-1.450653934478759766e+01
1.358844184875488281e+01,1.831040954589843750e+01,7.994316577911376953e+00
-6.022843837738037109e+00,1.408628559112548828e+01,-1.482588291168212891e+01
1.017164230346679688e+01,-1.367240524291992188e+01,-4.205739974975585938e+00
-1.180525016784667969e+01,1.059645175933837891e+01,-8.059772491455078125e+00
-1.629607009887695312e+01,-4.472234249114990234e+00,-2.454178094863891602e+00
8.135138511657714844e+00,-1.528671979904174805e-01,1.636191177368164062e+01
6.908220052719116211e-01,3.453119516372680664e+00,-1.143953561782836914e+00
2.178496551513671875e+01,-4.069339752197265625e+00,-1.077430009841918945e+00
1.491556525230407715e+00,2.334973907470703125e+01,-6.973346233367919922e+00
-6.741810321807861328e+00,1.926728439331054688e+01,-5.213379859924316406e+00
-6.750183582305908203e+00,1.927374839782714844e+01,-5.227265834808349609e+00
5.533762454986572266e+00,-5.306959629058837891e+00,-1.694533348083496094e+01
1.543287944793701172e+01,1.292266941070556641e+01,-4.807545185089111328e+00
-1.686940383911132812e+01,1.086219310760498047e+01,-2.894918680191040039e+00
1.366862583160400391e+01,4.390506267547607422e+00,-1.269498157501220703e+01
2.093308639526367188e+01,1.075620365142822266e+01,2.526424407958984375e+00
8.132102012634277344e+00,-1.498877108097076416e-01,1.636498641967773438e+01
1.640601730346679688e+01,-6.585874080657958984e+00,1.172573852539062500e+01
2.178489494323730469e+01,-4.069860935211181641e+00,-1.076490879058837891e+00
-5.235999584197998047e+00,5.466079711914062500e+00,-1.834545135498046875e+01
-4.232007503509521484e+00,2.017381429672241211e+00,-1.000200080871582031e+01
2.093365478515625000e+01,1.075586318969726562e+01,2.526779651641845703e+00
1.215082550048828125e+01,-6.371259689331054688e+00,1.187150597572326660e+00
-4.402528285980224609e+00,-1.001662373542785645e+00,6.256837368011474609e+00
-2.566030025482177734e+00,7.866032421588897705e-02,1.429966259002685547e+01
2.330214500427246094e+00,6.101391792297363281e+00,-2.418991327285766602e+00
-3.844185769557952881e-01,1.103197956085205078e+01,1.757008743286132812e+01
-1.459172815084457397e-01,-1.283589553833007812e+01,1.383361339569091797e+01
-1.181938648223876953e+01,-1.164193534851074219e+01,5.576228141784667969e+00
1.373723411560058594e+01,1.862344551086425781e+01,7.466988086700439453e+00
5.295579433441162109e+00,-6.172142982482910156e+00,1.468553543090820312e+01
8.132184982299804688e+00,-1.498689949512481689e-01,1.636480331420898438e+01
1.771768379211425781e+01,-3.459600210189819336e-01,-4.594065666198730469e+00
1.483979225158691406e+01,-8.437345504760742188e+00,-5.921010971069335938e+00
8.132752418518066406e+00,-1.502857804298400879e-01,1.636402702331542969e+01
1.871038627624511719e+01,-7.001250743865966797e+00,4.739438056945800781e+00
-9.642945289611816406e+00,1.376901912689208984e+01,2.534106492996215820e+00
1.640603065490722656e+01,-6.586147308349609375e+00,1.172573089599609375e+01
-1.522431850433349609e+01,4.094387531280517578e+00,-7.682456493377685547e+00
-4.287579059600830078e+00,-1.300633430480957031e+01,-1.402292966842651367e+00
1.375915527343750000e+01,1.865912628173828125e+01,7.432039737701416016e+00
-4.287951946258544922e+00,-1.300761604309082031e+01,-1.400956749916076660e+00
-1.687065124511718750e+01,1.086328983306884766e+01,-2.896185159683227539e+00
8.438981056213378906e+00,-1.448223114013671875e+01,1.922318935394287109e+00
-5.235984325408935547e+00,5.465855121612548828e+00,-1.834569168090820312e+01
-2.341812849044799805e+00,5.395812168717384338e-02,1.426289081573486328e+01
-5.873769283294677734e+00,1.390450859069824219e+01,-1.470852947235107422e+01
3.218151330947875977e+00,-3.082432985305786133e+00,-8.959239959716796875e+00
6.536961078643798828e+00,8.701859712600708008e-01,-1.702702713012695312e+01
-1.377258539199829102e+00,-6.088472843170166016e+00,-9.098298072814941406e+00
-6.134853363037109375e-01,1.085285091400146484e+01,1.769206428527832031e+01
-5.484269857406616211e-01,7.673964977264404297e+00,2.123600721359252930e+00
1.556360912322998047e+01,1.306048297882080078e+01,-4.707238197326660156e+00
2.938848018646240234e+00,3.192696809768676758e+00,-5.107906341552734375e+00
-4.584834575653076172e-01,1.096772098541259766e+01,1.775585746765136719e+01
-6.137545108795166016e-01,1.085148429870605469e+01,1.768036270141601562e+01
-1.240595722198486328e+01,-2.442710399627685547e+00,4.215939998626708984e+00
1.390585613250732422e+01,1.860474586486816406e+01,7.691522598266601562e+00
-1.130317747592926025e-01,1.751633453369140625e+01,1.260005474090576172e+01
-2.760252475738525391e+00,-7.731884479522705078e+00,9.366095542907714844e+00
-9.543046355247497559e-02,-5.843101501464843750e+00,9.730866551399230957e-01
-5.234332084655761719e+00,5.466215133666992188e+00,-1.834535408020019531e+01
-5.234332561492919922e+00,5.465588092803955078e+00,-1.834599685668945312e+01
-1.035838413238525391e+01,-8.522998809814453125e+00,-7.956639289855957031e+00
9.779962539672851562e+00,-3.515102624893188477e+00,8.048831939697265625e+00
1.483935546875000000e+01,-8.436555862426757812e+00,-5.921674728393554688e+00
-1.113634014129638672e+01,-1.186996698379516602e-01,-4.696185111999511719e+00
6.346220970153808594e+00,1.119352817535400391e+01,-6.901289939880371094e+00
-1.182062053680419922e+01,-1.164067649841308594e+01,5.574818134307861328e+00
-9.615036964416503906e+00,-3.365868091583251953e+00,-1.155736923217773438e+01
-1.872115135192871094e+01,2.104038238525390625e+00,-1.267482399940490723e+00
-1.113570213317871094e+01,-1.174453422427177429e-01,-4.694558620452880859e+00
1.554701709747314453e+01,6.249794960021972656e+00,6.115700721740722656e+00
6.865477085113525391e+00,4.641916275024414062e+00,4.698156833648681641e+00
3.396900653839111328e+00,6.599138736724853516e+00,-1.752218961715698242e+00
-2.615629911422729492e+00,6.505145132541656494e-02,1.434702110290527344e+01
-2.685633897781372070e+00,2.675150521099567413e-02,1.386913394927978516e+01
1.771772575378417969e+01,-3.459850251674652100e-01,-4.594078540802001953e+00
-9.473068118095397949e-01,1.239383697509765625e+00,2.249425315856933594e+01
1.547088623046875000e+00,2.330799484252929688e+01,-7.016139984130859375e+00
-2.689996480941772461e+00,-6.573639065027236938e-02,1.452855396270751953e+01
1.210114383697509766e+01,1.705769348144531250e+01,8.825264573097229004e-01
9.429840087890625000e+00,1.237857627868652344e+01,-1.153977775573730469e+01
-8.361381292343139648e-01,9.288474082946777344e+00,3.888831138610839844e+00
-5.610924959182739258e-01,1.082340335845947266e+01,1.751689338684082031e+01
1.387010383605957031e+01,-4.497709274291992188e+00,-1.458348274230957031e+01
4.436814308166503906e+00,-1.511423587799072266e+01,7.973738670349121094e+00
9.432487487792968750e+00,1.238146591186523438e+01,-1.154664039611816406e+01
9.050683975219726562e+00,8.117948532104492188e+00,-1.077839946746826172e+01
-6.847307205200195312e+00,1.918832206726074219e+01,-5.122122287750244141e+00
1.529657077789306641e+01,-1.165245246887207031e+01,5.955904483795166016e+00
5.816596031188964844e+00,1.127848529815673828e+01,1.199763044714927673e-01
1.222072839736938477e+00,7.042784690856933594e+00,3.308835744857788086e+00
1.383710765838623047e+01,1.855670547485351562e+01,7.749697208404541016e+00
-1.872132492065429688e+01,2.103811264038085938e+00,-1.267802834510803223e+00
-5.237508296966552734e+00,1.097043037414550781e+01,-5.200378894805908203e+00
1.529712200164794922e+01,-1.165296649932861328e+01,5.955408573150634766e+00
1.007558536529541016e+01,-1.116975307464599609e+01,1.000873565673828125e+01
-2.235512733459472656e+00,6.296875476837158203e+00,-1.767165541648864746e+00
-1.180568408966064453e+01,1.059560585021972656e+01,-8.060603141784667969e+00
-1.012842059135437012e+00,3.173413753509521484e+00,9.286130070686340332e-01
-5.189239025115966797e+00,-4.417521953582763672e+00,-1.421600151062011719e+01
-6.722920894622802734e+00,-8.093312263488769531e+00,1.713637542724609375e+01
3.933836460113525391e+00,1.454203224182128906e+01,1.287943840026855469e+00
-2.715734243392944336e+00,-9.816389530897140503e-02,1.457597923278808594e+01
-8.655422210693359375e+00,-7.093523502349853516e+00,-1.189686298370361328e+00
-1.629624557495117188e+01,-4.472456932067871094e+00,-2.454347133636474609e+00
8.686387062072753906e+00,1.887652778625488281e+01,-3.306252241134643555e+00
9.089940071105957031e+00,8.870032310485839844e+00,2.682662010192871094e+00
-1.817778348922729492e-01,1.744266510009765625e+01,1.247111415863037109e+01
2.178537368774414062e+01,-4.069675445556640625e+00,-1.076977014541625977e+00
1.386994457244873047e+01,-4.497628211975097656e+00,-1.458368492126464844e+01
2.687963724136352539e+00,5.657293319702148438e+00,1.983831024169921875e+01
-1.240567111968994141e+01,-2.442933559417724609e+00,4.216041564941406250e+00
1.543184947967529297e+01,1.291517639160156250e+01,-4.790757656097412109e+00
3.966000080108642578e+00,-1.231778526306152344e+01,-9.635221481323242188e+00
-1.035940361022949219e+01,-8.524062156677246094e+00,-7.956158161163330078e+00
8.439069747924804688e+00,-1.448217487335205078e+01,1.922189950942993164e+00
2.792639970779418945e+00,-9.140430450439453125e+00,-1.535095977783203125e+01
-8.489964157342910767e-02,1.721881294250488281e+01,1.234570693969726562e+01
-1.182056808471679688e+01,-1.164104652404785156e+01,5.575094223022460938e+00
1.377157592773437500e+01,1.862360382080078125e+01,7.530838012695312500e+00
7.151196956634521484e+00,9.008503913879394531e+00,-7.646952867507934570e-01
2.660923957824707031e+00,1.770679664611816406e+01,1.337973713874816895e+00
-1.096826362609863281e+01,2.531615734100341797e+00,-1.594401550292968750e+01
1.897678375244140625e+01,5.682437896728515625e+00,-2.542065143585205078e+00
2.108014488220214844e+01,8.057569503784179688e+00,8.826776504516601562e+00
2.205428695678710938e+01,9.100737571716308594e+00,-7.183980464935302734e+00
-4.402755737304687500e+00,-1.001975297927856445e+00,6.256906986236572266e+00
3.592306375503540039e-01,-7.934303760528564453e+00,-4.477933406829833984e+00
-6.752553939819335938e+00,1.927053642272949219e+01,-5.233616828918457031e+00
-1.096929740905761719e+01,2.529645681381225586e+00,-1.594537734985351562e+01
1.386763763427734375e+01,1.859861183166503906e+01,7.714647769927978516e+00
-1.872084426879882812e+01,2.104563713073730469e+00,-1.267216920852661133e+00
2.518586158752441406e+00,1.802285194396972656e+01,1.226194977760314941e+00
-5.232406139373779297e+00,1.097147369384765625e+01,-5.194376945495605469e+00
8.193454742431640625e-01,2.272223711013793945e+00,-1.522003561258316040e-01
-2.621970653533935547e+00,6.678993254899978638e-02,1.436826801300048828e+01
-1.629583930969238281e+01,-4.471360683441162109e+00,-2.454145908355712891e+00
-2.719282627105712891e+00,-1.013470813632011414e-01,1.457979965209960938e+01
4.436383247375488281e+00,-1.511365985870361328e+01,7.974313259124755859e+00
1.897638893127441406e+01,5.682791709899902344e+00,-2.544234275817871094e+00
2.093496704101562500e+01,1.075479221343994141e+01,2.525802135467529297e+00
-5.189218521118164062e+00,-4.417545318603515625e+00,-1.421597385406494141e+01
2.792345285415649414e+00,-9.140676498413085938e+00,-1.535134696960449219e+01
-5.232136249542236328e+00,1.097999286651611328e+01,-5.188028335571289062e+00
2.093514251708984375e+01,1.075469970703125000e+01,2.525784015655517578e+00
-5.860703468322753906e+00,1.417716407775878906e+01,-1.488100528717041016e+01
1.007764911651611328e+01,-1.116798400878906250e+01,1.001078033447265625e+01
1.017193412780761719e+01,-1.367272281646728516e+01,-4.205444812774658203e+00
2.062556266784667969e+01,1.230565309524536133e+00,3.819519281387329102e+00
1.870969963073730469e+01,-7.001223564147949219e+00,4.739686965942382812e+00
1.215100574493408203e+01,-6.372074604034423828e+00,1.188355088233947754e+00
1.870816230773925781e+01,-6.997800350189208984e+00,4.740905761718750000e+00
8.686173439025878906e+00,1.887837791442871094e+01,-3.307025194168090820e+00
8.469608306884765625e+00,1.785268402099609375e+01,-2.835988998413085938e+00
8.561945915222167969e+00,1.775308799743652344e+01,-4.121836185455322266e+00
1.565008544921875000e+01,1.315130138397216797e+01,-4.756220340728759766e+00
1.511100649833679199e+00,2.333706474304199219e+01,-6.982956886291503906e+00
-8.383541107177734375e+00,1.032164573669433594e+01,7.108942508697509766e+00
-4.402292728424072266e+00,-1.001558065414428711e+00,6.257243633270263672e+00
1.384644699096679688e+01,1.857123947143554688e+01,7.740407466888427734e+00
-8.655107498168945312e+00,-7.093263626098632812e+00,-1.189440131187438965e+00
1.898636436462402344e+01,3.708582401275634766e+00,1.295101451873779297e+01
3.966762781143188477e+00,-1.231701469421386719e+01,-9.635971069335937500e+00
-2.218848705291748047e+00,3.815574198961257935e-02,1.424139404296875000e+01
1.555167484283447266e+01,1.305199909210205078e+01,-4.678460597991943359e+00
-6.786762237548828125e+00,1.923365592956542969e+01,-5.230023860931396484e+00
-6.747281074523925781e+00,1.927609062194824219e+01,-5.233353614807128906e+00
-8.657017707824707031e+00,-7.095156192779541016e+00,-1.191293954849243164e+00
1.385303020477294922e+01,4.574762821197509766e+00,-1.269369220733642578e+01
-9.486986994743347168e-01,1.240767121315002441e+00,2.249538040161132812e+01
3.407119750976562500e+00,5.933894157409667969e+00,-1.253805637359619141e+00
1.516631698608398438e+01,9.735509753227233887e-01,7.787475109100341797e+00
-7.412031292915344238e-02,1.753464889526367188e+01,1.264158439636230469e+01
1.409279823303222656e+01,-2.169868230819702148e+00,1.471729373931884766e+01
-2.364865541458129883e+00,-2.211336612701416016e+00,-1.804458618164062500e+01
-5.949678897857666016e+00,1.404190349578857422e+01,-1.441303348541259766e+01
-9.615158081054687500e+00,-3.365939378738403320e+00,-1.155731582641601562e+01
1.898660659790039062e+01,3.707980632781982422e+00,1.295112514495849609e+01
1.566807937622070312e+01,1.317795181274414062e+01,-4.608794689178466797e+00
-1.182121086120605469e+01,-1.164023017883300781e+01,5.574151515960693359e+00
-7.080516815185546875e+00,4.314591884613037109e+00,6.306530952453613281e+00
7.110669612884521484e+00,5.523573398590087891e+00,5.132669448852539062e+00
1.483855438232421875e+01,-8.437174797058105469e+00,-5.922483921051025391e+00
3.967693328857421875e+00,-1.231610679626464844e+01,-9.636798858642578125e+00
1.038015937805175781e+01,9.388620376586914062e+00,1.182736110687255859e+01
6.424732685089111328e+00,4.557253360748291016e+00,4.599565982818603516e+00
2.600906133651733398e+00,4.466268062591552734e+00,-4.245703220367431641e+00
8.130683898925781250e+00,-1.481525450944900513e-01,1.636596679687500000e+01
-4.362430572509765625e+00,-1.288049411773681641e+01,6.290359497070312500e+00
1.373421096801757812e+01,4.462116718292236328e+00,-1.273595809936523438e+01
-5.233776569366455078e+00,5.466893672943115234e+00,-1.834469032287597656e+01
1.515264749526977539e+00,2.334830093383789062e+01,-7.048027992248535156e+00
3.967255115509033203e+00,-1.231659412384033203e+01,-9.636346817016601562e+00
-6.768790721893310547e+00,1.925835609436035156e+01,-5.217456817626953125e+00
1.037629604339599609e+01,9.384293556213378906e+00,1.183121967315673828e+01
6.156897544860839844e+00,5.911611080169677734e+00,5.382068157196044922e+00
1.093571901321411133e+00,6.634389877319335938e+00,2.862470149993896484e+00
1.177289366722106934e+00,-1.182215690612792969e+01,9.112110137939453125e-01
-4.403283119201660156e+00,-1.002429008483886719e+00,6.256193637847900391e+00
6.093463897705078125e+00,1.008601665496826172e+01,-1.523657321929931641e+00
6.326379299163818359e+00,9.966424942016601562e+00,-1.545691967010498047e+00
-8.203127235174179077e-02,1.751482963562011719e+01,1.256762313842773438e+01
-5.468325614929199219e-01,7.675889492034912109e+00,2.122912883758544922e+00
2.961828708648681641e+00,3.130513429641723633e+00,-5.165150165557861328e+00
2.183771371841430664e+00,7.539906978607177734e+00,-1.304103612899780273e+00
-2.362652540206909180e+00,-2.209172487258911133e+00,-1.804238700866699219e+01
-8.351445198059082031e+00,5.661052703857421875e+00,-2.989674806594848633e+00
-6.777557373046875000e+00,1.924514007568359375e+01,-5.203084945678710938e+00
-6.355346202850341797e+00,-6.855076789855957031e+00,2.890434265136718750e+00
1.178011178970336914e+00,-1.182257461547851562e+01,9.107302427291870117e-01
1.016931152343750000e+01,-1.367420673370361328e+01,-4.208050727844238281e+00
1.381552028656005859e+01,4.574388504028320312e+00,-1.264711761474609375e+01
1.107877349853515625e+01,-3.991776943206787109e+00,-5.451515674591064453e+00
1.073580837249755859e+01,4.729220867156982422e+00,1.833267211914062500e+01
-6.354745388031005859e+00,-6.855630874633789062e+00,2.889865398406982422e+00
-5.844367504119873047e+00,1.418160915374755859e+01,-1.488349914550781250e+01
-1.635608863830566406e+01,7.214279174804687500e+00,8.042282104492187500e+00
-5.919129371643066406e+00,1.410193157196044922e+01,-1.466572475433349609e+01
-5.226539134979248047e+00,1.098441314697265625e+01,-5.185961246490478516e+00
1.177585840225219727e+00,-1.182233715057373047e+01,9.111789464950561523e-01
1.979847908020019531e+00,7.090376853942871094e+00,3.667232751846313477e+00
1.382409667968750000e+01,1.855378532409667969e+01,7.767975807189941406e+00
-1.181993103027343750e+01,-1.164045047760009766e+01,5.573434829711914062e+00
-2.686024188995361328e+00,2.746819145977497101e-02,1.386518669128417969e+01
1.629146099090576172e+00,2.321836662292480469e+01,-6.935600280761718750e+00
1.390581512451171875e+01,1.861960983276367188e+01,7.732505321502685547e+00
7.144725322723388672e+00,8.998949050903320312e+00,-7.577787637710571289e-01
-2.587190151214599609e+00,1.442053914070129395e-01,1.436145019531250000e+01
-2.721242904663085938e+00,-1.061570495367050171e-01,1.458261680603027344e+01
1.178167462348937988e+00,-1.182212829589843750e+01,9.109375476837158203e-01
-5.233693599700927734e+00,5.467113494873046875e+00,-1.834467315673828125e+01
-2.735964059829711914e+00,-1.032246947288513184e-01,1.460245513916015625e+01
1.640525817871093750e+01,-6.585480213165283203e+00,1.172648811340332031e+01
3.397081851959228516e+00,6.599630355834960938e+00,-1.752471923828125000e+00
1.424193286895751953e+01,1.881921958923339844e+01,7.828770637512207031e+00
1.107731056213378906e+01,-3.992948055267333984e+00,-5.452733993530273438e+00
-6.723505020141601562e+00,-8.092216491699218750e+00,1.713587951660156250e+01
-1.181947994232177734e+01,-1.164041805267333984e+01,5.574428558349609375e+00
-1.201608085632324219e+01,5.051088929176330566e-01,1.043373394012451172e+01
3.396831274032592773e+00,6.599807739257812500e+00,-1.752369999885559082e+00
-7.468789815902709961e-02,1.754474639892578125e+01,1.263973712921142578e+01
-3.407202959060668945e-01,1.743129158020019531e+01,1.229453659057617188e+01
-1.073760604858398438e+01,-5.559839248657226562e+00,1.088784313201904297e+01
-5.234870910644531250e+00,5.468650341033935547e+00,-1.834320259094238281e+01
-9.523772448301315308e-02,-5.842953681945800781e+00,9.728120565414428711e-01
1.516768360137939453e+01,9.724772572517395020e-01,7.786284446716308594e+00
1.660368084907531738e+00,2.318881988525390625e+01,-6.921648025512695312e+00
1.534767031669616699e+00,2.332068824768066406e+01,-7.022025585174560547e+00
-1.096710777282714844e+01,2.530433177947998047e+00,-1.594417858123779297e+01
-9.821915626525878906e+00,1.391453456878662109e+01,2.415589332580566406e+00
1.651736617088317871e+00,2.319648361206054688e+01,-6.922691345214843750e+00
1.645768046379089355e+00,2.320299339294433594e+01,-6.925247192382812500e+00
-9.614972114562988281e+00,-3.366038799285888672e+00,-1.155753993988037109e+01
2.178614807128906250e+01,-4.068828105926513672e+00,-1.077916860580444336e+00
1.045513343811035156e+01,9.450188636779785156e+00,1.173469638824462891e+01
4.220695972442626953e+00,6.343358516693115234e+00,-1.773205947875976562e+01
1.374801158905029297e+01,1.865617752075195312e+01,7.424992561340332031e+00
-6.722961425781250000e+00,-8.093397140502929688e+00,1.713558769226074219e+01
-1.201559638977050781e+01,5.056190490722656250e-01,1.043324565887451172e+01
-4.362557888031005859e+00,-1.288073253631591797e+01,6.290239334106445312e+00
-1.182031250000000000e+01,-1.163932704925537109e+01,5.573234081268310547e+00
5.492385387420654297e+00,1.895162463188171387e+00,-4.312941074371337891e+00
3.423953294754028320e+00,4.571995735168457031e+00,-8.840819597244262695e-01
2.330709934234619141e+00,6.101117134094238281e+00,-2.418505668640136719e+00
-4.365567207336425781e+00,-1.288308525085449219e+01,6.292410850524902344e+00
5.295648574829101562e+00,-6.172079086303710938e+00,1.468560600280761719e+01
-1.686882591247558594e+01,1.086168098449707031e+01,-2.894294738769531250e+00
-6.355382919311523438e+00,-6.854876995086669922e+00,2.890636920928955078e+00
1.359247493743896484e+01,1.831570434570312500e+01,7.989346027374267578e+00
2.957954406738281250e+00,3.196233987808227539e+00,-5.126000404357910156e+00
-7.042628526687622070e-01,1.071720123291015625e+01,1.760274314880371094e+01
-1.073741149902343750e+01,-5.559583663940429688e+00,1.088812446594238281e+01
5.533532619476318359e+00,-5.307218074798583984e+00,-1.694515037536621094e+01
-4.288891792297363281e+00,-1.300852394104003906e+01,-1.400155186653137207e+00
4.436398029327392578e+00,-1.511362838745117188e+01,7.974361419677734375e+00
2.062446975708007812e+01,1.232475161552429199e+00,3.821209430694580078e+00
8.440999984741210938e+00,-1.447854518890380859e+01,1.921309709548950195e+00
1.215056896209716797e+01,-6.371947288513183594e+00,1.187814831733703613e+00
-9.614541053771972656e+00,-3.366481304168701172e+00,-1.155801296234130859e+01
1.640773391723632812e+01,-6.587845802307128906e+00,1.172400379180908203e+01
1.382820224761962891e+01,4.570066928863525391e+00,-1.263137722015380859e+01
-4.401502609252929688e+00,-1.001292943954467773e+00,6.258089542388916016e+00
1.639318108558654785e+00,2.320921897888183594e+01,-6.933651924133300781e+00
-1.629566383361816406e+01,-4.471225738525390625e+00,-2.453964471817016602e+00
6.222735047340393066e-01,4.992499828338623047e+00,5.121335759758949280e-02
1.107713031768798828e+01,-3.992986202239990234e+00,-5.452956676483154297e+00
1.378809547424316406e+01,4.499049186706542969e+00,-1.274196434020996094e+01
9.780732154846191406e+00,-3.516066312789916992e+00,8.049584388732910156e+00
8.453546762466430664e-01,2.075565338134765625e+00,-2.714367508888244629e-01
1.558456802368164062e+01,1.308129119873046875e+01,-4.711718082427978516e+00
1.371423149108886719e+01,4.418907642364501953e+00,-1.268972873687744141e+01
5.533335208892822266e+00,-5.307293415069580078e+00,-1.694500160217285156e+01
2.178607749938964844e+01,-4.068730831146240234e+00,-1.077849984169006348e+00
-2.362578392028808594e+00,-2.209149360656738281e+00,-1.804252243041992188e+01
-5.629892349243164062e-01,1.081584548950195312e+01,1.750476837158203125e+01
8.469872474670410156e+00,1.785218429565429688e+01,-2.836498975753784180e+00
1.640561294555664062e+01,-6.585887432098388672e+00,1.172613811492919922e+01
8.440768241882324219e+00,-1.447841358184814453e+01,1.921519994735717773e+00
-2.202734470367431641e+00,3.642837330698966980e-02,1.423110103607177734e+01
-1.453188657760620117e-01,-1.283665752410888672e+01,1.383285045623779297e+01
6.862141132354736328e+00,4.661166191101074219e+00,4.714749336242675781e+00
3.397455453872680664e+00,6.600918769836425781e+00,-1.751994132995605469e+00
4.021284103393554688e+00,-5.385126590728759766e+00,7.322962760925292969e+00
9.088961601257324219e+00,8.075335502624511719e+00,-1.083056449890136719e+01
8.689074516296386719e+00,1.889681816101074219e+01,-3.311327219009399414e+00
1.965783309936523438e+01,2.578046321868896484e+00,-1.444593048095703125e+01
9.086259841918945312e+00,8.080214500427246094e+00,-1.082726764678955078e+01
8.685446739196777344e+00,1.887673759460449219e+01,-3.305041313171386719e+00
8.131762504577636719e+00,-1.491786986589431763e-01,1.636474609375000000e+01
-1.686828613281250000e+01,1.086320972442626953e+01,-2.893846750259399414e+00
4.294602870941162109e+00,6.426262855529785156e+00,-1.778561210632324219e+01
3.544898033142089844e+00,4.434325218200683594e+00,-8.537113070487976074e-01
-1.159150409698486328e+01,5.415841579437255859e+00,1.463293743133544922e+01
9.802205085754394531e+00,-8.851085662841796875e+00,-9.196383476257324219e+00
-6.761356830596923828e+00,1.925538444519042969e+01,-5.223086833953857422e+00
-1.377181768417358398e+00,-6.088331699371337891e+00,-9.098183631896972656e+00
-6.022783279418945312e+00,1.407330989837646484e+01,-1.481745529174804688e+01
9.088341712951660156e+00,8.077490806579589844e+00,-1.082960605621337891e+01
9.090844154357910156e+00,8.076896667480468750e+00,-1.083237457275390625e+01
-9.841526985168457031e+00,1.395778942108154297e+01,2.455667972564697266e+00
5.296278476715087891e+00,-6.170156478881835938e+00,1.468750953674316406e+01
2.792525529861450195e+00,-9.140728950500488281e+00,-1.535117626190185547e+01
3.555714130401611328e+00,4.423212528228759766e+00,-8.513421416282653809e-01
-9.547582626342773438e+00,1.372475528717041016e+01,2.632783651351928711e+00
1.616129159927368164e+00,2.323679351806640625e+01,-6.960028648376464844e+00
-1.339426040649414062e+01,4.400789737701416016e+00,1.963086605072021484e+00
8.470057487487792969e+00,1.785272216796875000e+01,-2.836574316024780273e+00
-2.427132129669189453e+00,3.096604049205780029e-01,1.451095676422119141e+01
1.381972217559814453e+01,4.582940101623535156e+00,-1.263123893737792969e+01
6.422595977783203125e+00,4.556908607482910156e+00,4.599219799041748047e+00
1.073701763153076172e+01,4.730501651763916016e+00,1.833126258850097656e+01
-1.113615417480468750e+01,-1.156995818018913269e-01,-4.695347785949707031e+00
-1.686928749084472656e+01,1.086574745178222656e+01,-2.895071029663085938e+00
6.583591461181640625e+00,4.832592487335205078e+00,5.163840770721435547e+00
7.250339984893798828e-01,1.243091869354248047e+01,-2.366182804107666016e+00
-4.289280414581298828e+00,-1.300829505920410156e+01,-1.399977803230285645e+00
3.967422723770141602e+00,-1.231645584106445312e+01,-9.636408805847167969e+00
6.346164226531982422e+00,1.119356727600097656e+01,-6.901352405548095703e+00
4.021386623382568359e+00,-5.385028362274169922e+00,7.323144912719726562e+00
1.051171207427978516e+01,9.502223968505859375e+00,1.169701004028320312e+01
1.409099102020263672e+01,-2.168104887008666992e+00,1.471552848815917969e+01
6.175238132476806641e+00,5.887753486633300781e+00,5.403907775878906250e+00
4.093013286590576172e+00,3.121038675308227539e-01,2.468030691146850586e+00
-9.679991751909255981e-02,-5.844449520111083984e+00,9.744119048118591309e-01
-9.615071296691894531e+00,-3.366005897521972656e+00,-1.155754947662353516e+01
2.062502479553222656e+01,1.233063578605651855e+00,3.820813655853271484e+00
-5.234749794006347656e+00,5.467928886413574219e+00,-1.834394454956054688e+01
3.408308744430541992e+00,5.934776306152343750e+00,-1.252156138420104980e+00
2.062500000000000000e+01,1.233298182487487793e+00,3.820900917053222656e+00
3.378893733024597168e-01,4.172245502471923828e+00,1.110736012458801270e+00
1.641068267822265625e+01,-6.588066577911376953e+00,1.172105026245117188e+01
-1.112194359302520752e-01,1.744321823120117188e+01,1.226169300079345703e+01
1.870773506164550781e+01,-6.997828006744384766e+00,4.741271972656250000e+00
-2.953660190105438232e-01,5.170070648193359375e+00,1.380703449249267578e+00
-3.293312311172485352e+00,1.968177795410156250e+01,2.129438161849975586e+00
1.387023258209228516e+01,-4.497943878173828125e+00,-1.458371734619140625e+01
-5.229246616363525391e+00,1.098167800903320312e+01,-5.185637950897216797e+00
-4.778413176536560059e-01,7.995946884155273438e+00,-1.203273385763168335e-01
-5.973872661590576172e+00,1.401025390625000000e+01,-1.441380691528320312e+01
6.625829696655273438e+00,4.844892501831054688e+00,5.083364009857177734e+00
-4.401520729064941406e+00,-1.001160144805908203e+00,6.257857322692871094e+00
3.217653036117553711e+00,-3.081542253494262695e+00,-8.958346366882324219e+00
-6.073609352111816406e+00,1.395770740509033203e+01,-1.467436981201171875e+01
-1.734465062618255615e-01,1.740087127685546875e+01,1.240181159973144531e+01
-3.274870157241821289e+00,1.970004844665527344e+01,2.111007690429687500e+00
4.398950576782226562e+00,6.509121417999267578e+00,-1.787963485717773438e+01
1.607205390930175781e+00,7.562754631042480469e+00,4.532976150512695312e+00
1.529737377166748047e+01,-1.165334129333496094e+01,5.954908370971679688e+00
8.457416892051696777e-01,2.084370613098144531e+00,-2.645392119884490967e-01
9.802191734313964844e+00,-8.851266860961914062e+00,-9.196556091308593750e+00
1.870725250244140625e+01,-6.998028278350830078e+00,4.741034984588623047e+00
-5.234538555145263672e+00,5.467572689056396484e+00,-1.834431838989257812e+01
2.108073425292968750e+01,8.056973457336425781e+00,8.826230049133300781e+00
1.374768257141113281e+01,4.456806659698486328e+00,-1.274664306640625000e+01
-1.522377872467041016e+01,4.093541145324707031e+00,-7.683179378509521484e+00
1.516735935211181641e+01,9.728931188583374023e-01,7.786666393280029297e+00
-1.202962279319763184e+00,3.225090265274047852e+00,1.958687663078308105e+00
1.559325885772705078e+01,1.308743190765380859e+01,-4.663718700408935547e+00
4.436463356018066406e+00,-1.511369323730468750e+01,7.974304676055908203e+00
5.533903598785400391e+00,-5.306575298309326172e+00,-1.694524955749511719e+01
-2.688490390777587891e+00,2.686347253620624542e-02,1.386403846740722656e+01
1.422206306457519531e+01,1.880664634704589844e+01,7.824913978576660156e+00
-1.872072219848632812e+01,2.104563236236572266e+00,-1.267317295074462891e+00
1.382047939300537109e+01,1.854121208190917969e+01,7.764595031738281250e+00
-2.600746393203735352e+00,8.812686800956726074e-02,1.437425041198730469e+01
-5.234467029571533203e+00,5.466893196105957031e+00,-1.834501075744628906e+01
4.899470806121826172e+00,1.577525711059570312e+01,7.199762821197509766e+00
-1.035987377166748047e+01,-8.524512290954589844e+00,-7.956237792968750000e+00
1.423379993438720703e+01,1.881427192687988281e+01,7.826541900634765625e+00
-9.537523269653320312e+00,1.370160865783691406e+01,2.634539842605590820e+00
1.210041141510009766e+01,1.705810546875000000e+01,8.820887207984924316e-01
1.180862903594970703e+00,-1.182044219970703125e+01,9.119186401367187500e-01
3.006316184997558594e+00,3.071322917938232422e+00,-5.241827011108398438e+00
3.011483669281005859e+00,3.067384958267211914e+00,-5.244316577911376953e+00
-9.684249877929687500e+00,1.385626983642578125e+01,2.528625249862670898e+00
-4.232227325439453125e+00,2.017872095108032227e+00,-1.000151634216308594e+01
-4.352487027645111084e-01,1.097158622741699219e+01,1.754769515991210938e+01
3.004968643188476562e+00,3.072915077209472656e+00,-5.240064144134521484e+00
-1.074128150939941406e+01,-5.561414241790771484e+00,1.089236640930175781e+01
-9.692784309387207031e+00,1.385452747344970703e+01,2.525296449661254883e+00
3.406869649887084961e+00,5.917906284332275391e+00,-1.242359042167663574e+00
-5.969044208526611328e+00,1.401002311706542969e+01,-1.440721797943115234e+01
1.376892447471618652e+00,2.348454856872558594e+01,-7.046134471893310547e+00
1.613715767860412598e+00,2.323890304565429688e+01,-6.956986427307128906e+00
1.898486518859863281e+01,3.708130836486816406e+00,1.295069694519042969e+01
-4.401570320129394531e+00,-1.001152157783508301e+00,6.257796287536621094e+00
-2.760570287704467773e+00,-7.731512546539306641e+00,9.365600585937500000e+00
-2.820796489715576172e+00,-1.278087043762207031e+01,-9.015469551086425781e+00
-1.180542182922363281e+01,1.059609985351562500e+01,-8.060132980346679688e+00
-5.235497474670410156e+00,5.468083858489990234e+00,-1.834382438659667969e+01
-6.723082542419433594e+00,-8.093009948730468750e+00,1.713558006286621094e+01
1.388584041595458984e+01,1.854232215881347656e+01,7.700998306274414062e+00
-1.113556289672851562e+01,-1.162487640976905823e-01,-4.694670677185058594e+00
-3.319372415542602539e+00,1.965577507019042969e+01,2.155525684356689453e+00
2.886653900146484375e+00,-1.011619448661804199e+00,3.312564849853515625e+00
-1.201879596710205078e+01,5.024762749671936035e-01,1.043635749816894531e+01
8.472070693969726562e+00,1.785815620422363281e+01,-2.841548919677734375e+00
1.651039719581604004e+00,2.319824028015136719e+01,-6.928616523742675781e+00
1.421876525878906250e+01,4.196004390716552734e+00,-1.259479713439941406e+01
5.296821117401123047e+00,-6.170846939086914062e+00,1.468723773956298828e+01
2.093498802185058594e+01,1.075489139556884766e+01,2.525684356689453125e+00
-1.450884640216827393e-01,-1.283702373504638672e+01,1.383249950408935547e+01
-1.906262785196304321e-01,1.743122482299804688e+01,1.242366409301757812e+01
5.875648975372314453e+00,9.863611221313476562e+00,-5.626821517944335938e+00
-2.651196479797363281e+00,2.983671054244041443e-02,1.422494506835937500e+01
1.395215511322021484e+01,1.865261840820312500e+01,7.645846843719482422e+00
-1.240495586395263672e+01,-2.442595720291137695e+00,4.217050075531005859e+00
-1.814768612384796143e-01,1.742234230041503906e+01,1.245995330810546875e+01
-1.629564857482910156e+01,-4.471266269683837891e+00,-2.453931808471679688e+00
-5.182872295379638672e+00,-4.423960208892822266e+00,-1.420956993103027344e+01
2.108098411560058594e+01,8.056744575500488281e+00,8.825973510742187500e+00
-4.231215953826904297e+00,2.019135475158691406e+00,-1.000027275085449219e+01
2.093497657775878906e+01,1.075496101379394531e+01,2.525658845901489258e+00
4.346941471099853516e+00,6.475246429443359375e+00,-1.778645133972167969e+01
1.386865615844726562e+01,-4.496490478515625000e+00,-1.458480739593505859e+01
1.965849876403808594e+01,2.576206922531127930e+00,-1.444558811187744141e+01
-3.314274549484252930e+00,1.966094779968261719e+01,2.150358200073242188e+00
-4.330568909645080566e-01,1.100942802429199219e+01,1.763766098022460938e+01
2.178619194030761719e+01,-4.068428039550781250e+00,-1.078057050704956055e+00
4.333750247955322266e+00,6.453501224517822266e+00,-1.782814598083496094e+01
9.089989662170410156e+00,8.870038986206054688e+00,2.682681798934936523e+00
2.062430381774902344e+01,1.233608722686767578e+00,3.821678161621093750e+00
1.994482517242431641e+00,7.075762271881103516e+00,3.652347803115844727e+00
2.513002634048461914e+00,1.802730369567871094e+01,1.221015334129333496e+00
2.205384254455566406e+01,9.100319862365722656e+00,-7.184400081634521484e+00
4.909882545471191406e+00,1.579463577270507812e+01,7.180479526519775391e+00
6.095367908477783203e+00,1.008388137817382812e+01,-1.522658586502075195e+00
1.373919200897216797e+01,1.866408348083496094e+01,7.408377647399902344e+00
1.897756004333496094e+01,5.683789730072021484e+00,-2.545527696609497070e+00
-2.704373121261596680e+00,-9.207319468259811401e-02,1.455903720855712891e+01
8.689284324645996094e+00,1.889283943176269531e+01,-3.311540126800537109e+00
1.870676231384277344e+01,-6.998205184936523438e+00,4.741772651672363281e+00
-1.182017612457275391e+01,-1.163923740386962891e+01,5.574004173278808594e+00
-2.762104749679565430e+00,-7.729986190795898438e+00,9.364052772521972656e+00
-2.714186668395996094e+00,-1.006926372647285461e-01,1.457313442230224609e+01
1.215228652954101562e+01,-6.373769283294677734e+00,1.188503265380859375e+00
-1.257548332214355469e+00,3.907932758331298828e+00,-2.785634756088256836e+00
-5.791464328765869141e+00,1.388477897644042969e+01,-1.472666645050048828e+01
-8.441906422376632690e-02,1.751935386657714844e+01,1.262701416015625000e+01
-7.864540070295333862e-02,1.755093002319335938e+01,1.264150524139404297e+01
-1.523999720811843872e-01,1.751893424987792969e+01,1.229772186279296875e+01
1.552334785461425781e+00,2.330206871032714844e+01,-6.996876716613769531e+00
-1.644802570343017578e+00,-1.639331102371215820e+00,-2.980045318603515625e+00
-5.510766506195068359e-01,1.089582729339599609e+01,1.765779495239257812e+01
2.401436328887939453e+00,6.062557697296142578e+00,-2.381663560867309570e+00
-5.786480903625488281e+00,1.391102218627929688e+01,-1.474268627166748047e+01
1.607144951820373535e+00,7.562805175781250000e+00,4.533197402954101562e+00
5.534523010253906250e+00,-5.305986404418945312e+00,-1.694544601440429688e+01
-1.073894691467285156e+01,-5.559315204620361328e+00,1.088988399505615234e+01
1.215256690979003906e+01,-6.373929500579833984e+00,1.188409566879272461e+00
4.263911724090576172e+00,6.667092323303222656e+00,-1.764560508728027344e+01
1.215269088745117188e+01,-6.373988628387451172e+00,1.187703728675842285e+00
-4.366227626800537109e+00,-1.288341045379638672e+01,6.291932106018066406e+00
3.577754199504852295e-01,-7.935782432556152344e+00,-4.476470947265625000e+00
7.588228702545166016e+00,9.681829452514648438e+00,-2.751801490783691406e+00
5.170876979827880859e+00,1.125757122039794922e+01,-1.509642481803894043e+00
-7.345880568027496338e-02,1.755328559875488281e+01,1.265388107299804688e+01
-2.275715768337249756e-01,1.750922012329101562e+01,1.240480136871337891e+01
6.536626338958740234e+00,8.706678748130798340e-01,-1.702647781372070312e+01
5.823152542114257812e+00,1.124344825744628906e+01,8.687487244606018066e-02
2.205412673950195312e+01,9.100649833679199219e+00,-7.184082031250000000e+00
-9.787352085113525391e-01,3.061594724655151367e+00,7.891921997070312500e-01
9.089963912963867188e+00,8.074728965759277344e+00,-1.083148574829101562e+01
1.375167465209960938e+01,4.437393665313720703e+00,-1.276032638549804688e+01
8.133386611938476562e+00,-1.505651175975799561e-01,1.636259460449218750e+01
1.409042930603027344e+01,-2.167551994323730469e+00,1.471498966217041016e+01
8.131900787353515625e+00,-1.490446329116821289e-01,1.636401748657226562e+01
1.554503440856933594e+01,6.247824668884277344e+00,6.110476970672607422e+00
-6.321011781692504883e-01,1.083741092681884766e+01,1.769232368469238281e+01
-4.106257855892181396e-01,1.102629852294921875e+01,1.762858200073242188e+01
1.552533721923828125e+01,1.302623844146728516e+01,-4.680566310882568359e+00
8.491176366806030273e-01,2.090907335281372070e+00,-2.665693461894989014e-01
-1.591134667396545410e+00,8.471771240234375000e+00,-3.248371124267578125e+00
-1.522352313995361328e+01,4.095139503479003906e+00,-7.684103012084960938e+00
1.870333862304687500e+01,-7.000272274017333984e+00,4.744382381439208984e+00
8.129937171936035156e+00,-1.468618810176849365e-01,1.636653900146484375e+01
1.483660221099853516e+01,-8.436827659606933594e+00,-5.923353195190429688e+00
-5.582848787307739258e-01,7.680945873260498047e+00,2.124017477035522461e+00
8.463683724403381348e-01,2.080156564712524414e+00,-2.710287570953369141e-01
2.369666337966918945e+00,4.855194091796875000e+00,1.524526000022888184e+00
1.178446292877197266e+00,-1.182137775421142578e+01,9.110736250877380371e-01
-3.322170495986938477e+00,1.965305137634277344e+01,2.158283472061157227e+00
-7.901405543088912964e-02,1.724763870239257812e+01,1.240135478973388672e+01
-2.363039970397949219e+00,-2.209657192230224609e+00,-1.804341125488281250e+01
-8.370937347412109375e+00,1.030924701690673828e+01,7.097067356109619141e+00
1.638000726699829102e+00,2.321551513671875000e+01,-6.947400569915771484e+00
-1.483341157436370850e-01,1.744013214111328125e+01,1.243160533905029297e+01
2.886463642120361328e+00,-1.011703848838806152e+00,3.312782764434814453e+00
-5.677763819694519043e-01,1.081356239318847656e+01,1.750987434387207031e+01
3.968022346496582031e+00,-1.231567287445068359e+01,-9.637154579162597656e+00
9.802518844604492188e+00,-8.851412773132324219e+00,-9.196500778198242188e+00
-1.180623340606689453e+01,1.059713172912597656e+01,-8.060438156127929688e+00
-2.820118188858032227e+00,-1.278154468536376953e+01,-9.016222953796386719e+00
5.300498485565185547e+00,-6.174875259399414062e+00,1.468275451660156250e+01
2.178330802917480469e+01,-4.068657875061035156e+00,-1.074006557464599609e+00
-5.907020092010498047e+00,1.411167335510253906e+01,-1.455575847625732422e+01
-1.240443134307861328e+01,-2.442602872848510742e+00,4.217484951019287109e+00
1.483728313446044922e+01,-8.437365531921386719e+00,-5.922646045684814453e+00
5.268005728721618652e-01,1.300936508178710938e+01,2.567928075790405273e+00
1.390627479553222656e+01,1.864456748962402344e+01,7.700692176818847656e+00
1.965743255615234375e+01,2.576899528503417969e+00,-1.444684600830078125e+01
1.564208793640136719e+01,1.314533996582031250e+01,-4.602817535400390625e+00
-1.240291690826416016e+01,-2.443028926849365234e+00,4.218837738037109375e+00
1.870326995849609375e+01,-7.000129699707031250e+00,4.744262218475341797e+00
-6.723127841949462891e+00,-8.092206954956054688e+00,1.713503456115722656e+01
1.178445100784301758e+00,-1.182157611846923828e+01,9.113839268684387207e-01
1.529648399353027344e+01,-1.165248012542724609e+01,5.955796718597412109e+00
5.492202758789062500e+00,1.895103216171264648e+00,-4.312332153320312500e+00
6.702202320098876953e+00,4.857367038726806641e+00,4.835011005401611328e+00
-1.180581855773925781e+01,1.059645557403564453e+01,-8.060274124145507812e+00
-4.290075778961181641e+00,-1.300876617431640625e+01,-1.399969458580017090e+00
-1.491371244192123413e-01,1.731107139587402344e+01,1.238520812988281250e+01
3.967537641525268555e+00,-1.231639385223388672e+01,-9.636497497558593750e+00
1.490886688232421875e+00,2.335448455810546875e+01,-6.971428871154785156e+00
-1.579889655113220215e+00,8.477029800415039062e+00,-3.238122701644897461e+00
-8.658293634653091431e-02,1.755026435852050781e+01,1.263595294952392578e+01
1.424624633789062500e+01,1.882183265686035156e+01,7.831867694854736328e+00
-6.005330011248588562e-02,1.745474052429199219e+01,1.259399414062500000e+01
1.394914817810058594e+01,1.852897834777832031e+01,7.684033393859863281e+00
1.374408912658691406e+01,4.444612979888916016e+00,-1.276316928863525391e+01
-2.958551347255706787e-01,5.169499874114990234e+00,1.380191445350646973e+00
-2.820835828781127930e+00,-1.278083229064941406e+01,-9.016160964965820312e+00
1.210219669342041016e+01,1.705636978149414062e+01,8.838088512420654297e-01
-1.096728706359863281e+01,2.530131101608276367e+00,-1.594450473785400391e+01
6.348637104034423828e+00,1.117932510375976562e+01,-6.886160373687744141e+00
-6.722234249114990234e+00,-8.093046188354492188e+00,1.713600730895996094e+01
4.419483661651611328e+00,6.528650283813476562e+00,-1.789179611206054688e+01
-7.051563858985900879e-01,1.073361301422119141e+01,1.764350128173828125e+01
1.640520095825195312e+01,-6.582761287689208984e+00,1.172654533386230469e+01
1.508221507072448730e+00,2.333347892761230469e+01,-6.977994918823242188e+00
2.093551826477050781e+01,1.075445556640625000e+01,2.525074958801269531e+00
-1.074290847778320312e+01,-5.562979221343994141e+00,1.088756847381591797e+01
5.296392440795898438e+00,-6.171072006225585938e+00,1.468660831451416016e+01
-2.762294292449951172e+00,-7.729759216308593750e+00,9.363785743713378906e+00
1.529587554931640625e+01,-1.165095901489257812e+01,5.956776618957519531e+00
1.560054206848144531e+01,1.309840583801269531e+01,-4.694705963134765625e+00
-3.269665718078613281e+00,1.970552444458007812e+01,2.105776786804199219e+00
1.210258579254150391e+01,1.705559158325195312e+01,8.846021294593811035e-01
-1.324882060289382935e-01,1.753666305541992188e+01,1.259424018859863281e+01
1.549871087074279785e+00,2.329808044433593750e+01,-7.021328449249267578e+00
-1.454893499612808228e-01,-1.283686351776123047e+01,1.383272266387939453e+01
1.392986297607421875e+01,1.863027763366699219e+01,7.791097640991210938e+00
1.421889209747314453e+01,1.880523872375488281e+01,7.827079772949218750e+00
1.640623664855957031e+01,-6.582654476165771484e+00,1.172551345825195312e+01
1.555817604064941406e+01,1.303981113433837891e+01,-4.683430194854736328e+00
-1.626454889774322510e-01,8.166243553161621094e+00,3.313847303390502930e+00
2.686026692390441895e-01,4.459005355834960938e+00,1.190362691879272461e+00
-9.739721298217773438e+00,1.383112907409667969e+01,2.447568416595458984e+00
-8.367704749107360840e-01,9.288891792297363281e+00,3.886806726455688477e+00
7.284125089645385742e-01,1.242934322357177734e+01,-2.369221448898315430e+00
-5.234140872955322266e+00,5.467760086059570312e+00,-1.834417533874511719e+01
1.375861167907714844e+01,4.461821079254150391e+00,-1.275166511535644531e+01
-6.355685234069824219e+00,-6.855205059051513672e+00,2.890297174453735352e+00
-5.463963150978088379e-01,1.080997467041015625e+01,1.749202728271484375e+01
1.529431438446044922e+01,-1.165323543548583984e+01,5.954710960388183594e+00
1.176832079887390137e+00,-1.182272338867187500e+01,9.143636226654052734e-01
1.870204162597656250e+01,-7.000293731689453125e+00,4.744307518005371094e+00
2.178307342529296875e+01,-4.068081855773925781e+00,-1.073915481567382812e+00
1.007656288146972656e+01,-1.116925716400146484e+01,1.000969600677490234e+01
5.296998977661132812e+00,-6.169456481933593750e+00,1.468841743469238281e+01
-5.854917049407958984e+00,1.418731117248535156e+01,-1.488536262512207031e+01
1.771699523925781250e+01,-3.450585305690765381e-01,-4.593200683593750000e+00
1.640812683105468750e+01,-6.584381103515625000e+00,1.172368335723876953e+01
-1.522437000274658203e+01,4.095441818237304688e+00,-7.682940006256103516e+00
7.149466991424560547e+00,9.006474494934082031e+00,-7.631443142890930176e-01
4.891146659851074219e+00,1.578411293029785156e+01,7.190562725067138672e+00
1.965443229675292969e+01,2.578804254531860352e+00,-1.444669342041015625e+01
-1.668303757905960083e-01,1.728446388244628906e+01,1.238378429412841797e+01
-1.240200328826904297e+01,-2.444470405578613281e+00,4.219669818878173828e+00
-2.487429827451705933e-01,1.736360549926757812e+01,1.238850498199462891e+01
4.917788982391357422e+00,1.577805614471435547e+01,7.204611778259277344e+00
1.210375022888183594e+01,1.705614280700683594e+01,8.849713206291198730e-01
-1.522505378723144531e+01,4.098031997680664062e+00,-7.682658195495605469e+00
-2.544147253036499023e+00,-3.745201975107192993e-02,1.431051158905029297e+01
1.534764385223388672e+01,1.308077621459960938e+01,-4.991766929626464844e+00
-3.314743518829345703e+00,1.966040039062500000e+01,2.150895118713378906e+00
1.525911688804626465e+00,2.980894804000854492e+00,1.300580263137817383e+00
6.536631584167480469e+00,8.707810640335083008e-01,-1.702717399597167969e+01
4.070050418376922607e-01,1.174238109588623047e+01,-2.400945425033569336e+00
-2.701265513896942139e-01,1.734534263610839844e+01,1.237510681152343750e+01
8.133018493652343750e+00,-1.499293595552444458e-01,1.636538314819335938e+01
1.557335090637207031e+01,1.307375812530517578e+01,-4.707968235015869141e+00
1.641691803932189941e+00,7.559056282043457031e+00,4.524416923522949219e+00
8.473074913024902344e+00,1.785899734497070312e+01,-2.841983079910278320e+00
-1.629576683044433594e+01,-4.471467018127441406e+00,-2.454033374786376953e+00
-2.761915206909179688e+00,-7.730118751525878906e+00,9.364091873168945312e+00
-4.116510152816772461e-01,1.099347400665283203e+01,1.754397201538085938e+01
1.512372255325317383e+00,2.335311698913574219e+01,-7.065267086029052734e+00
-5.101919651031494141e+00,3.155685663223266602e+00,1.508369565010070801e+00
-2.652423381805419922e-01,1.725644111633300781e+01,1.244997406005859375e+01
6.523771762847900391e+00,2.899815082550048828e+00,9.122499465942382812e+00
4.316762447357177734e+00,6.672604560852050781e+00,-1.770467376708984375e+01
-6.597033143043518066e-02,1.725788116455078125e+01,1.236870193481445312e+01
8.581138610839843750e+00,1.831340980529785156e+01,-3.169650793075561523e+00
-1.686758422851562500e+01,1.086414623260498047e+01,-2.893297195434570312e+00
1.552053451538085938e+01,1.302334403991699219e+01,-4.676737308502197266e+00
4.062857627868652344e+00,5.930310249328613281e+00,-1.806895375251770020e+00
-9.669610023498535156e+00,1.392989730834960938e+01,2.587754011154174805e+00
3.216243267059326172e+00,-3.080194473266601562e+00,-8.956932067871093750e+00
-5.853121757507324219e+00,1.418173599243164062e+01,-1.488593292236328125e+01
1.870303344726562500e+01,-6.998978614807128906e+00,4.745147705078125000e+00
-8.286233246326446533e-02,3.954668998718261719e+00,1.723664760589599609e+00
-1.181881427764892578e+01,-1.163951110839843750e+01,5.573313236236572266e+00
-1.195568665862083435e-01,1.754192161560058594e+01,1.229408550262451172e+01
-1.635601806640625000e+01,7.215062141418457031e+00,8.042206764221191406e+00
5.802956104278564453e+00,9.737182617187500000e+00,-5.537851333618164062e+00
7.148465156555175781e+00,9.002455711364746094e+00,-7.604029774665832520e-01
-5.951631546020507812e+00,1.408819007873535156e+01,-1.467505836486816406e+01
-2.677737951278686523e+00,2.413203753530979156e-02,1.388491249084472656e+01
8.687508583068847656e+00,1.888656425476074219e+01,-3.307364463806152344e+00
4.435014724731445312e+00,-1.511241436004638672e+01,7.975733280181884766e+00
-2.760488271713256836e+00,-7.731768608093261719e+00,9.365723609924316406e+00
8.441274642944335938e+00,-1.447837162017822266e+01,1.922235012054443359e+00
8.685527801513671875e+00,1.886898803710937500e+01,-3.300621747970581055e+00
2.093521118164062500e+01,1.075487518310546875e+01,2.525377273559570312e+00
-2.760513305664062500e+00,-7.731768131256103516e+00,9.365687370300292969e+00
-9.814633369445800781e+00,1.393991756439208984e+01,2.480806827545166016e+00
-2.675693988800048828e+00,2.715423703193664551e-02,1.389907741546630859e+01
1.564559841156005859e+01,1.315014171600341797e+01,-4.764321327209472656e+00
1.037829875946044922e+01,9.386975288391113281e+00,1.182948493957519531e+01
3.010545492172241211e+00,3.068644523620605469e+00,-5.234488487243652344e+00
-5.741871595382690430e-01,1.080517768859863281e+01,1.750729942321777344e+01
-1.872122764587402344e+01,2.104173421859741211e+00,-1.267342925071716309e+00
5.299073219299316406e+00,-6.167157649993896484e+00,1.469076442718505859e+01
2.093558502197265625e+01,1.075454616546630859e+01,2.525410175323486328e+00
4.301496028900146484e+00,6.416849136352539062e+00,-1.780264472961425781e+01
-2.634778738021850586e+00,5.043399706482887268e-02,1.432535457611083984e+01
-1.660240530967712402e+00,-1.654800534248352051e+00,-2.995530605316162109e+00
-5.224732875823974609e+00,1.098239898681640625e+01,-5.184965133666992188e+00
-1.522665500640869141e+01,4.097489356994628906e+00,-7.681182861328125000e+00
4.418242931365966797e+00,6.539721488952636719e+00,-1.787881088256835938e+01
4.212888717651367188e+00,6.326900005340576172e+00,-1.773377609252929688e+01
-8.369374871253967285e-01,9.289416313171386719e+00,3.888578653335571289e+00
-6.584157943725585938e-01,4.381858825683593750e+00,7.584544420242309570e-01
-6.573008298873901367e-01,4.370982646942138672e+00,7.545117139816284180e-01
1.385763740539550781e+01,4.658950328826904297e+00,-1.259505271911621094e+01
1.897708511352539062e+01,5.682597637176513672e+00,-2.544951677322387695e+00
6.347979545593261719e+00,1.115775585174560547e+01,-6.860481262207031250e+00
2.886150360107421875e+00,-1.011829257011413574e+00,3.312912940979003906e+00
-1.180610084533691406e+01,1.059656906127929688e+01,-8.060455322265625000e+00
-6.356709003448486328e+00,-6.856314659118652344e+00,2.889163255691528320e+00
1.368934249877929688e+01,4.410419464111328125e+00,-1.273832798004150391e+01
8.440836906433105469e+00,-1.447926425933837891e+01,1.922625660896301270e+00
-1.036054325103759766e+01,-8.525879859924316406e+00,-7.956310272216796875e+00
1.870101737976074219e+01,-6.998311996459960938e+00,4.745519161224365234e+00
-1.629505729675292969e+01,-4.471075057983398438e+00,-2.453278779983520508e+00
-1.872161483764648438e+01,2.104243993759155273e+00,-1.267347693443298340e+00
1.897668647766113281e+01,5.682843208312988281e+00,-2.544496774673461914e+00
-1.872335052490234375e+01,2.107644557952880859e+00,-1.264169454574584961e+00
-9.449914693832397461e-01,1.237065315246582031e+00,2.249188041687011719e+01
9.090559005737304688e+00,8.080320358276367188e+00,-1.083192062377929688e+01
-4.312697052955627441e-01,1.097616767883300781e+01,1.754489517211914062e+01
-1.629531669616699219e+01,-4.471431255340576172e+00,-2.453520774841308594e+00
6.537003517150878906e+00,8.705468773841857910e-01,-1.702674484252929688e+01
-6.454839706420898438e-01,9.190936088562011719e+00,4.075646400451660156e+00
2.585215091705322266e+00,5.120066642761230469e+00,-3.393040180206298828e+00
1.516720199584960938e+01,9.730809330940246582e-01,7.786807537078857422e+00
-5.987055778503417969e+00,1.399706649780273438e+01,-1.439734935760498047e+01
4.433837890625000000e+00,-1.511424160003662109e+01,7.976355552673339844e+00
-2.760250091552734375e+00,-7.731735229492187500e+00,9.365974426269531250e+00
3.590525984764099121e-01,-7.934501171112060547e+00,-4.477756023406982422e+00
4.191540241241455078e+00,6.317477703094482422e+00,-1.770939064025878906e+01
9.780747413635253906e+00,-3.516238689422607422e+00,8.049563407897949219e+00
-5.230967521667480469e+00,5.465344905853271484e+00,-1.834663772583007812e+01
1.965707015991210938e+01,2.575990915298461914e+00,-1.444718456268310547e+01
1.554688835144042969e+01,6.249716758728027344e+00,6.105168819427490234e+00
-1.023573756217956543e+00,6.089182853698730469e+00,-2.527290880680084229e-01
-9.644387245178222656e+00,1.375452518463134766e+01,2.526537418365478516e+00
-1.629935455322265625e+01,-4.475714683532714844e+00,-2.457518339157104492e+00
9.779554367065429688e+00,-3.517226457595825195e+00,8.048326492309570312e+00
-6.127683162689208984e+00,1.395746231079101562e+01,-1.476914691925048828e+01
-4.229879379272460938e+00,2.017453670501708984e+00,-1.000193691253662109e+01
-5.880872011184692383e-01,1.088031578063964844e+01,1.769339561462402344e+01
-1.339444446563720703e+01,4.401201248168945312e+00,1.962988734245300293e+00
-1.035842895507812500e+01,-8.523751258850097656e+00,-7.958002090454101562e+00
1.073982429504394531e+01,4.729884624481201172e+00,1.832795143127441406e+01
-1.181899261474609375e+01,-1.164076805114746094e+01,5.572638511657714844e+00
4.435013294219970703e+00,-1.511546993255615234e+01,7.975061893463134766e+00
1.529570388793945312e+01,-1.165136241912841797e+01,5.956519603729248047e+00
-1.240242481231689453e+01,-2.443888902664184570e+00,4.219213485717773438e+00
1.409151458740234375e+01,-2.168682813644409180e+00,1.471597194671630859e+01
-3.824859857559204102e-01,1.749734115600585938e+01,1.224119567871093750e+01
-5.895026206970214844e+00,1.412749576568603516e+01,-1.469935894012451172e+01
-8.654469490051269531e+00,-7.094504356384277344e+00,-1.190702557563781738e+00
-5.912757873535156250e+00,1.413988399505615234e+01,-1.486411285400390625e+01
-2.821089029312133789e+00,-1.278057289123535156e+01,-9.016073226928710938e+00
-5.241402149200439453e+00,1.096277427673339844e+01,-5.206225872039794922e+00
4.259696483612060547e+00,6.728696823120117188e+00,-1.761542320251464844e+01
5.169234752655029297e+00,1.125914382934570312e+01,-1.509762883186340332e+00
-1.591064333915710449e+00,8.472033500671386719e+00,-3.248184680938720703e+00
-4.231122016906738281e+00,2.018640756607055664e+00,-1.000076580047607422e+01
-5.103783130645751953e+00,3.155502319335937500e+00,1.508940696716308594e+00
-2.821234464645385742e+00,-1.278042984008789062e+01,-9.015625953674316406e+00
9.802395820617675781e+00,-8.851686477661132812e+00,-9.199011802673339844e+00
6.347321987152099609e+00,1.119232940673828125e+01,-6.900128841400146484e+00
-5.228543281555175781e+00,1.097634887695312500e+01,-5.189794063568115234e+00
-5.232357025146484375e+00,1.096531295776367188e+01,-5.200304985046386719e+00
-5.891766071319580078e+00,1.415741825103759766e+01,-1.488479995727539062e+01
1.358529281616210938e+01,1.830826950073242188e+01,7.997299671173095703e+00
-5.228734970092773438e+00,1.097857666015625000e+01,-5.186940193176269531e+00
1.388060855865478516e+01,1.859936141967773438e+01,7.711223602294921875e+00
-2.594686508178710938e+00,5.565069243311882019e-02,1.430263042449951172e+01
1.870178031921386719e+01,-6.999086856842041016e+00,4.744902610778808594e+00
1.771524047851562500e+01,-3.432796001434326172e-01,-4.591414928436279297e+00
1.562764167785644531e+01,1.313787269592285156e+01,-4.778316497802734375e+00
6.537144184112548828e+00,8.705570697784423828e-01,-1.702691268920898438e+01
3.807467699050903320e+00,5.054887294769287109e+00,-2.114914417266845703e+00
-4.123117029666900635e-01,1.102227306365966797e+01,1.762476730346679688e+01
1.539413833618164062e+01,1.287843799591064453e+01,-4.830222606658935547e+00
5.296205997467041016e+00,-6.166884899139404297e+00,1.468765354156494141e+01
5.411639213562011719e+00,6.257817745208740234e+00,-2.224537372589111328e+00
2.062322235107421875e+01,1.234311342239379883e+00,3.822795629501342773e+00
5.534814357757568359e+00,-5.305951595306396484e+00,-1.694565773010253906e+01
5.169408798217773438e+00,1.125900363922119141e+01,-1.509753942489624023e+00
-8.884809911251068115e-02,1.742707061767578125e+01,1.252955436706542969e+01
-3.297406673431396484e+00,1.967770385742187500e+01,2.133597373962402344e+00
1.645596623420715332e+00,2.320420837402343750e+01,-6.929509639739990234e+00
-6.084377288818359375e+00,1.397987461090087891e+01,-1.465225028991699219e+01
1.358487033843994141e+01,1.830861473083496094e+01,7.997127056121826172e+00
1.073610877990722656e+01,4.729486465454101562e+00,1.833095550537109375e+01
1.897645568847656250e+01,5.682583332061767578e+00,-2.544336080551147461e+00
-1.385841369628906250e-01,1.741620063781738281e+01,1.250759887695312500e+01
-3.322209596633911133e+00,1.965304183959960938e+01,2.158324956893920898e+00
-4.741788506507873535e-01,1.093878364562988281e+01,1.785871887207031250e+01
6.537002086639404297e+00,8.710069060325622559e-01,-1.702666091918945312e+01
-3.335933923721313477e+00,1.963927459716796875e+01,2.172076225280761719e+00
-1.522576236724853516e+01,4.096412181854248047e+00,-7.680642127990722656e+00
-2.361263513565063477e+00,-2.207903861999511719e+00,-1.804140853881835938e+01
-1.450770348310470581e-01,-1.283739280700683594e+01,1.383227348327636719e+01
8.682140350341796875e+00,1.886684226989746094e+01,-3.298517942428588867e+00
-4.290817737579345703e+00,-1.301008319854736328e+01,-1.398552536964416504e+00
1.007659912109375000e+01,-1.116707801818847656e+01,1.000952434539794922e+01
8.619740605354309082e-01,3.347807645797729492e+00,-1.008206009864807129e+00
-5.991932392120361328e+00,1.410491561889648438e+01,-1.481540966033935547e+01
-3.877898454666137695e-01,1.748764228820800781e+01,1.225053596496582031e+01
-4.888487234711647034e-02,1.736854362487792969e+01,1.242385864257812500e+01
-1.635512351989746094e+01,7.214338302612304688e+00,8.041309356689453125e+00
-6.102786064147949219e+00,1.392756175994873047e+01,-1.455008411407470703e+01
-2.042909860610961914e+00,6.324550628662109375e+00,-4.281899929046630859e+00
-5.232966423034667969e+00,5.467521667480468750e+00,-1.834443855285644531e+01
2.792957782745361328e+00,-9.140023231506347656e+00,-1.535073280334472656e+01
3.586857318878173828e-01,-7.934873104095458984e+00,-4.477407932281494141e+00
1.645572304725646973e+00,2.320313453674316406e+01,-6.930364131927490234e+00
-2.379833459854125977e+00,3.786763548851013184e-01,1.456941986083984375e+01
1.551838397979736328e+01,1.301731300354003906e+01,-4.685283660888671875e+00
1.870211601257324219e+01,-6.999696254730224609e+00,4.745160102844238281e+00
1.073529434204101562e+01,4.728456974029541016e+00,1.833172225952148438e+01
2.178330993652343750e+01,-4.067901611328125000e+00,-1.074228525161743164e+00
-4.401406288146972656e+00,-1.001113176345825195e+00,6.258142948150634766e+00
1.553211688995361328e+01,1.304261398315429688e+01,-4.685536861419677734e+00
1.870394897460937500e+01,-6.999984264373779297e+00,4.742562294006347656e+00
-1.181842231750488281e+01,-1.164073562622070312e+01,5.573768615722656250e+00
6.347627162933349609e+00,1.119232654571533203e+01,-6.900136947631835938e+00
5.534532546997070312e+00,-5.306166172027587891e+00,-1.694549369812011719e+01
2.691366434097290039e+00,5.653872489929199219e+00,1.984171104431152344e+01
-1.010427698493003845e-01,1.749222564697265625e+01,1.257528877258300781e+01
-2.360590934753417969e+00,-2.207328796386718750e+00,-1.804423522949218750e+01
2.108205604553222656e+01,8.055671691894531250e+00,8.824887275695800781e+00
-9.614425659179687500e+00,-3.366358757019042969e+00,-1.155817604064941406e+01
-4.369161427021026611e-01,1.098134517669677734e+01,1.778520584106445312e+01
4.903645515441894531e+00,1.578030204772949219e+01,7.198727130889892578e+00
-2.594928264617919922e+00,5.445116758346557617e-02,1.436488151550292969e+01
-1.201680755615234375e+01,5.043567419052124023e-01,1.043450927734375000e+01
8.132742881774902344e+00,-1.494329571723937988e-01,1.636555290222167969e+01
8.471215248107910156e+00,1.785320854187011719e+01,-2.837992429733276367e+00
-9.450722932815551758e-01,3.586919903755187988e-01,3.195481777191162109e+00
-5.201009750366210938e+00,1.099922370910644531e+01,-5.166458606719970703e+00
7.144413471221923828e+00,9.014325141906738281e+00,-7.700757384300231934e-01
3.397333145141601562e+00,6.600333690643310547e+00,-1.752501010894775391e+00
-2.113359570503234863e-01,1.747349357604980469e+01,1.235527896881103516e+01
2.093606185913085938e+01,1.075415897369384766e+01,2.526680707931518555e+00
-5.993515968322753906e+00,1.407350635528564453e+01,-1.462307929992675781e+01
-6.049180984497070312e+00,1.411389732360839844e+01,-1.473920440673828125e+01
6.279774665832519531e+00,4.666613101959228516e+00,6.321526050567626953e+00
2.601540565490722656e+00,4.465163230895996094e+00,-4.246300697326660156e+00
-2.350866556167602539e+00,-2.197699546813964844e+00,-1.805012702941894531e+01
-5.658435225486755371e-01,1.089573097229003906e+01,1.768927192687988281e+01
4.433071136474609375e+00,-1.511350536346435547e+01,7.977044105529785156e+00
8.133499145507812500e+00,-1.499769389629364014e-01,1.636487579345703125e+01
8.472638130187988281e+00,1.784793853759765625e+01,-2.835555553436279297e+00
2.514587402343750000e+00,1.802717971801757812e+01,1.222040772438049316e+00
8.133239746093750000e+00,-1.494866758584976196e-01,1.636490249633789062e+01
8.473073959350585938e+00,1.784780883789062500e+01,-2.835569381713867188e+00
8.588981628417968750e+00,1.834823417663574219e+01,-3.172419786453247070e+00
6.959561705589294434e-01,4.867319583892822266e+00,-9.273704886436462402e-02
1.569342041015625000e+01,1.319886779785156250e+01,-4.579276561737060547e+00
-1.686699676513671875e+01,1.086349201202392578e+01,-2.892509222030639648e+00
-2.678259849548339844e+00,2.368640154600143433e-02,1.388055133819580078e+01
8.439994812011718750e+00,-1.447962284088134766e+01,1.922819495201110840e+00
1.016902732849121094e+01,-1.367392826080322266e+01,-4.208315849304199219e+00
1.537113547325134277e+00,2.332265472412109375e+01,-7.041254043579101562e+00
2.792325019836425781e+00,-9.140410423278808594e+00,-1.535136890411376953e+01
2.062408828735351562e+01,1.236069560050964355e+00,3.824326753616333008e+00
6.094629764556884766e+00,1.008426189422607422e+01,-1.521916866302490234e+00
1.194216966629028320e+00,6.411706924438476562e+00,2.615641832351684570e+00
2.517763614654541016e+00,1.802357101440429688e+01,1.225395679473876953e+00
-2.713852405548095703e+00,-1.003407910466194153e-01,1.457177543640136719e+01
-4.365483760833740234e+00,-1.288369464874267578e+01,6.292337894439697266e+00
-1.436387449502944946e-01,-1.283916759490966797e+01,1.383054542541503906e+01
-5.559179782867431641e-01,1.080957412719726562e+01,1.749293136596679688e+01
-2.666414260864257812e+00,2.873670309782028198e-02,1.391276168823242188e+01
-1.113622570037841797e+01,-1.168958246707916260e-01,-4.694942474365234375e+00
5.534601688385009766e+00,-5.305953502655029297e+00,-1.694563293457031250e+01
1.556740283966064453e+00,2.329531097412109375e+01,-6.996357917785644531e+00
1.175516724586486816e+00,-1.182429885864257812e+01,9.143420457839965820e-01
2.205336189270019531e+01,9.099919319152832031e+00,-7.184814453125000000e+00
-6.723973274230957031e+00,-8.090456008911132812e+00,1.713488578796386719e+01
3.007925748825073242e+00,3.069200277328491211e+00,-5.242847919464111328e+00
1.017059516906738281e+01,-1.367299556732177734e+01,-4.206758022308349609e+00
2.205299949645996094e+01,9.099189758300781250e+00,-7.185511112213134766e+00
-1.872508430480957031e+01,2.105821847915649414e+00,-1.266094803810119629e+00
1.107832336425781250e+01,-3.991651535034179688e+00,-5.452730655670166016e+00
-1.872370719909667969e+01,2.107235193252563477e+00,-1.264839053153991699e+00
4.329255580902099609e+00,6.451951026916503906e+00,-1.782512283325195312e+01
-6.030145168304443359e+00,1.406405067443847656e+01,-1.479868412017822266e+01
1.898535919189453125e+01,3.707633495330810547e+00,1.295077228546142578e+01
-9.754308313131332397e-02,1.739598083496093750e+01,1.227912712097167969e+01
-7.068690299987792969e+00,8.379155158996582031e+00,1.187861919403076172e+01
-1.035817527770996094e+01,-8.523479461669921875e+00,-7.957657814025878906e+00
1.402538585662841797e+01,4.324741840362548828e+00,-1.270237636566162109e+01
7.590330600738525391e+00,9.678996086120605469e+00,-2.752825975418090820e+00
1.388444423675537109e+01,4.597795009613037109e+00,-1.269782066345214844e+01
-4.780351817607879639e-01,8.964026451110839844e+00,4.349556446075439453e+00
-6.230927944183349609e+00,1.380976200103759766e+01,-1.468986225128173828e+01
-1.635553169250488281e+01,7.215021133422851562e+00,8.041728973388671875e+00
1.210544872283935547e+01,1.705443763732910156e+01,8.866456747055053711e-01
5.296917915344238281e+00,-6.164897918701171875e+00,1.468866348266601562e+01
-1.522583293914794922e+01,4.097154617309570312e+00,-7.681625366210937500e+00
2.622454404830932617e+00,6.472446441650390625e+00,2.841442823410034180e+00
-8.383644104003906250e+00,1.032169914245605469e+01,7.110292434692382812e+00
4.345768928527832031e+00,6.425473213195800781e+00,-1.784235954284667969e+01
1.898698043823242188e+01,3.705142974853515625e+00,1.294891071319580078e+01
2.062368774414062500e+01,1.236361265182495117e+00,3.824081420898437500e+00
-7.261650264263153076e-02,1.738874435424804688e+01,1.227887535095214844e+01
1.897427749633789062e+01,5.680372714996337891e+00,-2.542350292205810547e+00
-7.476760447025299072e-02,1.750148391723632812e+01,1.260727405548095703e+01
-3.065605759620666504e-01,1.737421035766601562e+01,1.240784072875976562e+01
1.965615844726562500e+01,2.576453208923339844e+00,-1.444816207885742188e+01
-1.858368813991546631e-01,1.752958679199218750e+01,1.243756389617919922e+01
-1.339421463012695312e+01,4.401082515716552734e+00,1.963248252868652344e+00
6.522205352783203125e+00,2.901294946670532227e+00,9.120942115783691406e+00
1.483666801452636719e+01,-8.437040328979492188e+00,-5.923241615295410156e+00
9.803887367248535156e+00,-8.850293159484863281e+00,-9.198828697204589844e+00
6.417180538177490234e+00,4.550755500793457031e+00,4.586294651031494141e+00
-1.339563941955566406e+01,4.402726173400878906e+00,1.961897015571594238e+00
1.049112701416015625e+01,9.484433174133300781e+00,1.171776199340820312e+01
2.790390968322753906e+00,-9.141178131103515625e+00,-1.535273933410644531e+01
6.887091159820556641e+00,3.797316551208496094e+00,5.112866401672363281e+00
-4.223476350307464600e-01,1.098730754852294922e+01,1.756685447692871094e+01
2.791364192962646484e+00,-9.141875267028808594e+00,-1.535178089141845703e+01
-8.383306503295898438e+00,1.032138633728027344e+01,7.109075546264648438e+00
-4.364767551422119141e+00,-1.288330936431884766e+01,6.292158126831054688e+00
1.380273437500000000e+01,4.567813873291015625e+00,-1.263246917724609375e+01
-1.181684112548828125e+01,-1.164210033416748047e+01,5.572297096252441406e+00
-3.318836927413940430e+00,1.965641403198242188e+01,2.154937028884887695e+00
6.415404319763183594e+00,4.555432796478271484e+00,4.597348690032958984e+00
8.573696017265319824e-01,3.343353986740112305e+00,-1.005784392356872559e+00
2.694320678710937500e+00,4.105077743530273438e+00,-4.466028213500976562e+00
-4.401224613189697266e+00,-1.000634551048278809e+00,6.258203029632568359e+00
-4.401927947998046875e+00,-1.001492738723754883e+00,6.257682800292968750e+00
3.968059062957763672e+00,-1.231577205657958984e+01,-9.636779785156250000e+00
1.107811164855957031e+01,-3.992220163345336914e+00,-5.452663898468017578e+00
-6.722853183746337891e+00,-8.089914321899414062e+00,1.713461303710937500e+01
3.595530092716217041e-01,-7.934012889862060547e+00,-4.478280067443847656e+00
2.790508031845092773e+00,-9.141754150390625000e+00,-1.535261535644531250e+01
-4.959712624549865723e-01,1.091265106201171875e+01,1.781226539611816406e+01
2.205244636535644531e+01,9.098631858825683594e+00,-7.186086177825927734e+00
2.062245559692382812e+01,1.237623453140258789e+00,3.825517177581787109e+00
9.435118675231933594e+00,1.238412475585937500e+01,-1.154452514648437500e+01
-5.232455730438232422e+00,1.097922992706298828e+01,-5.189623355865478516e+00
9.779925346374511719e+00,-3.515888214111328125e+00,8.048719406127929688e+00
2.765584707260131836e+00,3.367138147354125977e+00,-4.875129699707031250e+00
-2.223231792449951172e+00,3.804048895835876465e-02,1.423107433319091797e+01
-5.632013082504272461e-01,1.088727569580078125e+01,1.765847778320312500e+01
-2.678289890289306641e+00,2.390077896416187286e-02,1.388183307647705078e+01
5.818524360656738281e+00,1.127776241302490234e+01,1.191269978880882263e-01
8.687905311584472656e+00,1.889387321472167969e+01,-3.308292865753173828e+00
-9.616700172424316406e+00,-3.368176221847534180e+00,-1.155597686767578125e+01
1.107807254791259766e+01,-3.992206811904907227e+00,-5.451230049133300781e+00
-1.026833280920982361e-01,1.757927131652832031e+01,1.227240848541259766e+01
8.682779312133789062e+00,1.886889839172363281e+01,-3.300479173660278320e+00
8.577478408813476562e+00,1.775925445556640625e+01,-4.178696155548095703e+00
-3.615285754203796387e-01,1.750409507751464844e+01,1.223799514770507812e+01
8.688140869140625000e+00,1.889350891113281250e+01,-3.306844472885131836e+00
2.108151054382324219e+01,8.056176185607910156e+00,8.825441360473632812e+00
1.870314788818359375e+01,-6.999603271484375000e+00,4.743096351623535156e+00
1.516727828979492188e+01,9.731646776199340820e-01,7.786817073822021484e+00
1.380917072296142578e+01,4.557647705078125000e+00,-1.263519001007080078e+01
-5.232661247253417969e+00,5.467065334320068359e+00,-1.834491157531738281e+01
1.395575809478759766e+01,1.853101921081542969e+01,7.659840106964111328e+00
1.553940391540527344e+01,1.304365062713623047e+01,-4.676084041595458984e+00
8.577445030212402344e+00,1.775902175903320312e+01,-4.178886413574218750e+00
1.361244487762451172e+01,1.833604240417480469e+01,7.965820789337158203e+00
4.898225307464599609e+00,1.578712368011474609e+01,7.192153453826904297e+00
-1.339536285400390625e+01,4.401340007781982422e+00,1.961882472038269043e+00
-2.052144110202789307e-01,1.740486717224121094e+01,1.241096305847167969e+01
-2.576990842819213867e+00,7.757789641618728638e-02,1.432620811462402344e+01
1.897748947143554688e+01,5.683917045593261719e+00,-2.545162916183471680e+00
1.033955097198486328e+01,9.365645408630371094e+00,1.144730854034423828e+01
1.870197868347167969e+01,-6.998962879180908203e+00,4.743981838226318359e+00
-3.262088060379028320e+00,1.971299552917480469e+01,2.098165750503540039e+00
-9.618729591369628906e+00,1.398002815246582031e+01,2.825397729873657227e+00
9.780082702636718750e+00,-3.516188859939575195e+00,8.048859596252441406e+00
8.595042824745178223e-01,3.344566106796264648e+00,-1.004482507705688477e+00
1.483756351470947266e+01,-8.435972213745117188e+00,-5.921531677246093750e+00
2.689110279083251953e+00,5.656129837036132812e+00,1.983946037292480469e+01
1.898673057556152344e+01,3.705312252044677734e+00,1.294840049743652344e+01
-2.361446142196655273e+00,-2.208264589309692383e+00,-1.804498481750488281e+01
-1.240186500549316406e+01,-2.443437099456787109e+00,4.219428062438964844e+00
-8.655525207519531250e+00,-7.095567226409912109e+00,-1.191758751869201660e+00
1.210505485534667969e+01,1.705496406555175781e+01,8.860985636711120605e-01
-1.635573005676269531e+01,7.214717864990234375e+00,8.041918754577636719e+00
-9.446860551834106445e-01,1.236820101737976074e+00,2.249172782897949219e+01
2.205311203002929688e+01,9.099321365356445312e+00,-7.185411930084228516e+00
-9.619584083557128906e+00,-3.365828275680541992e+00,-1.155312156677246094e+01
-2.362336635589599609e+00,-2.209191560745239258e+00,-1.804608535766601562e+01
1.016851520538330078e+01,-1.367627620697021484e+01,-4.208831787109375000e+00
-1.240325832366943359e+01,-2.443825483322143555e+00,4.217942237854003906e+00
-5.857644081115722656e-01,1.087414646148681641e+01,1.767053222656250000e+01
1.529563999176025391e+01,-1.165192222595214844e+01,5.956049442291259766e+00
1.516771221160888672e+01,9.727892279624938965e-01,7.786399364471435547e+00
9.778342247009277344e+00,-3.515537023544311523e+00,8.049235343933105469e+00
-5.462285876274108887e-01,1.090309429168701172e+01,1.765350532531738281e+01
-7.120818495750427246e-01,1.072686195373535156e+01,1.764104843139648438e+01
7.396701335906982422e+00,7.243659973144531250e+00,8.520361900329589844e+00
-4.194982051849365234e-01,1.098396110534667969e+01,1.752561378479003906e+01
9.803217887878417969e+00,-8.851002693176269531e+00,-9.199568748474121094e+00
-1.035868644714355469e+01,-8.523926734924316406e+00,-7.956912040710449219e+00
1.174990415573120117e+00,-1.182514667510986328e+01,9.135083556175231934e-01
-1.515246331691741943e-01,1.731786727905273438e+01,1.243271636962890625e+01
-9.840299606323242188e+00,1.394934463500976562e+01,2.453851938247680664e+00
3.968559026718139648e+00,-1.231531620025634766e+01,-9.637437820434570312e+00
-9.823492050170898438e+00,1.389849472045898438e+01,2.397301435470581055e+00
-6.357875347137451172e+00,-6.854047298431396484e+00,2.891430377960205078e+00
-1.180613231658935547e+01,1.059655952453613281e+01,-8.059690475463867188e+00
-3.813700675964355469e-01,1.745426559448242188e+01,1.225576496124267578e+01
8.577562332153320312e+00,1.775876045227050781e+01,-4.179904937744140625e+00
-1.418474912643432617e-01,-1.284111690521240234e+01,1.383319759368896484e+01
5.830475330352783203e+00,2.134704887866973877e-01,-1.611645698547363281e+00
-1.159053516387939453e+01,5.414906978607177734e+00,1.463200283050537109e+01
2.093558311462402344e+01,1.075463771820068359e+01,2.527334213256835938e+00
-9.787239074707031250e+00,1.386033153533935547e+01,2.407441139221191406e+00
1.388599681854248047e+01,4.547854423522949219e+00,-1.270193862915039062e+01
1.483732223510742188e+01,-8.438630104064941406e+00,-5.923753261566162109e+00
-1.872467422485351562e+01,2.106996536254882812e+00,-1.265176296234130859e+00
2.062112426757812500e+01,1.236243605613708496e+00,3.826504468917846680e+00
-3.912236094474792480e-01,1.746350288391113281e+01,1.223787403106689453e+01
1.870317077636718750e+01,-6.998782157897949219e+00,4.744621753692626953e+00
-2.821883678436279297e+00,-1.277978801727294922e+01,-9.015184402465820312e+00
5.252751111984252930e-01,1.301081752777099609e+01,2.569430112838745117e+00
2.205430793762207031e+01,9.100369453430175781e+00,-7.184376716613769531e+00
3.216304540634155273e+00,-3.080133438110351562e+00,-8.956802368164062500e+00
2.885871887207031250e+00,-1.011069774627685547e+00,3.314275264739990234e+00
1.409301280975341797e+01,-2.170189857482910156e+00,1.471764373779296875e+01
6.345397949218750000e+00,1.119475269317626953e+01,-6.902605056762695312e+00
-4.365398406982421875e+00,-1.288366413116455078e+01,6.292891025543212891e+00
-5.239643096923828125e+00,1.096680450439453125e+01,-5.202735424041748047e+00
1.409349727630615234e+01,-2.170706033706665039e+00,1.471796607971191406e+01
-1.635632133483886719e+01,7.214965820312500000e+00,8.042562484741210938e+00
-7.069228649139404297e+00,8.379673004150390625e+00,1.187819290161132812e+01
1.898656654357910156e+01,3.705506563186645508e+00,1.294861507415771484e+01
-1.599805355072021484e+00,8.457966804504394531e+00,-3.261159896850585938e+00
1.389882755279541016e+01,1.846208953857421875e+01,7.781923294067382812e+00
1.393532466888427734e+01,1.866073799133300781e+01,7.755930900573730469e+00
-1.656038165092468262e-01,1.756776046752929688e+01,1.245890426635742188e+01
1.016854953765869141e+01,-1.367416954040527344e+01,-4.208778858184814453e+00
1.607168078422546387e+00,7.562452793121337891e+00,4.532790660858154297e+00
-2.582136869430541992e+00,2.913805469870567322e-02,1.426387786865234375e+01
1.966128921508789062e+01,2.570691585540771484e+00,-1.444355773925781250e+01
-6.744759559631347656e+00,1.926582527160644531e+01,-5.214577674865722656e+00
3.005406141281127930e+00,3.072788238525390625e+00,-5.238706111907958984e+00
2.515955924987792969e+00,1.802567291259765625e+01,1.223039150238037109e+00
2.517005681991577148e+00,1.802430152893066406e+01,1.224446058273315430e+00
-1.180538272857666016e+01,1.059579944610595703e+01,-8.060461044311523438e+00
1.409333610534667969e+01,-2.170561075210571289e+00,1.471779251098632812e+01
1.388942337036132812e+01,4.600419044494628906e+00,-1.270044994354248047e+01
-5.692409873008728027e-01,1.090680885314941406e+01,1.768751716613769531e+01
1.409412479400634766e+01,-2.171375274658203125e+00,1.471852493286132812e+01
1.409231281280517578e+01,-2.169579744338989258e+00,1.471678352355957031e+01
-2.820863008499145508e+00,-1.278077316284179688e+01,-9.014779090881347656e+00
1.384234619140625000e+01,4.629459381103515625e+00,-1.261069202423095703e+01
2.791199684143066406e+00,-9.142506599426269531e+00,-1.535158920288085938e+01
1.501764774322509766e+00,2.336246299743652344e+01,-7.061367511749267578e+00
-4.364112854003906250e+00,-1.288246631622314453e+01,6.293222904205322266e+00
-5.233529090881347656e+00,5.467921257019042969e+00,-1.834410285949707031e+01
-7.068150520324707031e+00,8.378537178039550781e+00,1.187908363342285156e+01
8.439773559570312500e+00,-1.447996807098388672e+01,1.922684907913208008e+00
6.887302398681640625e+00,3.794522762298583984e+00,5.114860057830810547e+00
2.178218078613281250e+01,-4.066411972045898438e+00,-1.073158025741577148e+00
-9.452129602432250977e-01,1.237435817718505859e+00,2.249205970764160156e+01
1.516733932495117188e+01,9.734545946121215820e-01,7.786982059478759766e+00
1.016883182525634766e+01,-1.367847251892089844e+01,-4.208433628082275391e+00
7.969044685363769531e+00,-1.651376008987426758e+00,1.343287229537963867e+00
3.967216014862060547e+00,-1.231663036346435547e+01,-9.636098861694335938e+00
5.103911399841308594e+00,4.533212184906005859e+00,-4.705756187438964844e+00
1.051050472259521484e+01,9.500701904296875000e+00,1.169818496704101562e+01
6.536437511444091797e+00,8.719978332519531250e-01,-1.702560043334960938e+01
1.050734996795654297e+01,9.498066902160644531e+00,1.170162487030029297e+01
1.130712151527404785e+00,6.385639667510986328e+00,2.439305305480957031e+00
-1.029679179191589355e-01,1.736874961853027344e+01,1.233923435211181641e+01
-1.686833763122558594e+01,1.086417388916015625e+01,-2.893679141998291016e+00
1.034636974334716797e+01,9.358966827392578125e+00,1.186071205139160156e+01
-9.572648048400878906e+00,1.372704887390136719e+01,2.599896430969238281e+00
-3.281712770462036133e+00,1.969334220886230469e+01,2.117933034896850586e+00
-2.042926311492919922e+00,6.324517726898193359e+00,-4.281855106353759766e+00
4.433788776397705078e+00,-1.511412239074707031e+01,7.976361751556396484e+00
-1.113591670989990234e+01,-1.179140657186508179e-01,-4.695357799530029297e+00
1.160864353179931641e+00,6.477584362030029297e+00,2.688803911209106445e+00
9.090043067932128906e+00,8.870045661926269531e+00,2.682719469070434570e+00
4.434679985046386719e+00,-1.511492156982421875e+01,7.975549221038818359e+00
2.691206932067871094e+00,5.654057502746582031e+00,1.984156608581542969e+01
1.409634399414062500e+01,-2.173642158508300781e+00,1.472065067291259766e+01
-5.106838703155517578e+00,3.155349969863891602e+00,1.509236097335815430e+00
2.093535041809082031e+01,1.075483894348144531e+01,2.526808738708496094e+00
-1.522623634338378906e+01,4.096991062164306641e+00,-7.683209419250488281e+00
2.062012672424316406e+01,1.237958550453186035e+00,3.828042030334472656e+00
-9.615187644958496094e+00,1.397412490844726562e+01,2.834016799926757812e+00
-7.080672264099121094e+00,4.314421653747558594e+00,6.306910514831542969e+00
4.280048847198486328e+00,6.665944576263427734e+00,-1.765979766845703125e+01
-3.326663732528686523e+00,1.964861679077148438e+01,2.162762641906738281e+00
1.771325874328613281e+01,-3.422435522079467773e-01,-4.589445590972900391e+00
-5.042538046836853027e-01,4.631218433380126953e+00,6.950581550598144531e+00
8.438678741455078125e+00,-1.448099613189697266e+01,1.921536087989807129e+00
8.438633918762207031e+00,-1.448117446899414062e+01,1.921885371208190918e+00
-1.240154647827148438e+01,-2.444308042526245117e+00,4.219530582427978516e+00
1.541449260711669922e+01,1.293089008331298828e+01,-4.829618930816650391e+00
-3.774271607398986816e-01,1.748787689208984375e+01,1.227783870697021484e+01
1.771351432800292969e+01,-3.424611389636993408e-01,-4.589743137359619141e+00
-6.587340235710144043e-01,1.076843261718750000e+01,1.760387420654296875e+01
-9.616942405700683594e+00,-3.368140220642089844e+00,-1.155577945709228516e+01
-4.364538669586181641e+00,-1.288305187225341797e+01,6.294011592864990234e+00
-5.945238590240478516e+00,1.404311943054199219e+01,-1.444132232666015625e+01
2.093558502197265625e+01,1.075465679168701172e+01,2.527029752731323242e+00
-4.291791915893554688e+00,-1.301007843017578125e+01,-1.398508071899414062e+00
-4.229677677154541016e+00,2.020036935806274414e+00,-9.999353408813476562e+00
-5.233757972717285156e+00,5.467147350311279297e+00,-1.834488677978515625e+01
-2.677106618881225586e+00,2.435859479010105133e-02,1.389264202117919922e+01
8.438486099243164062e+00,-1.448137378692626953e+01,1.921949505805969238e+00
1.386979198455810547e+01,-4.497513294219970703e+00,-1.458371829986572266e+01
-7.066184043884277344e+00,8.376485824584960938e+00,1.188080406188964844e+01
-4.364211082458496094e+00,-1.288331413269042969e+01,6.293066501617431641e+00
-4.228928089141845703e+00,2.020090341567993164e+00,-9.999301910400390625e+00
2.178307342529296875e+01,-4.066282272338867188e+00,-1.074321866035461426e+00
-9.589654952287673950e-02,-5.843565464019775391e+00,9.735126495361328125e-01
1.771439361572265625e+01,-3.432369232177734375e-01,-4.590488910675048828e+00
2.687530755996704102e+00,5.657862663269042969e+00,1.983802032470703125e+01
8.438551902770996094e+00,-1.448132801055908203e+01,1.921801924705505371e+00
1.897193717956542969e+01,5.677612781524658203e+00,-2.539223194122314453e+00
1.386944770812988281e+01,-4.497316837310791016e+00,-1.458409118652343750e+01
5.254874229431152344e-01,1.301071834564208984e+01,2.569298028945922852e+00
1.387104415893554688e+01,-4.498828411102294922e+00,-1.458233165740966797e+01
-7.068503379821777344e+00,8.378850936889648438e+00,1.187869262695312500e+01
1.805834293365478516e+00,3.248445987701416016e+00,1.385067105293273926e+00
1.542935848236083984e+00,2.331098747253417969e+01,-7.013072967529296875e+00
8.438708186149597168e-01,2.090365409851074219e+00,-2.632828354835510254e-01
9.033855438232421875e+00,8.142902374267578125e+00,-1.070630645751953125e+01
-1.811746835708618164e+00,5.654874801635742188e+00,-3.404880523681640625e+00
9.089146614074707031e+00,8.076329231262207031e+00,-1.082981014251708984e+01
-4.228823661804199219e+00,2.019874572753906250e+00,-9.999528884887695312e+00
-1.591765761375427246e+00,8.471239089965820312e+00,-3.249092817306518555e+00
6.735983371734619141e+00,-7.234147071838378906e+00,-6.138940900564193726e-02
1.529116630554199219e+01,-1.164725303649902344e+01,5.960742473602294922e+00
7.590808868408203125e+00,9.678689002990722656e+00,-2.752061367034912109e+00
6.094841480255126953e+00,1.008418750762939453e+01,-1.521274447441101074e+00
3.215128660202026367e+00,-3.078943252563476562e+00,-8.955480575561523438e+00
-9.686509132385253906e+00,1.379824542999267578e+01,2.514926671981811523e+00
-6.842058151960372925e-02,1.747585296630859375e+01,1.262188911437988281e+01
-6.722703456878662109e+00,-8.090909957885742188e+00,1.713602638244628906e+01
1.641012001037597656e+01,-6.585949897766113281e+00,1.172175407409667969e+01
1.107819175720214844e+01,-3.992072343826293945e+00,-5.451064586639404297e+00
-2.042989492416381836e+00,6.324611186981201172e+00,-4.282052993774414062e+00
1.381164741516113281e+01,4.564136505126953125e+00,-1.263443183898925781e+01
7.592299938201904297e+00,9.677910804748535156e+00,-2.752424716949462891e+00
1.409473705291748047e+01,-2.172057628631591797e+00,1.471953392028808594e+01
-2.759163856506347656e+00,-7.732562065124511719e+00,9.366563796997070312e+00
-1.142520546913146973e+00,3.891519069671630859e+00,-2.686977863311767578e+00
6.276596069335937500e+00,4.665071487426757812e+00,6.328454017639160156e+00
-1.201721572875976562e+01,5.039713978767395020e-01,1.043488979339599609e+01
6.522136688232421875e+00,2.901113986968994141e+00,9.120999336242675781e+00
-1.159065818786621094e+01,5.414995670318603516e+00,1.463209438323974609e+01
4.186277866363525391e+00,6.308903694152832031e+00,-1.770593070983886719e+01
-9.748246192932128906e+00,1.384961128234863281e+01,2.443615436553955078e+00
1.388905811309814453e+01,4.507354736328125000e+00,-1.276630210876464844e+01
-2.235630750656127930e+00,6.297245502471923828e+00,-1.766683578491210938e+00
-1.579260826110839844e+00,8.476438522338867188e+00,-3.238184690475463867e+00
-6.745764732360839844e+00,1.928203964233398438e+01,-5.234791278839111328e+00
1.210538864135742188e+01,1.705437088012695312e+01,8.866564035415649414e-01
-1.522817325592041016e+01,4.094655036926269531e+00,-7.682438850402832031e+00
1.016447925567626953e+01,-1.367934799194335938e+01,-4.212783336639404297e+00
-1.872467422485351562e+01,2.106939792633056641e+00,-1.265326738357543945e+00
-1.203581809997558594e+00,3.223943948745727539e+00,1.959735274314880371e+00
-4.229264259338378906e+00,2.019409894943237305e+00,-9.999986648559570312e+00
3.397660493850708008e+00,6.597628116607666016e+00,-1.752430558204650879e+00
9.024957656860351562e+00,8.127833366394042969e+00,-1.074503135681152344e+01
8.541255950927734375e+00,1.828841972351074219e+01,-3.170000314712524414e+00
-1.731592267751693726e-01,1.748711204528808594e+01,1.250432109832763672e+01
-1.361592113971710205e-01,1.741150283813476562e+01,1.244826316833496094e+01
1.412228488922119141e+01,4.234930992126464844e+00,-1.264676475524902344e+01
-5.775795459747314453e+00,1.395679378509521484e+01,-1.479198360443115234e+01
3.964332103729248047e+00,-1.231672763824462891e+01,-9.636175155639648438e+00
-4.228952407836914062e+00,2.019805669784545898e+00,-9.999596595764160156e+00
5.817501544952392578e+00,1.127865791320800781e+01,1.199415028095245361e-01
1.540254831314086914e+00,2.333663177490234375e+01,-7.094907283782958984e+00
-1.339423370361328125e+01,4.401928901672363281e+00,1.961270928382873535e+00
1.541487503051757812e+01,1.289855384826660156e+01,-4.810439109802246094e+00
1.033655166625976562e+01,9.350251197814941406e+00,1.187060642242431641e+01
-8.896093964576721191e-01,5.131447792053222656e+00,7.014898777008056641e+00
4.172732353210449219e+00,6.293030261993408203e+00,-1.769597434997558594e+01
4.062480926513671875e+00,5.930122375488281250e+00,-1.807255268096923828e+00
4.170184612274169922e+00,6.290915966033935547e+00,-1.769394302368164062e+01
1.543675231933593750e+01,1.292049217224121094e+01,-4.803444862365722656e+00
-2.235563278198242188e+00,6.296984672546386719e+00,-1.766952633857727051e+00
-4.230152606964111328e+00,2.019380807876586914e+00,-1.000004482269287109e+01
1.516058206558227539e+00,2.990758419036865234e+00,1.290513396263122559e+00
-5.188923358917236328e+00,-4.417881965637207031e+00,-1.421566963195800781e+01
3.369155824184417725e-01,4.172878265380859375e+00,1.111361145973205566e+00
-6.751234054565429688e+00,1.926990699768066406e+01,-5.222433567047119141e+00
1.965365791320800781e+01,2.578627347946166992e+00,-1.445002365112304688e+01
9.806300163269042969e+00,-8.847666740417480469e+00,-9.197078704833984375e+00
1.641044807434082031e+01,-6.583884716033935547e+00,1.172139167785644531e+01
1.215380954742431641e+01,-6.375066757202148438e+00,1.188269972801208496e+00
7.397118568420410156e+00,7.244055271148681641e+00,8.520812988281250000e+00
2.321140289306640625e+00,6.110591888427734375e+00,-2.427570343017578125e+00
1.897392272949218750e+01,5.677166461944580078e+00,-2.539195299148559570e+00
1.073314857482910156e+01,4.725916385650634766e+00,1.833376121520996094e+01
-6.722320556640625000e+00,-8.088756561279296875e+00,1.713471794128417969e+01
-1.339312744140625000e+01,4.400473117828369141e+00,1.961010456085205078e+00
-4.290202617645263672e+00,-1.300835037231445312e+01,-1.400300383567810059e+00
1.611239433288574219e+00,2.324107742309570312e+01,-6.966575622558593750e+00
1.470763564109802246e+00,2.336110877990722656e+01,-6.957174777984619141e+00
-6.205739974975585938e-01,9.064446449279785156e+00,3.863385677337646484e+00
-1.113719940185546875e+01,-1.190250515937805176e-01,-4.694449901580810547e+00
6.522212028503417969e+00,2.901081800460815430e+00,9.121044158935546875e+00
-6.852797031402587891e+00,1.918259811401367188e+01,-5.116716384887695312e+00
2.364142656326293945e+00,3.819948196411132812e+00,-4.380396842956542969e+00
8.046354293823242188e+00,-1.689461708068847656e+00,1.365118145942687988e+00
1.233485579490661621e+00,2.960744857788085938e+00,8.857960104942321777e-01
1.016566181182861328e+01,-1.367918109893798828e+01,-4.211609840393066406e+00
-4.595540165901184082e-01,1.094395351409912109e+01,1.785353469848632812e+01
1.358455181121826172e+01,1.830971527099609375e+01,7.993749141693115234e+00
1.359178543090820312e+01,1.831645774841308594e+01,7.988850593566894531e+00
-1.429259479045867920e-01,-1.284167385101318359e+01,1.383010673522949219e+01
-6.592869162559509277e-01,9.206327438354492188e+00,4.060231685638427734e+00
-1.096783065795898438e+01,2.529472589492797852e+00,-1.594453334808349609e+01
-2.357763767242431641e+00,-2.204681158065795898e+00,-1.804687881469726562e+01
-1.961432546377182007e-01,1.742369842529296875e+01,1.243560314178466797e+01
1.516602993011474609e+01,9.757067561149597168e-01,7.788141250610351562e+00
-4.228319168090820312e+00,2.023521423339843750e+00,-9.995905876159667969e+00
1.390084457397460938e+01,1.857027053833007812e+01,7.813479423522949219e+00
-4.231226444244384766e+00,2.024439334869384766e+00,-9.995014190673828125e+00
-2.932544648647308350e-01,5.166138648986816406e+00,1.379235506057739258e+00
9.089598655700683594e+00,8.869954109191894531e+00,2.682415008544921875e+00
1.383237457275390625e+01,1.853889465332031250e+01,7.736111640930175781e+00
-7.426964044570922852e-01,6.054123878479003906e+00,1.227795109152793884e-01
4.349254608154296875e+00,6.467015743255615234e+00,-1.783185005187988281e+01
-6.198494911193847656e+00,1.384304714202880859e+01,-1.466998672485351562e+01
1.516944026947021484e+01,9.722272157669067383e-01,7.784647941589355469e+00
-1.181784248352050781e+01,-1.164044475555419922e+01,5.572290897369384766e+00
9.778736114501953125e+00,-3.515562534332275391e+00,8.049568176269531250e+00
6.736767292022705078e+00,-7.233378410339355469e+00,-6.219467520713806152e-02
-4.292267322540283203e+00,-1.300973033905029297e+01,-1.400342226028442383e+00
-5.233890533447265625e+00,5.466604709625244141e+00,-1.834543418884277344e+01
1.422754764556884766e+01,1.880802917480468750e+01,7.830984592437744141e+00
6.741848945617675781e+00,-7.228295326232910156e+00,-6.727162003517150879e-02
1.357840347290039062e+01,1.830402946472167969e+01,8.001923561096191406e+00
-6.245841026306152344e+00,1.380180358886718750e+01,-1.468119239807128906e+01
-5.963885188102722168e-01,1.088541316986083984e+01,1.771759223937988281e+01
4.306437015533447266e+00,5.401625156402587891e+00,-4.138009548187255859e+00
-9.218291044235229492e-01,5.154792308807373047e+00,7.061973094940185547e+00
-1.646083950996398926e+00,-1.640629887580871582e+00,-2.981339931488037109e+00
5.255739092826843262e-01,1.301063156127929688e+01,2.569236040115356445e+00
-4.289591312408447266e+00,-1.300718784332275391e+01,-1.402083754539489746e+00
8.438915252685546875e+00,-1.448074817657470703e+01,1.921584367752075195e+00
-3.914577066898345947e-01,1.103968048095703125e+01,1.761144828796386719e+01
2.990808486938476562e+00,3.087996959686279297e+00,-5.225943565368652344e+00
1.210645675659179688e+01,1.705384254455566406e+01,8.871564865112304688e-01
-2.624074220657348633e+00,1.030709370970726013e-01,1.434092330932617188e+01
-2.282449483871459961e+00,3.206554800271987915e-02,1.424356937408447266e+01
-6.009727001190185547e+00,1.410812091827392578e+01,-1.485568618774414062e+01
9.089683532714843750e+00,8.869965553283691406e+00,2.682484149932861328e+00
-2.582301139831542969e+00,8.392230421304702759e-02,1.434452724456787109e+01
5.296262264251708984e+00,-6.165247440338134766e+00,1.468805694580078125e+01
1.483773708343505859e+01,-8.437802314758300781e+00,-5.922411918640136719e+00
1.373643016815185547e+01,4.477890014648437500e+00,-1.263406085968017578e+01
-3.793526291847229004e-01,1.103814697265625000e+01,1.757947158813476562e+01
-9.652545928955078125e+00,1.382468509674072266e+01,2.520673036575317383e+00
-6.161568164825439453e+00,1.390823650360107422e+01,-1.474795341491699219e+01
-5.832837104797363281e+00,1.420531749725341797e+01,-1.491149711608886719e+01
3.010202884674072266e+00,3.066671848297119141e+00,-5.246604442596435547e+00
6.738327503204345703e+00,-7.231912612915039062e+00,-6.381731480360031128e-02
2.380989551544189453e+00,3.702799558639526367e+00,1.583999752998352051e+00
5.492419719696044922e+00,1.895259976387023926e+00,-4.313316822052001953e+00
1.566349411010742188e+01,1.316710090637207031e+01,-4.601132869720458984e+00
4.274175167083740234e+00,6.730164527893066406e+00,-1.762188529968261719e+01
-5.104655265808105469e+00,3.154643774032592773e+00,1.508721709251403809e+00
1.050615692138671875e+01,9.497196197509765625e+00,1.170311355590820312e+01
-9.537287712097167969e+00,1.369578361511230469e+01,2.627674102783203125e+00
5.203609466552734375e+00,6.188068389892578125e+00,-2.165110111236572266e+00
1.382219219207763672e+01,1.856682014465332031e+01,7.753248214721679688e+00
1.385223865509033203e+01,1.861751937866210938e+01,7.773713588714599609e+00
7.450240135192871094e+00,7.286193370819091797e+00,8.576952934265136719e+00
3.607130050659179688e-01,-7.932857990264892578e+00,-4.479441165924072266e+00
-1.181899166107177734e+01,-1.163887882232666016e+01,5.570715904235839844e+00
-1.201702690124511719e+01,5.041770339012145996e-01,1.043469142913818359e+01
-5.596734881401062012e-01,1.080638885498046875e+01,1.747206687927246094e+01
-1.113753509521484375e+01,-1.191863641142845154e-01,-4.694869995117187500e+00
1.562843227386474609e+01,1.313640022277832031e+01,-4.759832859039306641e+00
-4.998084008693695068e-01,4.625491619110107422e+00,6.949514389038085938e+00
-1.174915134906768799e-01,1.737083625793457031e+01,1.227814769744873047e+01
-9.719393730163574219e+00,1.375410842895507812e+01,2.366789817810058594e+00
1.373656558990478516e+01,4.440841197967529297e+00,-1.276328659057617188e+01
-9.673294067382812500e+00,1.392343902587890625e+01,2.595704555511474609e+00
-7.095707654953002930e-01,1.071190834045410156e+01,1.759617424011230469e+01
4.021025657653808594e+00,-5.385385990142822266e+00,7.322758674621582031e+00
-9.626771926879882812e+00,1.375455379486083984e+01,2.545481443405151367e+00
1.215277957916259766e+01,-6.373884201049804688e+00,1.187013983726501465e+00
1.516937637329101562e+01,9.726461768150329590e-01,7.785036087036132812e+00
-5.234225273132324219e+00,5.467216014862060547e+00,-1.834483146667480469e+01
-3.867562115192413330e-01,1.104417228698730469e+01,1.760855865478515625e+01
8.134147644042968750e+00,-1.502362191677093506e-01,1.636315727233886719e+01
-8.652986526489257812e+00,-7.093274593353271484e+00,-1.189482331275939941e+00
3.864010334014892578e+00,5.095966339111328125e+00,-2.071875810623168945e+00
4.093435764312744141e+00,3.124884963035583496e-01,2.467663049697875977e+00
-1.203245043754577637e+00,3.224759817123413086e+00,1.959001779556274414e+00
8.475682258605957031e+00,1.785491180419921875e+01,-2.842628240585327148e+00
2.062104606628417969e+01,1.237156271934509277e+00,3.827640295028686523e+00
-9.616862297058105469e+00,-3.368117332458496094e+00,-1.155599403381347656e+01
-1.035727214813232422e+01,-8.522529602050781250e+00,-7.954884529113769531e+00
-7.429202795028686523e-01,6.054239749908447266e+00,1.228231862187385559e-01
5.297581195831298828e+00,-6.166627883911132812e+00,1.468823719024658203e+01
1.529460620880126953e+01,-1.165119266510009766e+01,5.956885814666748047e+00
1.215311717987060547e+01,-6.374180793762207031e+00,1.187682747840881348e+00
-2.759559631347656250e+00,-7.732213973999023438e+00,9.366180419921875000e+00
-9.617869377136230469e+00,-3.367139339447021484e+00,-1.155504512786865234e+01
4.435123443603515625e+00,-1.511530113220214844e+01,7.975143432617187500e+00
2.792584180831909180e+00,-9.140824317932128906e+00,-1.535030460357666016e+01
3.965890884399414062e+00,-1.231583499908447266e+01,-9.636964797973632812e+00
-9.617075920104980469e+00,-3.366423368453979492e+00,-1.155586147308349609e+01
1.210677909851074219e+01,1.705344390869140625e+01,8.875337243080139160e-01
-4.361936569213867188e+00,-1.288165855407714844e+01,6.296147823333740234e+00
1.771306610107421875e+01,-3.417094945907592773e-01,-4.589133262634277344e+00
-9.527811050415039062e+00,1.370578575134277344e+01,2.648663282394409180e+00
3.702733755111694336e+00,5.837008476257324219e+00,-1.832413196563720703e+00
-4.191920161247253418e-01,1.098719882965087891e+01,1.754508590698242188e+01
-9.463345408439636230e-01,1.238604545593261719e+00,2.249313545227050781e+01
-4.401698112487792969e+00,-1.001283288002014160e+00,6.257849216461181641e+00
-1.096578598022460938e+01,2.531261444091796875e+00,-1.594504356384277344e+01
-4.401589393615722656e+00,-1.000957608222961426e+00,6.257781028747558594e+00
3.366808295249938965e-01,4.172873497009277344e+00,1.111472606658935547e+00
1.869654273986816406e+01,-6.998500347137451172e+00,4.749666213989257812e+00
1.215571498870849609e+01,-6.376210212707519531e+00,1.189745664596557617e+00
-1.035936260223388672e+01,-8.524604797363281250e+00,-7.951732635498046875e+00
-1.113885974884033203e+01,-1.188614144921302795e-01,-4.693797111511230469e+00
1.007727050781250000e+01,-1.116674900054931641e+01,1.001017379760742188e+01
2.107895660400390625e+01,8.058752059936523438e+00,8.827945709228515625e+00
5.802990436553955078e+00,9.737247467041015625e+00,-5.537943363189697266e+00
3.546576261520385742e+00,4.433474540710449219e+00,-8.535866737365722656e-01
2.205247497558593750e+01,9.098530769348144531e+00,-7.186217308044433594e+00
-1.181836223602294922e+01,-1.163947582244873047e+01,5.570664882659912109e+00
1.357623863220214844e+01,1.830428695678710938e+01,8.001179695129394531e+00
6.740136623382568359e+00,-7.230082511901855469e+00,-6.562302261590957642e-02
-4.377398192882537842e-01,1.101215648651123047e+01,1.764284133911132812e+01
3.215754985809326172e+00,-3.079621315002441406e+00,-8.956147193908691406e+00
-1.872466659545898438e+01,2.108861684799194336e+00,-1.263571858406066895e+00
-3.326854705810546875e+00,1.964843177795410156e+01,2.162961959838867188e+00
2.061914634704589844e+01,1.239521622657775879e+00,3.829396724700927734e+00
-5.336825847625732422e-01,1.083865451812744141e+01,1.749082183837890625e+01
1.898754119873046875e+01,3.705439805984497070e+00,1.294789028167724609e+01
-9.719439506530761719e+00,1.375288295745849609e+01,2.352398395538330078e+00
-1.645945072174072266e+00,-1.640492200851440430e+00,-2.981207370758056641e+00
2.093646049499511719e+01,1.075610733032226562e+01,2.528136014938354492e+00
8.141757011413574219e+00,-1.576445251703262329e-01,1.636857032775878906e+01
-1.522730922698974609e+01,4.095207214355468750e+00,-7.682057857513427734e+00
1.540720558166503906e+01,1.293482112884521484e+01,-4.845375537872314453e+00
-1.783062964677810669e-01,1.754107666015625000e+01,1.233802700042724609e+01
1.073251914978027344e+01,4.725307941436767578e+00,1.833424186706542969e+01
2.178347015380859375e+01,-4.065855026245117188e+00,-1.074840188026428223e+00
1.373958969116210938e+01,1.866238594055175781e+01,7.417602539062500000e+00
3.217426538467407227e+00,-3.083093643188476562e+00,-8.959437370300292969e+00
8.135687828063964844e+00,-1.515554487705230713e-01,1.636383438110351562e+01
1.640880012512207031e+01,-6.585373878479003906e+00,1.172304725646972656e+01
-1.377124547958374023e+00,-6.088207244873046875e+00,-9.098079681396484375e+00
4.328222274780273438e+00,6.429853439331054688e+00,-1.783564376831054688e+01
1.210400390625000000e+01,1.705625724792480469e+01,8.846795558929443359e-01
9.804482460021972656e+00,-8.849637985229492188e+00,-9.198885917663574219e+00
-2.734574556350708008e+00,-1.013528406620025635e-01,1.459398078918457031e+01
1.386876296997070312e+01,-4.496796131134033203e+00,-1.458479404449462891e+01
-1.377983689308166504e+00,-6.088911533355712891e+00,-9.098851203918457031e+00
8.438562393188476562e+00,-1.448122119903564453e+01,1.921740412712097168e+00
2.205485534667968750e+01,9.100827217102050781e+00,-7.183942794799804688e+00
1.421177268028259277e+00,6.501017093658447266e+00,2.867059230804443359e+00
-6.743639469146728516e+00,1.926784706115722656e+01,-5.215172290802001953e+00
1.215421009063720703e+01,-6.375038146972656250e+00,1.188442587852478027e+00
1.938186883926391602e+00,7.103510379791259766e+00,3.737416744232177734e+00
-9.448221325874328613e-01,3.587121367454528809e-01,3.195492506027221680e+00
-1.378077507019042969e+00,-6.088905811309814453e+00,-9.098834037780761719e+00
-9.447454810142517090e-01,3.587768077850341797e-01,3.195472955703735352e+00
7.969598293304443359e+00,-1.651588916778564453e+00,1.343430280685424805e+00
1.450326800346374512e+00,2.337404632568359375e+01,-6.932962894439697266e+00
-1.073932456970214844e+01,-5.559545993804931641e+00,1.089033412933349609e+01
4.287133693695068359e+00,6.387900352478027344e+00,-1.780209732055664062e+01
8.438325881958007812e+00,-1.448146057128906250e+01,1.921725749969482422e+00
9.780953407287597656e+00,-3.516507625579833984e+00,8.051683425903320312e+00
4.432623863220214844e+00,-1.511265659332275391e+01,7.977760314941406250e+00
-6.745456218719482422e+00,1.928114891052246094e+01,-5.228102684020996094e+00
1.870276069641113281e+01,-6.993665695190429688e+00,4.743335723876953125e+00
-4.401592731475830078e+00,-1.001116394996643066e+00,6.257920265197753906e+00
1.516599535942077637e+00,2.991126298904418945e+00,1.291069269180297852e+00
8.386416435241699219e+00,-1.851298928260803223e+00,1.458718180656433105e+00
-6.750607967376708984e+00,1.927037048339843750e+01,-5.231914520263671875e+00
8.137145996093750000e+00,-1.526847779750823975e-01,1.636231231689453125e+01
6.681133747100830078e+00,4.608244895935058594e+00,4.651473999023437500e+00
-4.400923252105712891e+00,-1.000457286834716797e+00,6.258520603179931641e+00
3.405942618846893311e-01,4.174308300018310547e+00,1.106240749359130859e+00
2.189622879028320312e+00,7.530174255371093750e+00,-1.309322476387023926e+00
6.887791156768798828e+00,3.793771982192993164e+00,5.114131927490234375e+00
2.381783008575439453e+00,3.704421281814575195e+00,1.584455132484436035e+00
2.062174797058105469e+01,1.237044453620910645e+00,3.826651573181152344e+00
-2.446453422307968140e-01,1.730846977233886719e+01,1.234196949005126953e+01
1.420028400421142578e+01,1.879031753540039062e+01,7.819618701934814453e+00
-1.419528573751449585e-01,-1.283898544311523438e+01,1.383023357391357422e+01
-1.113822364807128906e+01,-1.194910183548927307e-01,-4.694672107696533203e+00
-2.760012149810791016e+00,-7.731789112091064453e+00,9.365662574768066406e+00
1.007733917236328125e+01,-1.116702365875244141e+01,1.001023578643798828e+01
8.771959543228149414e-01,3.236295461654663086e+00,-8.931347727775573730e-01
-5.495895147323608398e-01,3.528007984161376953e+00,9.895014762878417969e-01
1.177219390869140625e+00,-1.182339668273925781e+01,9.153698682785034180e-01
7.967803001403808594e+00,-1.649869441986083984e+00,1.342187166213989258e+00
-2.043705463409423828e+00,6.325891971588134766e+00,-4.283992290496826172e+00
-1.073993587493896484e+01,-5.560142517089843750e+00,1.089095306396484375e+01
1.538041019439697266e+01,1.290298843383789062e+01,-4.860211372375488281e+00
2.178425407409667969e+01,-4.064664363861083984e+00,-1.075974225997924805e+00
-6.104501485824584961e-01,1.087050533294677734e+01,1.770575141906738281e+01
1.409531021118164062e+01,-2.172636270523071289e+00,1.471979904174804688e+01
2.205112838745117188e+01,9.097058296203613281e+00,-7.187717914581298828e+00
-1.096973323822021484e+01,2.532978296279907227e+00,-1.594822216033935547e+01
4.278825283050537109e+00,6.405724525451660156e+00,-1.778247261047363281e+01
9.803991317749023438e+00,-8.850282669067382812e+00,-9.199414253234863281e+00
-6.088360309600830078e+00,1.393930625915527344e+01,-1.453489017486572266e+01
-6.075685501098632812e+00,1.401848220825195312e+01,-1.476484966278076172e+01
-5.736096382141113281e+00,1.375610828399658203e+01,-1.458088684082031250e+01
6.739052295684814453e+00,-7.231231689453125000e+00,-6.456802785396575928e-02
1.038746738433837891e+01,9.394744873046875000e+00,1.182529735565185547e+01
-6.736886024475097656e+00,1.927350044250488281e+01,-5.216244220733642578e+00
-6.355024337768554688e+00,-6.853846073150634766e+00,2.891653776168823242e+00
6.158385276794433594e+00,5.908760547637939453e+00,5.384264469146728516e+00
1.386066627502441406e+01,1.851361083984375000e+01,7.762683868408203125e+00
4.228689193725585938e+00,6.644072055816650391e+00,-1.761356353759765625e+01
6.310925960540771484e+00,1.122774410247802734e+01,-6.928176879882812500e+00
4.517579555511474609e+00,3.100757837295532227e+00,-1.244951128959655762e+00
6.739136695861816406e+00,-7.231175899505615234e+00,-6.467104703187942505e-02
-1.397415250539779663e-01,1.756554794311523438e+01,1.265035629272460938e+01
-9.659263491630554199e-02,-5.844250202178955078e+00,9.742082357406616211e-01
-4.290908813476562500e+00,-1.300838661193847656e+01,-1.401006221771240234e+00
-1.872334098815917969e+01,2.106624841690063477e+00,-1.265947699546813965e+00
1.016492271423339844e+01,-1.368005943298339844e+01,-4.212355136871337891e+00
8.578140258789062500e+00,1.777172470092773438e+01,-4.159540176391601562e+00
1.215391159057617188e+01,-6.374835014343261719e+00,1.188740015029907227e+00
1.072713184356689453e+01,4.719789505004882812e+00,1.833919143676757812e+01
-9.536101222038269043e-01,3.498179018497467041e-01,3.186066150665283203e+00
2.107997131347656250e+01,8.057732582092285156e+00,8.827007293701171875e+00
-6.198791980743408203e+00,1.384321212768554688e+01,-1.462900352478027344e+01
-1.339314651489257812e+01,4.400141239166259766e+00,1.961197733879089355e+00
-1.629669570922851562e+01,-4.471744060516357422e+00,-2.455041170120239258e+00
1.386861419677734375e+01,-4.496658802032470703e+00,-1.458499622344970703e+01
9.431749343872070312e+00,1.238042926788330078e+01,-1.153972244262695312e+01
9.432826995849609375e+00,1.238167285919189453e+01,-1.154359817504882812e+01
-5.229530334472656250e+00,1.097953891754150391e+01,-5.189955711364746094e+00
-5.232127189636230469e+00,1.097657108306884766e+01,-5.191907405853271484e+00
1.016392993927001953e+01,-1.367465209960937500e+01,-4.213489055633544922e+00
1.898714637756347656e+01,3.705644369125366211e+00,1.294584465026855469e+01
-6.354003429412841797e+00,-6.852819919586181641e+00,2.892629623413085938e+00
6.520843505859375000e+00,2.902353763580322266e+00,9.119708061218261719e+00
-7.075260579586029053e-02,1.748968696594238281e+01,1.261327743530273438e+01
1.374012470245361328e+01,1.865804100036621094e+01,7.413812160491943359e+00
4.297890663146972656e+00,6.413484573364257812e+00,-1.780258941650390625e+01
1.532380294799804688e+01,1.306927108764648438e+01,-5.005663394927978516e+00
1.073432159423828125e+01,4.727028369903564453e+00,1.833241653442382812e+01
1.389459419250488281e+01,1.860203170776367188e+01,7.734364986419677734e+00
-3.287741899490356445e+00,1.968746757507324219e+01,2.123833894729614258e+00
4.172908782958984375e+00,6.293029308319091797e+00,-1.769766044616699219e+01
-2.820357561111450195e+00,-1.278126239776611328e+01,-9.017008781433105469e+00
-1.180387115478515625e+01,1.059413051605224609e+01,-8.061971664428710938e+00
-2.679598569869995117e+00,2.486102655529975891e-02,1.388215160369873047e+01
-9.429940581321716309e-01,1.235461235046386719e+00,2.248964691162109375e+01
-1.180443763732910156e+01,1.059509658813476562e+01,-8.061547279357910156e+00
1.386693191528320312e+01,-4.494997978210449219e+00,-1.458668136596679688e+01
-1.378551959991455078e+00,-6.089236736297607422e+00,-9.099503517150878906e+00
3.597070872783660889e-01,-7.933873653411865234e+00,-4.478446483612060547e+00
3.397407829761505127e-01,4.186775684356689453e+00,1.098996996879577637e+00
-1.194350719451904297e+00,3.230353355407714844e+00,1.957695841789245605e+00
-5.233539104461669922e+00,5.465959548950195312e+00,-1.834611320495605469e+01
1.640874671936035156e+01,-6.585428237915039062e+00,1.172310352325439453e+01
-4.778735339641571045e-01,7.995985507965087891e+00,-1.202698573470115662e-01
-2.178654260933399200e-02,1.746792030334472656e+01,1.265220165252685547e+01
2.383156061172485352e+00,6.062593460083007812e+00,-2.390395879745483398e+00
-1.181880283355712891e+01,-1.163891029357910156e+01,5.570276737213134766e+00
-5.943820953369140625e+00,1.410093021392822266e+01,-1.471498203277587891e+01
-6.260932445526123047e+00,1.378517627716064453e+01,-1.468261337280273438e+01
1.016610717773437500e+01,-1.367803764343261719e+01,-4.211173534393310547e+00
1.554494571685791016e+01,6.248198032379150391e+00,6.106649875640869141e+00
1.016667270660400391e+01,-1.367778396606445312e+01,-4.210620403289794922e+00
1.483673667907714844e+01,-8.439181327819824219e+00,-5.924839496612548828e+00
-7.213437557220458984e-01,1.072039794921875000e+01,1.764638137817382812e+01
1.870165061950683594e+01,-6.995386600494384766e+00,4.744229793548583984e+00
-5.105700492858886719e+00,3.154337644577026367e+00,1.508947372436523438e+00
-8.383258819580078125e+00,1.032133579254150391e+01,7.109063148498535156e+00
-1.201491069793701172e+01,5.050820112228393555e-01,1.043338584899902344e+01
7.397124290466308594e+00,7.244054317474365234e+00,8.520821571350097656e+00
1.033971977233886719e+01,9.353268623352050781e+00,1.186789798736572266e+01
1.640831375122070312e+01,-6.583032131195068359e+00,1.172355175018310547e+01
1.043771553039550781e+01,9.446105957031250000e+00,1.177915096282958984e+01
1.409944438934326172e+01,-2.176810264587402344e+00,1.472385406494140625e+01
2.382138013839721680e+00,3.702995300292968750e+00,1.584900736808776855e+00
-8.652327537536621094e+00,-7.092675209045410156e+00,-1.188890337944030762e+00
-1.113847732543945312e+01,-1.209529936313629150e-01,-4.694844245910644531e+00
1.386819171905517578e+01,-4.496243000030517578e+00,-1.458549594879150391e+01
1.533528137207031250e+01,1.306976604461669922e+01,-4.992472171783447266e+00
-6.722981929779052734e+00,-8.090024948120117188e+00,1.713534355163574219e+01
-1.635504913330078125e+01,7.214194297790527344e+00,8.041254997253417969e+00
-1.159129238128662109e+01,5.415613174438476562e+00,1.463272190093994141e+01
3.967026233673095703e+00,-1.231480216979980469e+01,-9.637982368469238281e+00
-2.668939113616943359e+00,2.638104185461997986e-02,1.391261386871337891e+01
-6.278780698776245117e-01,1.085164642333984375e+01,1.771422004699707031e+01
-1.629496574401855469e+01,-4.470115184783935547e+00,-2.453306436538696289e+00
1.386822414398193359e+01,-4.496283531188964844e+00,-1.458552932739257812e+01
-6.509605050086975098e-01,1.083297920227050781e+01,1.773596000671386719e+01
-1.339329624176025391e+01,4.400619983673095703e+00,1.960763096809387207e+00
-7.282756567001342773e-01,1.070969390869140625e+01,1.763111686706542969e+01
-1.629689216613769531e+01,-4.472148895263671875e+00,-2.455207109451293945e+00
2.342268943786621094e+00,6.089578628540039062e+00,-2.407157897949218750e+00
1.380982589721679688e+01,4.574142456054687500e+00,-1.263092899322509766e+01
-9.658656269311904907e-02,-5.844254016876220703e+00,9.742032289505004883e-01
-6.032171249389648438e+00,1.405656337738037109e+01,-1.480107879638671875e+01
-1.203135132789611816e+00,3.224925279617309570e+00,1.959803581237792969e+00
-7.067858695983886719e+00,8.378149032592773438e+00,1.187917804718017578e+01
-6.426928192377090454e-02,1.754901885986328125e+01,1.266778659820556641e+01
1.484000873565673828e+01,-8.439723014831542969e+00,-5.921782493591308594e+00
7.147607803344726562e+00,9.006112098693847656e+00,-7.628035545349121094e-01
-2.676388502120971680e+00,2.710870653390884399e-02,1.389754486083984375e+01
2.062101745605468750e+01,1.238112807273864746e+00,3.827545166015625000e+00
6.571364402770996094e+00,4.720734596252441406e+00,5.568161010742187500e+00
-8.648375511169433594e+00,-7.090382575988769531e+00,-1.186624884605407715e+00
-9.576079368591308594e+00,1.378687953948974609e+01,2.623668909072875977e+00
-6.724669933319091797e+00,-8.087099075317382812e+00,1.713335990905761719e+01
-9.616521835327148438e+00,-3.366682767868041992e+00,-1.155645179748535156e+01
2.107932853698730469e+01,8.058490753173828125e+00,8.827655792236328125e+00
-1.201764869689941406e+01,5.022482872009277344e-01,1.043618106842041016e+01
-1.924776732921600342e-01,1.748147010803222656e+01,1.245401287078857422e+01
-5.798969745635986328e+00,1.389370155334472656e+01,-1.475253677368164062e+01
-5.848348140716552734e+00,1.418070793151855469e+01,-1.488979911804199219e+01
1.382717132568359375e+01,4.619327545166015625e+00,-1.263669967651367188e+01
1.897370529174804688e+01,5.678568363189697266e+00,-2.540642738342285156e+00
-1.159105587005615234e+01,5.415377140045166016e+00,1.463249778747558594e+01
-1.113833808898925781e+01,-1.206375733017921448e-01,-4.695309638977050781e+00
2.601388454437255859e+00,4.465579986572265625e+00,-4.245983123779296875e+00
-5.222329139709472656e+00,1.098982906341552734e+01,-5.179119110107421875e+00
8.478668212890625000e+00,1.786098861694335938e+01,-2.846944808959960938e+00
-2.735780477523803711e+00,-1.010067462921142578e-01,1.459557914733886719e+01
-8.647984504699707031e+00,-7.090782642364501953e+00,-1.187008142471313477e+00
-1.645788431167602539e+00,-1.640337228775024414e+00,-2.981040716171264648e+00
2.093674278259277344e+01,1.075536155700683594e+01,2.527101278305053711e+00
2.108037567138671875e+01,8.059492111206054688e+00,8.824727058410644531e+00
-6.722551822662353516e+00,-8.089056015014648438e+00,1.713527107238769531e+01
-9.615742683410644531e+00,1.397049617767333984e+01,2.836941480636596680e+00
7.222393155097961426e-01,1.242834663391113281e+01,-2.364957809448242188e+00
-9.828546524047851562e+00,1.392878341674804688e+01,2.433948040008544922e+00
1.483931064605712891e+01,-8.439378738403320312e+00,-5.922266960144042969e+00
-1.113820648193359375e+01,-1.212027892470359802e-01,-4.695577144622802734e+00
3.966851472854614258e+00,-1.231333065032958984e+01,-9.639799118041992188e+00
4.289979934692382812e+00,6.415354251861572266e+00,-1.777353668212890625e+01
1.529557704925537109e+01,-1.165229797363281250e+01,5.955919742584228516e+00
1.366551780700683594e+01,4.384092807769775391e+00,-1.268699359893798828e+01
-9.211826920509338379e-01,5.158042430877685547e+00,7.058293819427490234e+00
-6.748460292816162109e+00,1.927576637268066406e+01,-5.229037284851074219e+00
2.280054569244384766e+00,4.761215209960937500e+00,1.470585107803344727e+00
-3.748625218868255615e-01,1.748254776000976562e+01,1.224792766571044922e+01
4.438063621520996094e+00,6.559078693389892578e+00,-1.789579391479492188e+01
-2.412104606628417969e+00,-4.885334521532058716e-02,1.425844573974609375e+01
-1.902378052473068237e-01,1.730879592895507812e+01,1.238128185272216797e+01
-5.893840789794921875e+00,1.382800006866455078e+01,-1.470849227905273438e+01
-9.457045197486877441e-01,3.577353656291961670e-01,3.194665670394897461e+00
-2.234274893999099731e-01,1.754127311706542969e+01,1.247601222991943359e+01
-5.484046936035156250e-01,7.676151752471923828e+00,2.122363805770874023e+00
-1.180261421203613281e+01,1.059331035614013672e+01,-8.063371658325195312e+00
4.062832355499267578e+00,5.930870056152343750e+00,-1.807513594627380371e+00
1.555096817016601562e+01,1.304127502441406250e+01,-4.736966133117675781e+00
1.007718086242675781e+01,-1.116758632659912109e+01,1.001002311706542969e+01
6.738533973693847656e+00,-7.231825351715087891e+00,-6.409911811351776123e-02
-1.687006759643554688e+01,1.086457157135009766e+01,-2.894848108291625977e+00
1.386961364746093750e+01,-4.494289875030517578e+00,-1.458410453796386719e+01
3.407714843750000000e+00,5.933899402618408203e+00,-1.254467964172363281e+00
3.398743152618408203e+00,6.582878589630126953e+00,-1.740147709846496582e+00
9.092122077941894531e+00,8.077895164489746094e+00,-1.083327865600585938e+01
-5.187395572662353516e+00,-4.419435024261474609e+00,-1.421410846710205078e+01
8.438238143920898438e+00,-1.448159313201904297e+01,1.921704053878784180e+00
2.332163751125335693e-01,4.473898410797119141e+00,1.270948767662048340e+00
-6.025369644165039062e+00,1.399339485168457031e+01,-1.468534469604492188e+01
-6.354576587677001953e+00,-6.854114532470703125e+00,2.891371726989746094e+00
-6.054473400115966797e+00,1.394032573699951172e+01,-1.450254535675048828e+01
-5.994394302368164062e+00,1.400540924072265625e+01,-1.442477989196777344e+01
1.050658512115478516e+01,9.498076438903808594e+00,1.170251083374023438e+01
1.870086860656738281e+01,-6.997432231903076172e+00,4.744746208190917969e+00
4.460330963134765625e+00,6.578557014465332031e+00,-1.791428756713867188e+01
-1.201577568054199219e+01,5.042601823806762695e-01,1.043421173095703125e+01
-1.035918903350830078e+01,-8.523100852966308594e+00,-7.952108383178710938e+00
-1.444579660892486572e-01,-1.283938407897949219e+01,1.383013439178466797e+01
1.380715847015380859e+01,1.866053009033203125e+01,7.647499084472656250e+00
4.204584121704101562e+00,6.319230079650878906e+00,-1.773837852478027344e+01
1.898807907104492188e+01,3.704992771148681641e+00,1.294310474395751953e+01
1.771257400512695312e+01,-3.412376344203948975e-01,-4.588794231414794922e+00
1.391925048828125000e+01,1.859002113342285156e+01,7.791061401367187500e+00
1.517022323608398438e+01,9.718714356422424316e-01,7.784150600433349609e+00
-9.661989212036132812e+00,1.384946632385253906e+01,2.558450698852539062e+00
-9.657245129346847534e-02,-5.844239234924316406e+00,9.741975069046020508e-01
2.062130928039550781e+01,1.238241672515869141e+00,3.827308177947998047e+00
2.886206150054931641e+00,-1.011721014976501465e+00,3.313214063644409180e+00
5.803027153015136719e+00,9.737295150756835938e+00,-5.537971019744873047e+00
-4.100099205970764160e-01,1.748244285583496094e+01,1.223735427856445312e+01
-1.005599379539489746e+00,3.179686546325683594e+00,9.207413792610168457e-01
-9.853608131408691406e+00,1.395646858215332031e+01,2.441040277481079102e+00
2.515998125076293945e+00,1.802548599243164062e+01,1.223438143730163574e+00
2.515222311019897461e+00,1.802618598937988281e+01,1.222468137741088867e+00
2.513513088226318359e+00,1.802899169921875000e+01,1.221064448356628418e+00
-2.733398914337158203e+00,-9.996418654918670654e-02,1.459166336059570312e+01
3.965661764144897461e+00,-1.231395339965820312e+01,-9.639095306396484375e+00
-2.759311199188232422e+00,-7.732686996459960938e+00,9.366562843322753906e+00
2.774505138397216797e+00,6.374948978424072266e+00,2.718178272247314453e+00
1.073548889160156250e+01,4.728184700012207031e+00,1.833081626892089844e+01
2.518210411071777344e+00,1.802303886413574219e+01,1.225558519363403320e+00
-6.203701019287109375e+00,1.386230850219726562e+01,-1.472282695770263672e+01
1.194963097572326660e+00,6.412425518035888672e+00,2.616697788238525391e+00
1.215525150299072266e+01,-6.376511573791503906e+00,1.189646363258361816e+00
1.771399307250976562e+01,-3.425351679325103760e-01,-4.590019702911376953e+00
1.517116641998291016e+01,9.711629152297973633e-01,7.783349514007568359e+00
-1.182146549224853516e+01,-1.163598632812500000e+01,5.573942184448242188e+00
-7.422589659690856934e-01,6.053001403808593750e+00,1.240957453846931458e-01
3.606388568878173828e-01,-7.932959556579589844e+00,-4.479369163513183594e+00
1.483910465240478516e+01,-8.439481735229492188e+00,-5.922471523284912109e+00
1.898758125305175781e+01,3.705568313598632812e+00,1.294348907470703125e+01
1.357509231567382812e+01,1.830358695983886719e+01,8.001467704772949219e+00
1.897334289550781250e+01,5.678929328918457031e+00,-2.540205240249633789e+00
1.176384925842285156e+00,-1.182372379302978516e+01,9.143133759498596191e-01
-2.821341753005981445e+00,-1.278034687042236328e+01,-9.017560958862304688e+00
6.970949769020080566e-01,4.877087593078613281e+00,-8.810730278491973877e-02
1.400863075256347656e+01,1.854246139526367188e+01,7.605825424194335938e+00
1.007773113250732422e+01,-1.116721248626708984e+01,1.001058101654052734e+01
4.343624114990234375e+00,6.451106071472167969e+00,-1.784800910949707031e+01
-7.065982341766357422e+00,8.376212120056152344e+00,1.188054275512695312e+01
1.358423519134521484e+01,1.831151390075683594e+01,7.994473934173583984e+00
-7.066649436950683594e+00,8.376867294311523438e+00,1.188011837005615234e+01
6.740361213684082031e+00,-7.229561805725097656e+00,-6.562732905149459839e-02
3.567892014980316162e-01,-7.936822891235351562e+00,-4.475538253784179688e+00
-1.635522651672363281e+01,7.214389324188232422e+00,8.041429519653320312e+00
-4.363683700561523438e+00,-1.288236999511718750e+01,6.293906211853027344e+00
2.062116050720214844e+01,1.238614082336425781e+00,3.827554464340209961e+00
-1.180136966705322266e+01,1.059381103515625000e+01,-8.062884330749511719e+00
1.640850830078125000e+01,-6.583431720733642578e+00,1.172335338592529297e+01
-6.011316299438476562e+00,1.409868621826171875e+01,-1.486544418334960938e+01
-4.229475021362304688e+00,2.025482654571533203e+00,-9.993744850158691406e+00
1.658444285392761230e+00,2.319143295288085938e+01,-6.929572582244873047e+00
3.861505985260009766e+00,5.154926300048828125e+00,-2.031412839889526367e+00
-9.747880935668945312e+00,1.378793525695800781e+01,2.345734834671020508e+00
-8.381978988647460938e+00,1.032006359100341797e+01,7.107771873474121094e+00
1.483886718750000000e+01,-8.439629554748535156e+00,-5.922744750976562500e+00
1.484182262420654297e+01,-8.443242073059082031e+00,-5.921133041381835938e+00
-2.401073217391967773e+00,3.419042825698852539e-01,1.453954792022705078e+01
-2.252767801284790039e+00,2.585498243570327759e-02,1.425133228302001953e+01
-2.043152570724487305e+00,6.324710845947265625e+00,-4.282331943511962891e+00
5.535010814666748047e+00,-5.305809020996093750e+00,-1.694628715515136719e+01
-1.376521885395050049e-01,-1.284509944915771484e+01,1.382510089874267578e+01
-4.230045795440673828e+00,2.026416778564453125e+00,-9.992794990539550781e+00
-5.742350220680236816e-01,1.078686332702636719e+01,1.746975898742675781e+01
9.089722633361816406e+00,8.869956016540527344e+00,2.682505846023559570e+00
1.897413825988769531e+01,5.678279399871826172e+00,-2.540992259979248047e+00
4.020689010620117188e+00,-5.385727882385253906e+00,7.322375297546386719e+00
2.367064476013183594e+00,3.820526123046875000e+00,-4.381858825683593750e+00
1.386921310424804688e+01,-4.493958950042724609e+00,-1.458480739593505859e+01
1.897697448730468750e+01,5.680168628692626953e+00,-2.543619632720947266e+00
2.886155366897583008e+00,-1.011751294136047363e+00,3.313371181488037109e+00
-2.722850799560546875e+00,-1.083797663450241089e-01,1.458661174774169922e+01
3.592504858970642090e-01,-7.934361457824707031e+00,-4.477994441986083984e+00
1.107860183715820312e+01,-3.991662502288818359e+00,-5.451213836669921875e+00
-6.055366992950439453e+00,1.396890640258789062e+01,-1.458037376403808594e+01
2.367651462554931641e+00,4.854723453521728516e+00,1.524280190467834473e+00
1.107866287231445312e+01,-3.991581678390502930e+00,-5.451221942901611328e+00
1.484120082855224609e+01,-8.442790031433105469e+00,-5.921729564666748047e+00
-1.201661396026611328e+01,5.034213066101074219e-01,1.043504238128662109e+01
2.993348360061645508e+00,3.085302114486694336e+00,-5.228574275970458984e+00
-2.318339347839355469e-01,1.734856605529785156e+01,1.236501979827880859e+01
8.139888763427734375e+00,-1.550365090370178223e-01,1.635956382751464844e+01
9.804975509643554688e+00,-8.849615097045898438e+00,-9.199656486511230469e+00
1.016348171234130859e+01,-1.368079566955566406e+01,-4.213794708251953125e+00
4.890102386474609375e+00,1.578813552856445312e+01,7.187413692474365234e+00
2.699534654617309570e+00,5.645730495452880859e+00,1.984991264343261719e+01
-6.851900100708007812e+00,1.918647575378417969e+01,-5.122609138488769531e+00
-9.482270479202270508e-01,1.240694046020507812e+00,2.249485588073730469e+01
1.385613155364990234e+01,1.854294967651367188e+01,7.746028900146484375e+00
-1.522802066802978516e+01,4.095251083374023438e+00,-7.678966999053955078e+00
-9.466161131858825684e-01,3.562457859516143799e-01,3.195213079452514648e+00
-9.495324492454528809e-01,3.493230938911437988e-01,3.188258647918701172e+00
1.563330173492431641e+01,1.314495754241943359e+01,-4.763659000396728516e+00
-6.840964317321777344e+00,1.919784736633300781e+01,-5.134390830993652344e+00
-2.245768547058105469e+00,2.043247409164905548e-02,1.423731136322021484e+01
-2.387423515319824219e+00,3.688170611858367920e-01,1.455701065063476562e+01
1.215036869049072266e+01,-6.373410701751708984e+00,1.187623381614685059e+00
1.133188605308532715e+00,6.552898406982421875e+00,2.789354324340820312e+00
-1.073918342590332031e+01,-5.559089660644531250e+00,1.089009666442871094e+01
2.062028694152832031e+01,1.238995790481567383e+00,3.828575611114501953e+00
-6.781406879425048828e+00,1.924212646484375000e+01,-5.199691295623779297e+00
1.771403312683105469e+01,-3.426910936832427979e-01,-4.590186595916748047e+00
-1.686975669860839844e+01,1.086418724060058594e+01,-2.894588708877563477e+00
9.804584503173828125e+00,-8.850284576416015625e+00,-9.199955940246582031e+00
1.484252643585205078e+01,-8.443996429443359375e+00,-5.922419548034667969e+00
-9.473518729209899902e-01,1.239887714385986328e+00,2.249392509460449219e+01
-1.339191436767578125e+01,4.399791717529296875e+00,1.961712002754211426e+00
-9.741504669189453125e+00,1.378396701812744141e+01,2.348686695098876953e+00
1.073477745056152344e+01,4.731076240539550781e+00,1.833138084411621094e+01
1.529549884796142578e+01,-1.165224456787109375e+01,5.956018447875976562e+00
-9.858696937561035156e+00,1.396141719818115234e+01,2.438929557800292969e+00
1.107900333404541016e+01,-3.991155147552490234e+00,-5.451393127441406250e+00
-9.616747856140136719e+00,-3.366333246231079102e+00,-1.155626201629638672e+01
-7.292746901512145996e-01,1.070787811279296875e+01,1.763642120361328125e+01
4.165987014770507812e+00,5.321256160736083984e+00,-4.004647731781005859e+00
1.215068149566650391e+01,-6.373619556427001953e+00,1.187677383422851562e+00
1.373847579956054688e+01,4.440699577331542969e+00,-1.277324867248535156e+01
-5.982140064239501953e+00,1.408648109436035156e+01,-1.479275798797607422e+01
1.870101737976074219e+01,-6.996676921844482422e+00,4.744519233703613281e+00
-5.597502589225769043e-01,1.092598152160644531e+01,1.763521957397460938e+01
9.779869079589843750e+00,-3.515706777572631836e+00,8.050572395324707031e+00
5.535105228424072266e+00,-5.306786537170410156e+00,-1.694542694091796875e+01
-2.759552478790283203e+00,-7.732380390167236328e+00,9.366250991821289062e+00
4.247894287109375000e+00,6.737535476684570312e+00,-1.759730529785156250e+01
1.555735111236572266e+00,2.329367828369140625e+01,-6.987411499023437500e+00
1.532467555999755859e+01,1.307832336425781250e+01,-5.008507251739501953e+00
-2.606164216995239258e+00,9.741328656673431396e-02,1.435349559783935547e+01
7.590641498565673828e+00,9.679317474365234375e+00,-2.751845121383666992e+00
1.532866668701171875e+01,1.307846450805664062e+01,-5.005617618560791016e+00
-1.181687450408935547e+01,-1.163811683654785156e+01,5.569830894470214844e+00
-2.207252025604248047e+00,1.844080537557601929e-02,1.424445533752441406e+01
-9.532790184020996094e+00,1.371182727813720703e+01,2.645624160766601562e+00
-1.202412414550781250e+01,4.958204627037048340e-01,1.044261169433593750e+01
-8.539261817932128906e+00,5.590352058410644531e+00,-3.176389932632446289e+00
-6.761967658996582031e+00,1.925565910339355469e+01,-5.210900306701660156e+00
-8.133956044912338257e-02,1.749820518493652344e+01,1.258560371398925781e+01
2.062290954589843750e+01,1.241150736808776855e+00,3.825999736785888672e+00
4.077936708927154541e-01,1.174411201477050781e+01,-2.400871276855468750e+00
1.007821846008300781e+01,-1.116715621948242188e+01,1.001105499267578125e+01
-2.684315443038940430e+00,3.138145059347152710e-02,1.386971282958984375e+01
2.337893247604370117e+00,6.088062763214111328e+00,-2.412967681884765625e+00
1.547271013259887695e+00,2.330146408081054688e+01,-6.992547035217285156e+00
-6.572444438934326172e-01,1.085244750976562500e+01,1.778542709350585938e+01
-2.813967704772949219e+00,-1.278763389587402344e+01,-9.014932632446289062e+00
-5.231655120849609375e+00,5.464059352874755859e+00,-1.834802436828613281e+01
-1.522803211212158203e+01,4.094342708587646484e+00,-7.680702209472656250e+00
2.062152099609375000e+01,1.242007851600646973e+00,3.827369689941406250e+00
5.297154426574707031e+00,-6.165957450866699219e+00,1.468878746032714844e+01
-1.073998737335205078e+01,-5.559660911560058594e+00,1.089147186279296875e+01
1.387110519409179688e+01,-4.495804309844970703e+00,-1.458341598510742188e+01
-6.722057819366455078e+00,-8.089259147644042969e+00,1.713510131835937500e+01
-4.362824916839599609e+00,-1.288212108612060547e+01,6.294601917266845703e+00
3.407387256622314453e+00,5.933641433715820312e+00,-1.253516077995300293e+00
-1.872312736511230469e+01,2.107637882232666016e+00,-1.265050411224365234e+00
-1.240678119659423828e+01,-2.439192533493041992e+00,4.219205379486083984e+00
8.436068534851074219e+00,-1.448371982574462891e+01,1.919849038124084473e+00
2.886368989944458008e+00,-1.011587381362915039e+00,3.313070774078369141e+00
2.205433273315429688e+01,9.100475311279296875e+00,-7.184332370758056641e+00
-7.082692623138427734e+00,4.312298774719238281e+00,6.309333801269531250e+00
-1.035938835144042969e+01,-8.523279190063476562e+00,-7.952233314514160156e+00
-4.778807163238525391e-01,7.995955944061279297e+00,-1.203836277127265930e-01
1.382606697082519531e+01,4.502221584320068359e+00,-1.275891494750976562e+01
1.366689014434814453e+01,4.369541645050048828e+00,-1.276757240295410156e+01
-1.635466384887695312e+01,7.214803695678710938e+00,8.040878295898437500e+00
-7.067698955535888672e+00,8.377928733825683594e+00,1.187921428680419922e+01
1.210336494445800781e+01,1.705685424804687500e+01,8.840570449829101562e-01
1.387593746185302734e+01,4.586367130279541016e+00,-1.270474433898925781e+01
4.310035705566406250e+00,6.418885231018066406e+00,-1.782211303710937500e+01
5.295513629913330078e+00,-6.161619186401367188e+00,1.468720531463623047e+01
-2.821387290954589844e+00,-1.278061389923095703e+01,-9.021262168884277344e+00
-5.744776725769042969e+00,1.386480998992919922e+01,-1.475598335266113281e+01
-3.326297521591186523e+00,1.964904212951660156e+01,2.162382125854492188e+00
-2.591149330139160156e+00,1.045364663004875183e-01,1.433306312561035156e+01
4.855536937713623047e+00,1.581626987457275391e+01,7.151244640350341797e+00
-4.367007255554199219e+00,-1.287879085540771484e+01,6.298902034759521484e+00
-1.687117004394531250e+01,1.086548900604248047e+01,-2.895802736282348633e+00
3.216137647628784180e+00,-3.081456422805786133e+00,-8.957513809204101562e+00
-1.181893062591552734e+01,-1.163791656494140625e+01,5.571393966674804688e+00
1.641251754760742188e+01,-6.587445735931396484e+00,1.171934604644775391e+01
3.964658737182617188e+00,-1.231516456604003906e+01,-9.638094902038574219e+00
-4.187160134315490723e-01,1.749373435974121094e+01,1.223966503143310547e+01
9.781426429748535156e+00,-3.517316818237304688e+00,8.052117347717285156e+00
1.222329616546630859e+00,7.042755603790283203e+00,3.308903455734252930e+00
-7.090583324432373047e+00,4.304321289062500000e+00,6.317604064941406250e+00
6.545533657073974609e+00,4.792586326599121094e+00,5.225743770599365234e+00
-2.760054826736450195e+00,-7.731887340545654297e+00,9.365751266479492188e+00
-1.686883163452148438e+01,1.086270236968994141e+01,-2.893204689025878906e+00
4.408173084259033203e+00,6.526837825775146484e+00,-1.788336372375488281e+01
8.476802825927734375e+00,1.784682846069335938e+01,-2.837275028228759766e+00
-4.364265441894531250e+00,-1.288080215454101562e+01,6.296583175659179688e+00
1.870069694519042969e+01,-6.996406555175781250e+00,4.744680404663085938e+00
4.517612457275390625e+00,3.100702047348022461e+00,-1.244963526725769043e+00
7.590379238128662109e+00,9.677966117858886719e+00,-2.752706289291381836e+00
6.537129402160644531e+00,8.708701729774475098e-01,-1.702758979797363281e+01
-2.817616701126098633e+00,-1.278411102294921875e+01,-9.018321037292480469e+00
-6.354736328125000000e+00,-6.853989124298095703e+00,2.891492366790771484e+00
1.898686790466308594e+01,3.704538345336914062e+00,1.294241142272949219e+01
1.771479988098144531e+01,-3.435241281986236572e-01,-4.590985774993896484e+00
5.632070064544677734e+00,4.683697819709777832e-01,-1.445717096328735352e+00
1.373264217376708984e+01,1.865663528442382812e+01,7.413371086120605469e+00
1.383730602264404297e+01,1.853644371032714844e+01,7.747899055480957031e+00
5.833730220794677734e+00,2.101839184761047363e-01,-1.614869356155395508e+00
-8.381136894226074219e+00,1.031922245025634766e+01,7.106953620910644531e+00
-4.289747238159179688e+00,-1.300686931610107422e+01,-1.402558803558349609e+00
1.549290180206298828e+01,1.300961017608642578e+01,-4.706727504730224609e+00
4.893348693847656250e+00,1.578159618377685547e+01,7.191491127014160156e+00
-6.752553462982177734e+00,1.927461242675781250e+01,-5.228418350219726562e+00
4.849116802215576172e+00,1.582372188568115234e+01,7.144723415374755859e+00
4.366554737091064453e+00,6.484056949615478516e+00,-1.784730339050292969e+01
-4.364370822906494141e+00,-1.288115501403808594e+01,6.296485900878906250e+00
-5.516198277473449707e-01,7.673317909240722656e+00,2.120052099227905273e+00
1.391903591156005859e+01,1.861264991760253906e+01,7.829967498779296875e+00
-3.290276765823364258e+00,1.968500900268554688e+01,2.126297235488891602e+00
9.781307220458984375e+00,-3.517594575881958008e+00,8.051936149597167969e+00
1.870681381225585938e+01,-7.004214286804199219e+00,4.739919662475585938e+00
4.840934276580810547e+00,1.582922077178955078e+01,7.136276721954345703e+00
1.897409629821777344e+01,5.677162647247314453e+00,-2.540534257888793945e+00
1.381742000579833984e+01,4.612680912017822266e+00,-1.264035320281982422e+01
4.892127037048339844e+00,1.578485488891601562e+01,7.190209865570068359e+00
4.020536899566650391e+00,-5.385880947113037109e+00,7.322207927703857422e+00
-6.723497390747070312e+00,1.928698921203613281e+01,-5.244520664215087891e+00
-1.364913284778594971e-01,1.737402534484863281e+01,1.229841518402099609e+01
-5.230973720550537109e+00,5.462520599365234375e+00,-1.834958267211914062e+01
-6.772286415100097656e+00,1.923390197753906250e+01,-5.185754776000976562e+00
1.533351230621337891e+01,1.309674739837646484e+01,-5.018400192260742188e+00
8.436929702758789062e+00,-1.448288440704345703e+01,1.920412778854370117e+00
-3.278099596500396729e-01,1.723850059509277344e+01,1.242096805572509766e+01
7.592601776123046875e+00,9.677007675170898438e+00,-2.750769853591918945e+00
1.394124412536621094e+01,1.860001564025878906e+01,7.707774162292480469e+00
2.093445396423339844e+01,1.075778007507324219e+01,2.526236534118652344e+00
8.137125968933105469e+00,-1.539909988641738892e-01,1.636204338073730469e+01
1.400179862976074219e+01,4.318195343017578125e+00,-1.269359970092773438e+01
-1.629695510864257812e+01,-4.472320556640625000e+00,-2.455248355865478516e+00
5.295920372009277344e+00,-6.162964820861816406e+00,1.468754005432128906e+01
2.108009338378906250e+01,8.059546470642089844e+00,8.825293540954589844e+00
-5.252316474914550781e+00,5.484424591064453125e+00,-1.832766342163085938e+01
-1.339251899719238281e+01,4.400415420532226562e+00,1.961374759674072266e+00
-2.817485094070434570e+00,-1.278427886962890625e+01,-9.018188476562500000e+00
-6.746242046356201172e+00,1.925441360473632812e+01,-5.195813655853271484e+00
1.038069248199462891e+01,9.388704299926757812e+00,1.182968902587890625e+01
-4.229197025299072266e+00,2.025932550430297852e+00,-9.993260383605957031e+00
1.387097835540771484e+01,-4.495830059051513672e+00,-1.458400440216064453e+01
1.007866096496582031e+01,-1.116707038879394531e+01,1.001148891448974609e+01
-6.721287727355957031e+00,-8.087156295776367188e+00,1.713347434997558594e+01
-6.354923725128173828e+00,-6.854046821594238281e+00,2.891457557678222656e+00
-9.829836845397949219e+00,1.392052173614501953e+01,2.431259155273437500e+00
1.108221054077148438e+01,-3.987852096557617188e+00,-5.454134464263916016e+00
4.301531791687011719e+00,6.392767906188964844e+00,-1.781604576110839844e+01
3.377214670181274414e-01,4.172788143157958984e+00,1.109976291656494141e+00
5.255699157714843750e-01,1.301068019866943359e+01,2.569263935089111328e+00
-5.998493194580078125e+00,1.407922554016113281e+01,-1.461539745330810547e+01
2.062155914306640625e+01,1.241876602172851562e+00,3.827413558959960938e+00
-4.231236934661865234e+00,2.022098064422607422e+00,-9.996189117431640625e+00
-6.050225734710693359e+00,1.395878887176513672e+01,-1.454594516754150391e+01
-5.227410793304443359e+00,5.456708908081054688e+00,-1.835542678833007812e+01
-6.354323387145996094e+00,-6.854970455169677734e+00,2.890514135360717773e+00
-4.292184829711914062e+00,-1.300783824920654297e+01,-1.400498986244201660e+00
-7.067840576171875000e+00,8.378048896789550781e+00,1.187908077239990234e+01
4.431776523590087891e+00,-1.511431503295898438e+01,7.978394031524658203e+00
1.898755073547363281e+01,3.703969955444335938e+00,1.294293785095214844e+01
-1.396826356649398804e-01,-1.284306049346923828e+01,1.382708835601806641e+01
-9.774134308099746704e-02,-5.845471382141113281e+00,9.754282236099243164e-01
9.429198265075683594e+00,1.237816524505615234e+01,-1.154840660095214844e+01
1.007890129089355469e+01,-1.116706752777099609e+01,1.001171779632568359e+01
1.898476982116699219e+01,3.707223176956176758e+00,1.294707202911376953e+01
1.380721855163574219e+01,1.852342796325683594e+01,7.711562633514404297e+00
8.135980606079101562e+00,-1.533689796924591064e-01,1.636445236206054688e+01
1.007731246948242188e+01,-1.116445350646972656e+01,1.001012134552001953e+01
9.435409545898437500e+00,1.238439655303955078e+01,-1.154588794708251953e+01
2.882545709609985352e+00,3.395672082901000977e+00,-4.969082832336425781e+00
2.606968641281127930e+00,4.446000576019287109e+00,-4.257273197174072266e+00
1.180701375007629395e+00,6.430854797363281250e+00,2.634704351425170898e+00
-6.359444141387939453e+00,-6.850046157836914062e+00,2.895424127578735352e+00
1.897094154357910156e+01,5.675584316253662109e+00,-2.537381410598754883e+00
-2.043157339096069336e+00,6.324713706970214844e+00,-4.282355785369873047e+00
-5.841804027557373047e+00,1.421100139617919922e+01,-1.488620281219482422e+01
1.210436725616455078e+01,1.705577278137207031e+01,8.851273655891418457e-01
1.517015266418457031e+01,9.712345004081726074e-01,7.783326625823974609e+00
8.686880111694335938e+00,1.889306831359863281e+01,-3.306916952133178711e+00
4.238155364990234375e+00,6.380288600921630859e+00,-1.773916053771972656e+01
2.691849946975708008e+00,1.764481925964355469e+01,1.352321267127990723e+00
-2.759636640548706055e+00,-7.732570171356201172e+00,9.366317749023437500e+00
-1.073437404632568359e+01,-5.554228305816650391e+00,1.088641738891601562e+01
4.318799495697021484e+00,6.404286861419677734e+00,-1.783493041992187500e+01
-2.539417743682861328e+00,1.227030251175165176e-02,1.429556941986083984e+01
-2.378885984420776367e+00,3.793326020240783691e-01,1.456872367858886719e+01
-3.653218746185302734e-01,1.731037521362304688e+01,1.236297702789306641e+01
1.554310894012451172e+01,6.246001720428466797e+00,6.109975814819335938e+00
8.137723922729492188e+00,-1.549153774976730347e-01,1.636278724670410156e+01
1.381508445739746094e+01,4.594977855682373047e+00,-1.263550853729248047e+01
2.178496551513671875e+01,-4.065340518951416016e+00,-1.076699376106262207e+00
1.423532104492187500e+01,4.195881366729736328e+00,-1.257845878601074219e+01
1.449383258819580078e+00,2.338431549072265625e+01,-6.954388618469238281e+00
2.692152261734008789e+00,5.653127670288085938e+00,1.984258270263671875e+01
4.295365810394287109e+00,6.387352466583251953e+00,-1.782848548889160156e+01
-3.002876341342926025e-01,1.723058700561523438e+01,1.241351890563964844e+01
-1.206784918904304504e-01,1.742710494995117188e+01,1.236009216308593750e+01
-5.226097583770751953e+00,1.097851467132568359e+01,-5.186372756958007812e+00
-5.252796649932861328e+00,1.094919013977050781e+01,-5.218372344970703125e+00
-1.203317761421203613e+00,3.224865436553955078e+00,1.959931731224060059e+00
-9.272605776786804199e-01,5.164616584777832031e+00,7.066788196563720703e+00
-5.913009643554687500e+00,1.405576801300048828e+01,-1.471596622467041016e+01
-2.235616207122802734e+00,6.297001361846923828e+00,-1.766937494277954102e+00
2.372761011123657227e+00,3.806748628616333008e+00,1.561782717704772949e+00
-9.738644599914550781e+00,1.376260948181152344e+01,2.323975563049316406e+00
5.492454051971435547e+00,1.895300269126892090e+00,-4.313356876373291016e+00
1.369788837432861328e+01,4.443184375762939453e+00,-1.262757873535156250e+01
4.174358844757080078e+00,6.298293113708496094e+00,-1.769712066650390625e+01
-2.576744794845581055e+00,6.999740004539489746e-02,1.429212856292724609e+01
6.521317005157470703e+00,2.901860952377319336e+00,9.119898796081542969e+00
4.420524597167968750e+00,6.544165134429931641e+00,-1.788341903686523438e+01
8.576290130615234375e+00,1.776576042175292969e+01,-4.165765762329101562e+00
-4.364306449890136719e+00,-1.288021278381347656e+01,6.296575546264648438e+00
6.537269115447998047e+00,8.713288903236389160e-01,-1.702690887451171875e+01
-9.843541145324707031e+00,1.394455718994140625e+01,2.418021440505981445e+00
-2.738056182861328125e+00,-1.057727634906768799e-01,1.459916019439697266e+01
1.868271255493164062e+01,-7.027377128601074219e+00,4.763417720794677734e+00
8.683897972106933594e+00,1.887016868591308594e+01,-3.300898313522338867e+00
1.398544311523437500e+01,1.853016662597656250e+01,7.632166862487792969e+00
-2.224796056747436523e+00,2.163751423358917236e-02,1.422704219818115234e+01
8.577260971069335938e+00,1.775959396362304688e+01,-4.178847789764404297e+00
9.783116340637207031e+00,-3.519221544265747070e+00,8.053710937500000000e+00
3.615206182003021240e-01,-7.932099819183349609e+00,-4.480292320251464844e+00
-2.358433961868286133e+00,-2.205694437026977539e+00,-1.804186820983886719e+01
1.668858051300048828e+00,2.318141937255859375e+01,-6.923532485961914062e+00
4.301642894744873047e+00,5.406637191772460938e+00,-4.141373157501220703e+00
1.567214202880859375e+01,1.317783355712890625e+01,-4.588616847991943359e+00
-6.355422973632812500e+00,-6.853871345520019531e+00,2.891637563705444336e+00
-2.813480854034423828e+00,-1.278822708129882812e+01,-9.015913009643554688e+00
4.340407848358154297e+00,6.442748069763183594e+00,-1.786245155334472656e+01
-8.650443077087402344e+00,-7.093033313751220703e+00,-1.189257860183715820e+00
2.057656288146972656e+01,1.288618803024291992e+00,3.868144512176513672e+00
2.178531455993652344e+01,-4.064038753509521484e+00,-1.078089952468872070e+00
4.432424545288085938e+00,-1.511479663848876953e+01,7.977795600891113281e+00
-7.069126605987548828e+00,8.379441261291503906e+00,1.187675380706787109e+01
-1.073776721954345703e+01,-5.557599067687988281e+00,1.089024734497070312e+01
-2.434849262237548828e+00,-4.941922426223754883e-02,1.425962162017822266e+01
-3.761775791645050049e-01,1.104043579101562500e+01,1.757346343994140625e+01
-7.069572448730468750e+00,8.380178451538085938e+00,1.187498569488525391e+01
1.771687507629394531e+01,-3.434291779994964600e-01,-4.592577934265136719e+00
1.532616996765136719e+01,1.307261753082275391e+01,-5.005673408508300781e+00
1.419528841972351074e+00,2.339325332641601562e+01,-6.905529499053955078e+00
1.529695129394531250e+01,-1.165481472015380859e+01,5.953573226928710938e+00
1.378768920898437500e+01,1.854414176940917969e+01,7.734628200531005859e+00
2.885383129119873047e+00,-1.012072443962097168e+00,3.313601493835449219e+00
4.024712562561035156e+00,-5.381680488586425781e+00,7.326229572296142578e+00
1.506268382072448730e+00,2.336048889160156250e+01,-7.069996833801269531e+00
2.323063850402832031e+00,6.108889579772949219e+00,-2.425941467285156250e+00
8.683535575866699219e+00,1.887748146057128906e+01,-3.302523374557495117e+00
-4.364933490753173828e+00,-1.287904930114746094e+01,6.296405792236328125e+00
9.080935478210449219e+00,8.088460922241210938e+00,-1.082182121276855469e+01
-6.061526775360107422e+00,1.395759582519531250e+01,-1.447873878479003906e+01
-2.361336231231689453e+00,-2.208368301391601562e+00,-1.804396820068359375e+01
4.022636890411376953e+00,-5.383823394775390625e+00,7.324840068817138672e+00
-1.686815643310546875e+01,1.086158943176269531e+01,-2.895518064498901367e+00
1.641168403625488281e+01,-6.584929466247558594e+00,1.172019004821777344e+01
-9.617408752441406250e+00,-3.365612745285034180e+00,-1.155567932128906250e+01
-1.872190666198730469e+01,2.105344533920288086e+00,-1.267403721809387207e+00
5.803050518035888672e+00,9.737323760986328125e+00,-5.537997722625732422e+00
1.425106239318847656e+01,1.882345390319824219e+01,7.833300590515136719e+00
-2.740460157394409180e+00,-1.083305701613426208e-01,1.460429191589355469e+01
-9.215806722640991211e-01,5.157449245452880859e+00,7.059534549713134766e+00
1.870578384399414062e+01,-7.004694938659667969e+00,4.740574359893798828e+00
1.357994556427001953e+01,1.830791091918945312e+01,7.998210430145263672e+00
1.369198513031005859e+01,4.394011020660400391e+00,-1.274627590179443359e+01
2.723570346832275391e+00,6.355739593505859375e+00,2.692952394485473633e+00
9.089780807495117188e+00,8.869943618774414062e+00,2.682571411132812500e+00
-7.536662817001342773e-01,1.068483257293701172e+01,1.764572906494140625e+01
1.771580314636230469e+01,-3.424097895622253418e-01,-4.591496944427490234e+00
1.409614944458007812e+01,-2.173493146896362305e+00,1.472070503234863281e+01
1.366672706604003906e+01,4.392994403839111328e+00,-1.274919509887695312e+01
1.372934627532958984e+01,1.866914749145507812e+01,7.390265464782714844e+00
-1.378351449966430664e+00,-6.088953018188476562e+00,-9.099227905273437500e+00
-6.443105936050415039e-01,1.084210205078125000e+01,1.775130653381347656e+01
-2.728762626647949219e-01,1.736813735961914062e+01,1.240023326873779297e+01
-1.201198959350585938e+01,5.064798593521118164e-01,1.043205070495605469e+01
1.215287399291992188e+01,-6.376327991485595703e+00,1.190566658973693848e+00
-3.227105438709259033e-01,1.740752220153808594e+01,1.243238639831542969e+01
1.453573465347290039e+00,2.337458419799804688e+01,-6.940505027770996094e+00
-2.361484050750732422e+00,-2.208729028701782227e+00,-1.804232025146484375e+01
1.007661819458007812e+01,-1.116327381134033203e+01,1.000946712493896484e+01
-4.361719131469726562e+00,-1.287513637542724609e+01,6.300396919250488281e+00
1.641136360168457031e+01,-6.585966587066650391e+00,1.172051811218261719e+01
-5.262702941894531250e+00,5.421921253204345703e+00,-1.839019203186035156e+01
1.177564263343811035e+00,-1.182316207885742188e+01,9.145881533622741699e-01
1.210298156738281250e+01,1.705715942382812500e+01,8.836798667907714844e-01
2.178477478027343750e+01,-4.064211368560791016e+00,-1.078333020210266113e+00
-4.228719711303710938e+00,2.024530649185180664e+00,-9.993767738342285156e+00
1.384690856933593750e+01,1.853975296020507812e+01,7.780361175537109375e+00
-1.035947799682617188e+01,-8.523360252380371094e+00,-7.952081680297851562e+00
-1.522292041778564453e+01,4.090795993804931641e+00,-7.675402164459228516e+00
-1.180131816864013672e+01,1.059240436553955078e+01,-8.064147949218750000e+00
-3.581078052520751953e-01,1.107109642028808594e+01,1.760766983032226562e+01
6.536521434783935547e+00,8.727227449417114258e-01,-1.702759170532226562e+01
2.988609552383422852e+00,3.098626375198364258e+00,-5.141086578369140625e+00
4.296856880187988281e+00,5.412419795989990234e+00,-4.147934436798095703e+00
1.679605364799499512e+00,2.317033386230468750e+01,-6.910662651062011719e+00
5.537776470184326172e+00,-5.304405689239501953e+00,-1.694755744934082031e+01
4.398136138916015625e+00,6.477787971496582031e+00,-1.789740943908691406e+01
-1.523079013824462891e+01,4.097135066986083984e+00,-7.683245658874511719e+00
2.885980844497680664e+00,-1.011888980865478516e+00,3.313414812088012695e+00
1.357853698730468750e+01,1.830593299865722656e+01,8.003504753112792969e+00
1.484036731719970703e+01,-8.441022872924804688e+00,-5.923448562622070312e+00
-1.240254306793212891e+01,-2.443204164505004883e+00,4.219372272491455078e+00
-6.003331661224365234e+00,1.399428081512451172e+01,-1.440000724792480469e+01
-6.051752090454101562e+00,1.398467159271240234e+01,-1.452225589752197266e+01
2.694706439971923828e+00,5.650779724121093750e+00,1.984493255615234375e+01
-5.037539005279541016e+00,1.081667518615722656e+01,-5.128575801849365234e+00
-9.841201782226562500e+00,1.394958591461181641e+01,2.457443714141845703e+00
9.438740730285644531e+00,1.238747692108154297e+01,-1.155243301391601562e+01
5.275115370750427246e-01,1.300880432128906250e+01,2.567298650741577148e+00
-1.246347784996032715e+00,3.916540384292602539e+00,-2.774980783462524414e+00
1.403791999816894531e+01,4.323327541351318359e+00,-1.269613838195800781e+01
8.444442749023437500e+00,-1.447501277923583984e+01,1.926959395408630371e+00
7.147843837738037109e+00,9.003561019897460938e+00,-7.605407238006591797e-01
-1.073790073394775391e+01,-5.557357311248779297e+00,1.089035129547119141e+01
5.801834106445312500e+00,9.736117362976074219e+00,-5.536828994750976562e+00
1.356703090667724609e+01,1.829574203491210938e+01,8.012875556945800781e+00
9.806907653808593750e+00,-8.848750114440917969e+00,-9.198903083801269531e+00
7.111206054687500000e+00,9.025463104248046875e+00,-7.782575488090515137e-01
2.512544155120849609e+00,1.802957725524902344e+01,1.218550801277160645e+00
1.107811832427978516e+01,-3.991900444030761719e+00,-5.450199604034423828e+00
2.093589019775390625e+01,1.075584125518798828e+01,2.527942180633544922e+00
-4.154651165008544922e-01,1.741735649108886719e+01,1.226554107666015625e+01
-1.096971607208251953e+01,2.529903888702392578e+00,-1.594875240325927734e+01
-2.723021507263183594e+00,-1.100857630372047424e-01,1.458883476257324219e+01
1.409677028656005859e+01,-2.174138545989990234e+00,1.472130393981933594e+01
1.215136718750000000e+01,-6.374508857727050781e+00,1.188723444938659668e+00
-1.872311210632324219e+01,2.104917526245117188e+00,-1.268048763275146484e+00
1.050914859771728516e+01,9.499420166015625000e+00,1.170027065277099609e+01
2.108176422119140625e+01,8.057809829711914062e+00,8.823682785034179688e+00
1.897390937805175781e+01,5.678388595581054688e+00,-2.537448167800903320e+00
-1.378250718116760254e+00,-6.088772296905517578e+00,-9.099076271057128906e+00
-9.615810394287109375e+00,-3.366691827774047852e+00,-1.155730152130126953e+01
4.020128726959228516e+00,-5.386305809020996094e+00,7.321859836578369141e+00
6.740159511566162109e+00,-7.229828834533691406e+00,-6.546106189489364624e-02
-4.364111900329589844e+00,-1.287660598754882812e+01,6.301369190216064453e+00
-7.347249984741210938e-01,1.070348358154296875e+01,1.763251686096191406e+01
-8.651398658752441406e+00,-7.093893051147460938e+00,-1.190120816230773926e+00
1.387094116210937500e+01,-4.495899200439453125e+00,-1.458425426483154297e+01
4.432801246643066406e+00,-1.511418247222900391e+01,7.977668762207031250e+00
4.433018684387207031e+00,-1.511399650573730469e+01,7.977948665618896484e+00
4.437310695648193359e+00,-1.511795139312744141e+01,7.973531246185302734e+00
6.537749767303466797e+00,8.720201253890991211e-01,-1.702780151367187500e+01
-1.687061119079589844e+01,1.086375236511230469e+01,-2.895242452621459961e+00
1.640358352661132812e+01,-6.578541755676269531e+00,1.172830581665039062e+01
-1.872305107116699219e+01,2.104201316833496094e+00,-1.268519997596740723e+00
-2.363865613937377930e+00,-2.211220026016235352e+00,-1.804024124145507812e+01
-4.291527271270751953e+00,-1.300612831115722656e+01,-1.402894496917724609e+00
2.093727684020996094e+01,1.075724601745605469e+01,2.533482789993286133e+00
1.513993859291076660e+00,2.333936309814453125e+01,-7.018874645233154297e+00
1.517092990875244141e+01,9.713186025619506836e-01,7.783535003662109375e+00
-2.234827756881713867e+00,2.545516937971115112e-02,1.423692417144775391e+01
1.983555436134338379e+00,7.089730262756347656e+00,3.667751312255859375e+00
1.562622904777526855e+00,7.377321720123291016e+00,4.115407943725585938e+00
-9.615404129028320312e+00,-3.366392135620117188e+00,-1.155775737762451172e+01
1.409669876098632812e+01,-2.174073219299316406e+00,1.472122001647949219e+01
1.368893146514892578e+01,4.407995223999023438e+00,-1.273505115509033203e+01
8.137036323547363281e+00,-1.541009843349456787e-01,1.636336135864257812e+01
3.637530207633972168e-01,-7.929880619049072266e+00,-4.482538223266601562e+00
-2.966279983520507812e-01,5.169526100158691406e+00,1.380543231964111328e+00
1.484090900421142578e+01,-8.444055557250976562e+00,-5.922842025756835938e+00
-1.035970211029052734e+01,-8.523601531982421875e+00,-7.952322006225585938e+00
1.215021610260009766e+01,-6.373363018035888672e+00,1.188282251358032227e+00
1.898797607421875000e+01,3.704249858856201172e+00,1.294395637512207031e+01
-6.356235980987548828e+00,-6.853532791137695312e+00,2.891993761062622070e+00
-1.074506950378417969e+01,-5.564412117004394531e+00,1.089710807800292969e+01
1.210382938385009766e+01,1.705582618713378906e+01,8.849538564682006836e-01
3.965491771697998047e+00,-1.231499290466308594e+01,-9.638238906860351562e+00
1.410353374481201172e+01,-2.180949211120605469e+00,1.472805881500244141e+01
2.178553199768066406e+01,-4.063417911529541016e+00,-1.079385757446289062e+00
6.520358085632324219e+00,2.902695178985595703e+00,9.118922233581542969e+00
-2.945298552513122559e-01,1.730829429626464844e+01,1.239199161529541016e+01
-1.073637294769287109e+01,-5.557076930999755859e+00,1.088838291168212891e+01
-2.899712920188903809e-01,1.727667999267578125e+01,1.243284416198730469e+01
-1.647160768508911133e+00,-1.641629576683044434e+00,-2.984170198440551758e+00
7.592180252075195312e+00,9.678307533264160156e+00,-2.748384952545166016e+00
7.590814590454101562e+00,9.665040969848632812e+00,-2.750614643096923828e+00
1.638640785217285156e+01,-6.606508731842041016e+00,1.174544429779052734e+01
-1.378721475601196289e+00,-6.088719844818115234e+00,-9.099108695983886719e+00
-1.629780960083007812e+01,-4.473329067230224609e+00,-2.456072568893432617e+00
-9.666210412979125977e-02,-5.844330787658691406e+00,9.743130803108215332e-01
4.018649578094482422e+00,-5.387835502624511719e+00,7.320482730865478516e+00
3.966721296310424805e+00,-1.231313419342041016e+01,-9.640207290649414062e+00
4.021471023559570312e+00,-5.384961128234863281e+00,7.323203086853027344e+00
-1.158938407897949219e+01,5.413731575012207031e+00,1.463085174560546875e+01
1.532612323760986328e+00,2.331290626525878906e+01,-6.993579387664794922e+00
2.094295120239257812e+01,1.075426387786865234e+01,2.535833120346069336e+00
-2.679762840270996094e+00,2.674441784620285034e-02,1.387574005126953125e+01
-1.181893920898437500e+01,-1.163867568969726562e+01,5.569592952728271484e+00
3.216193199157714844e+00,-3.081511735916137695e+00,-8.957499504089355469e+00
1.215033912658691406e+01,-6.373371124267578125e+00,1.188601613044738770e+00
-1.687042617797851562e+01,1.086355590820312500e+01,-2.894937992095947266e+00
1.409727096557617188e+01,-2.174640178680419922e+00,1.472191333770751953e+01
1.383540439605712891e+01,4.635720729827880859e+00,-1.261229896545410156e+01
-7.068745136260986328e+00,8.379347801208496094e+00,1.187574863433837891e+01
-5.842960834503173828e+00,1.421714496612548828e+01,-1.491438579559326172e+01
1.008069324493408203e+01,-1.116117763519287109e+01,1.001350021362304688e+01
5.407917499542236328e+00,6.256829738616943359e+00,-2.223603010177612305e+00
-5.646731853485107422e-01,1.079348373413085938e+01,1.745853424072265625e+01
2.599877119064331055e+00,4.466171264648437500e+00,-4.246824264526367188e+00
-5.507937073707580566e-01,7.674217700958251953e+00,2.120616197586059570e+00
3.787460803985595703e+00,5.153481483459472656e+00,-2.050668716430664062e+00
1.897350311279296875e+01,3.696640729904174805e+00,1.292213153839111328e+01
5.257400274276733398e-01,1.301056575775146484e+01,2.569059371948242188e+00
2.601246833801269531e+00,4.464568614959716797e+00,-4.247127056121826172e+00
3.964088439941406250e+00,5.149122238159179688e+00,-2.081089258193969727e+00
-8.641483306884765625e+00,-7.084425449371337891e+00,-1.180683016777038574e+00
1.007926177978515625e+01,-1.116174221038818359e+01,1.001223754882812500e+01
2.205456542968750000e+01,9.100687980651855469e+00,-7.184130668640136719e+00
-1.240159988403320312e+01,-2.443626642227172852e+00,4.220231533050537109e+00
-1.158966255187988281e+01,5.414006710052490234e+00,1.463113021850585938e+01
-1.872177124023437500e+01,2.106039762496948242e+00,-1.267396211624145508e+00
1.898865127563476562e+01,3.701009511947631836e+00,1.294261550903320312e+01
-6.722639083862304688e+00,-8.087408065795898438e+00,1.713383483886718750e+01
1.484217643737792969e+01,-8.443293571472167969e+00,-5.920508861541748047e+00
-1.495535820722579956e-01,1.746390533447265625e+01,1.250593566894531250e+01
-4.365184783935546875e+00,-1.287846851348876953e+01,6.299978256225585938e+00
6.739189624786376953e+00,-7.230866909027099609e+00,-6.453613191843032837e-02
-1.629720306396484375e+01,-4.472716331481933594e+00,-2.455444097518920898e+00
-1.394168734550476074e-01,-1.284335517883300781e+01,1.382675170898437500e+01
-1.339389896392822266e+01,4.402045249938964844e+00,1.959967613220214844e+00
-4.291779994964599609e+00,-1.300573921203613281e+01,-1.403689026832580566e+00
1.179408550262451172e+00,-1.182178115844726562e+01,9.143428802490234375e-01
-1.159056091308593750e+01,5.414886951446533203e+00,1.463202476501464844e+01
8.477592468261718750e+00,1.784579086303710938e+01,-2.838089704513549805e+00
8.138988494873046875e+00,-1.556438505649566650e-01,1.636142349243164062e+01
-5.975712776184082031e+00,1.398430633544921875e+01,-1.465953731536865234e+01
2.792312860488891602e+00,-9.140783309936523438e+00,-1.535049629211425781e+01
-5.831351280212402344e+00,1.422506809234619141e+01,-1.491972541809082031e+01
-6.245182991027832031e+00,1.378887748718261719e+01,-1.464312744140625000e+01
2.793079853057861328e+00,-9.140670776367187500e+00,-1.535024070739746094e+01
-6.380277872085571289e-01,1.084908199310302734e+01,1.771924400329589844e+01
-3.268435955047607422e+00,1.970665931701660156e+01,2.104516744613647461e+00
1.529762935638427734e+01,-1.165619468688964844e+01,5.952786922454833984e+00
-8.056455254554748535e-01,5.043601989746093750e+00,7.004889488220214844e+00
1.366588973999023438e+01,4.394320011138916016e+00,-1.274990463256835938e+01
-2.684176683425903320e+00,2.924320660531520844e-02,1.387192535400390625e+01
5.535639286041259766e+00,-5.306398391723632812e+00,-1.694595718383789062e+01
-4.293559491634368896e-01,1.749085807800292969e+01,1.223592281341552734e+01
-4.228814601898193359e+00,2.024712324142456055e+00,-9.993541717529296875e+00
8.575095176696777344e+00,1.828103828430175781e+01,-3.153134822845458984e+00
1.108072090148925781e+01,-3.989324092864990234e+00,-5.452425956726074219e+00
-3.776312470436096191e-01,1.723275756835937500e+01,1.239682960510253906e+01
-2.040218591690063477e+00,6.355875015258789062e+00,-4.237467288970947266e+00
-6.260235309600830078e+00,1.378521156311035156e+01,-1.468109798431396484e+01
-1.636539101600646973e-01,8.174754142761230469e+00,3.323201656341552734e+00
-5.105587959289550781e+00,3.154384374618530273e+00,1.508931279182434082e+00
-1.073758983612060547e+01,-5.558286666870117188e+00,1.088957500457763672e+01
1.868950462341308594e+01,-6.988256454467773438e+00,4.750204086303710938e+00
1.771679687500000000e+01,-3.433531820774078369e-01,-4.592471122741699219e+00
8.688522338867187500e+00,1.889366722106933594e+01,-3.305713415145874023e+00
1.008723163604736328e+01,-1.115425682067871094e+01,1.002021312713623047e+01
9.434371948242187500e+00,1.238323974609375000e+01,-1.154871940612792969e+01
5.817311763763427734e+00,1.127836704254150391e+01,1.197657734155654907e-01
-1.158999443054199219e+01,5.414334297180175781e+00,1.463147640228271484e+01
-1.035968589782714844e+01,-8.522847175598144531e+00,-7.949861526489257812e+00
1.215061473846435547e+01,-6.373538970947265625e+00,1.188671588897705078e+00
2.093842887878417969e+01,1.075864696502685547e+01,2.532607555389404297e+00
3.964164495468139648e+00,-1.231589603424072266e+01,-9.637395858764648438e+00
-5.187378406524658203e+00,-4.419460773468017578e+00,-1.421409130096435547e+01
-1.180014610290527344e+01,1.059128189086914062e+01,-8.065357208251953125e+00
-6.353931427001953125e+00,-6.856105327606201172e+00,2.889423370361328125e+00
-5.946278572082519531e+00,1.408619022369384766e+01,-1.469306278228759766e+01
5.833734512329101562e+00,2.101774513721466064e-01,-1.614872574806213379e+00
3.417409181594848633e+00,5.609746456146240234e+00,-1.089443206787109375e+00
2.108061408996582031e+01,8.058862686157226562e+00,8.824869155883789062e+00
1.365551948547363281e+01,4.362197399139404297e+00,-1.268111610412597656e+01
3.618555366992950439e-01,4.180272102355957031e+00,1.063325166702270508e+00
-9.791493415832519531e+00,1.389886093139648438e+01,2.475813150405883789e+00
1.365025997161865234e+01,4.368340015411376953e+00,-1.277198219299316406e+01
6.503035545349121094e+00,2.919275760650634766e+00,9.099890708923339844e+00
-9.616052627563476562e+00,-3.365656852722167969e+00,-1.155713844299316406e+01
-5.408357977867126465e-01,1.092153072357177734e+01,1.764207267761230469e+01
8.478987693786621094e+00,1.784746360778808594e+01,-2.832344770431518555e+00
9.091149330139160156e+00,8.079165458679199219e+00,-1.083231353759765625e+01
-2.762737751007080078e+00,-7.729550838470458984e+00,9.363212585449218750e+00
1.444058179855346680e+00,2.338178062438964844e+01,-6.921838760375976562e+00
4.304586410522460938e+00,6.408727645874023438e+00,-1.780025863647460938e+01
1.408655524253845215e+00,2.345759773254394531e+01,-7.043647766113281250e+00
-4.502963647246360779e-02,1.761686325073242188e+01,1.269514465332031250e+01
-8.342064619064331055e-01,9.287791252136230469e+00,3.889277458190917969e+00
8.485928773880004883e-01,6.255084514617919922e+00,1.881281495094299316e+00
-2.024674564599990845e-01,1.730620765686035156e+01,1.237670040130615234e+01
-8.382205963134765625e+00,1.032027530670166016e+01,7.108100414276123047e+00
-9.877604484558105469e+00,1.397538661956787109e+01,2.432581663131713867e+00
-2.688906431198120117e+00,2.683131210505962372e-02,1.387921237945556641e+01
-2.384230852127075195e+00,3.675756454467773438e-01,1.455964851379394531e+01
-1.074147510528564453e+01,-5.560553550720214844e+00,1.088839626312255859e+01
7.146438121795654297e+00,9.006692886352539062e+00,-7.625445723533630371e-01
2.513522624969482422e+00,1.802826881408691406e+01,1.220130920410156250e+00
-2.493534088134765625e-01,1.740751075744628906e+01,1.228021526336669922e+01
-4.364370346069335938e+00,-1.285294914245605469e+01,6.317252159118652344e+00
-1.426750570535659790e-01,-1.284002971649169922e+01,1.383003616333007812e+01
-1.645405888557434082e+00,-1.639357805252075195e+00,-2.980419397354125977e+00
-7.542878389358520508e-02,1.719345092773437500e+01,1.234426689147949219e+01
1.176543354988098145e+00,-1.182467555999755859e+01,9.138789772987365723e-01
1.771841049194335938e+01,-3.449708223342895508e-01,-4.594081401824951172e+00
-1.113798809051513672e+01,-1.208292022347450256e-01,-4.695220470428466797e+00
-2.740180730819702148e+00,-1.092415750026702881e-01,1.460086631774902344e+01
-2.379091501235961914e+00,3.768165409564971924e-01,1.456787681579589844e+01
8.119822502136230469e+00,-1.402219235897064209e-01,1.637375640869140625e+01
-1.629686927795410156e+01,-4.472473144531250000e+00,-2.455083608627319336e+00
-2.745224714279174805e+00,-1.134648770093917847e-01,1.461202239990234375e+01
2.889391183853149414e+00,-1.009807705879211426e+00,3.308369636535644531e+00
-1.097066116333007812e+01,2.528859853744506836e+00,-1.594942474365234375e+01
-2.683827400207519531e+00,2.781647443771362305e-02,1.387592506408691406e+01
5.864016532897949219e+00,9.852253913879394531e+00,-5.596759796142578125e+00
2.518065929412841797e+00,1.802379798889160156e+01,1.224479436874389648e+00
1.391938591003417969e+01,1.864534950256347656e+01,7.725242137908935547e+00
1.412326049804687500e+01,-2.200688838958740234e+00,1.474592971801757812e+01
1.372552204132080078e+01,4.471500873565673828e+00,-1.262598800659179688e+01
5.536538600921630859e+00,-5.305799961090087891e+00,-1.694642257690429688e+01
-1.097042751312255859e+01,2.529127836227416992e+00,-1.594882392883300781e+01
-6.592214107513427734e-01,4.369386672973632812e+00,7.533221244812011719e-01
6.747235298156738281e+00,-7.222795009613037109e+00,-7.255161553621292114e-02
-5.940909862518310547e+00,1.402491283416748047e+01,-1.431620979309082031e+01
1.517135810852050781e+01,9.705728292465209961e-01,7.782882690429687500e+00
1.178979992866516113e+00,-1.182267475128173828e+01,9.140487909317016602e-01
5.407677650451660156e+00,6.256389617919921875e+00,-2.223395109176635742e+00
2.205056571960449219e+01,9.096592903137207031e+00,-7.188164234161376953e+00
-1.240351104736328125e+01,-2.441869258880615234e+00,4.218277931213378906e+00
1.382232189178466797e+01,4.643113136291503906e+00,-1.260311126708984375e+01
-1.035902595520019531e+01,-8.522323608398437500e+00,-7.949254512786865234e+00
5.533174991607666016e+00,-5.310431480407714844e+00,-1.694193649291992188e+01
-9.846788406372070312e+00,1.392076969146728516e+01,2.420695543289184570e+00
8.484237194061279297e-01,6.254664897918701172e+00,1.880579352378845215e+00
-8.540363311767578125e+00,5.588672637939453125e+00,-3.177436351776123047e+00
6.640513420104980469e+00,4.822484016418457031e+00,5.061216831207275391e+00
6.626105308532714844e+00,4.845590591430664062e+00,5.080058097839355469e+00
-1.686912536621093750e+01,1.086382770538330078e+01,-2.893444061279296875e+00
9.948231697082519531e+00,9.270182609558105469e+00,1.114795112609863281e+01
-6.743719577789306641e+00,1.925118446350097656e+01,-5.201852321624755859e+00
-6.734457969665527344e+00,1.927591514587402344e+01,-5.218822002410888672e+00
2.779916048049926758e+00,6.370046138763427734e+00,2.713123559951782227e+00
1.565204524993896484e+01,1.315054130554199219e+01,-4.598597526550292969e+00
1.007688617706298828e+01,-1.116184997558593750e+01,1.000985717773437500e+01
-2.375241756439208984e+00,3.820369541645050049e-01,1.457082080841064453e+01
-6.566901206970214844e-01,4.373155117034912109e+00,7.537127733230590820e-01
-9.213703274726867676e-01,5.158194065093994141e+00,7.059218883514404297e+00
1.373610687255859375e+01,1.866177368164062500e+01,7.391300678253173828e+00
-9.155749082565307617e-01,5.163189888000488281e+00,7.053843498229980469e+00
6.221876740455627441e-01,4.993884086608886719e+00,4.941893741488456726e-02
2.094033241271972656e+01,1.075992012023925781e+01,2.534299612045288086e+00
-4.231356620788574219e+00,2.021967411041259766e+00,-9.996212959289550781e+00
6.539128780364990234e+00,8.722966909408569336e-01,-1.702777099609375000e+01
-6.718033790588378906e+00,-8.089832305908203125e+00,1.713778495788574219e+01
-1.096968460083007812e+01,2.529985904693603516e+00,-1.594769668579101562e+01
-1.378629446029663086e+00,-6.088515758514404297e+00,-9.098931312561035156e+00
-1.182214355468750000e+01,-1.163389492034912109e+01,5.574444770812988281e+00
6.539937973022460938e+00,8.712031245231628418e-01,-1.702641487121582031e+01
6.737077236175537109e+00,-7.233126163482666016e+00,-6.242385134100914001e-02
-9.700304985046386719e+00,1.383877468109130859e+01,2.531486272811889648e+00
-6.038670539855957031e+00,1.401367378234863281e+01,-1.463476848602294922e+01
-2.368556737899780273e+00,-2.215943336486816406e+00,-1.804689979553222656e+01
2.094181823730468750e+01,1.076087093353271484e+01,2.535320758819580078e+00
-9.483820199966430664e-01,1.240063667297363281e+00,2.249491500854492188e+01
3.216454744338989258e+00,-3.081316709518432617e+00,-8.957254409790039062e+00
-5.227323532104492188e+00,5.456949234008789062e+00,-1.835513114929199219e+01
-6.253069400787353516e+00,1.378933048248291016e+01,-1.464261531829833984e+01
-2.816812753677368164e+00,-1.278503704071044922e+01,-9.016008377075195312e+00
2.061274719238281250e+01,1.253310084342956543e+00,3.832123994827270508e+00
6.521461963653564453e+00,2.901614665985107422e+00,9.120044708251953125e+00
-1.159051227569580078e+01,5.414843082427978516e+00,1.463199520111083984e+01
2.107975769042968750e+01,8.059616088867187500e+00,8.825927734375000000e+00
8.684218406677246094e+00,1.889985656738281250e+01,-3.312096595764160156e+00
-6.512027978897094727e-01,1.084879589080810547e+01,1.776649093627929688e+01
8.442233085632324219e+00,-1.449473476409912109e+01,1.948185205459594727e+00
-9.201829433441162109e-01,5.158279418945312500e+00,7.058608531951904297e+00
-6.527667045593261719e-01,4.376893520355224609e+00,7.528620958328247070e-01
-5.064480304718017578e-01,4.632758617401123047e+00,6.951351165771484375e+00
-1.422234028577804565e-01,-1.284057140350341797e+01,1.382948875427246094e+01
1.177235484123229980e+00,-1.182429790496826172e+01,9.130964279174804688e-01
1.016131019592285156e+01,-1.368283271789550781e+01,-4.215957164764404297e+00
1.038103389739990234e+01,9.388634681701660156e+00,1.182762908935546875e+01
-1.418008506298065186e-01,-1.284218311309814453e+01,1.382782363891601562e+01
-1.635367774963378906e+01,7.215255737304687500e+00,8.039894104003906250e+00
-2.693370103836059570e+00,2.874439023435115814e-02,1.385824680328369141e+01
1.639060020446777344e+00,2.321376419067382812e+01,-6.948997497558593750e+00
1.569572830200195312e+01,1.319910526275634766e+01,-4.570594310760498047e+00
-6.353167057037353516e+00,-6.850687980651855469e+00,2.894841432571411133e+00
-5.209496974945068359e+00,-4.397603511810302734e+00,-1.423633003234863281e+01
6.886354923248291016e+00,3.814487457275390625e+00,5.104069232940673828e+00
-4.399527549743652344e+00,-9.995917677879333496e-01,6.255578994750976562e+00
1.205149531364440918e+00,6.391935348510742188e+00,2.599003076553344727e+00
1.607467293739318848e+00,7.562391281127929688e+00,4.532872200012207031e+00
5.833759784698486328e+00,2.101622372865676880e-01,-1.614888310432434082e+00
1.941483378410339355e+00,7.048540592193603516e+00,3.546470642089843750e+00
9.800130844116210938e+00,-8.855764389038085938e+00,-9.195126533508300781e+00
-5.841921567916870117e-01,1.087814903259277344e+01,1.772910118103027344e+01
-1.420476734638214111e-01,-1.284103965759277344e+01,1.382913112640380859e+01
-1.377444148063659668e+00,-6.087686061859130859e+00,-9.097745895385742188e+00
4.431137561798095703e+00,-1.511173248291015625e+01,7.980047225952148438e+00
-1.180335330963134766e+01,1.059448051452636719e+01,-8.062339782714843750e+00
1.423997592926025391e+01,1.881474304199218750e+01,7.829553127288818359e+00
-1.113908576965332031e+01,-1.213732436299324036e-01,-4.695086479187011719e+00
1.425153732299804688e+01,1.882460594177246094e+01,7.834065914154052734e+00
5.535566806793212891e+00,-5.307735919952392578e+00,-1.694460105895996094e+01
-1.073991870880126953e+01,-5.558974266052246094e+00,1.089013004302978516e+01
1.871034431457519531e+01,-7.011350631713867188e+00,4.732676029205322266e+00
1.902226829528808594e+01,3.667516469955444336e+00,1.290526008605957031e+01
-2.548827409744262695e+00,5.654219537973403931e-02,1.432475757598876953e+01
-2.690252065658569336e+00,2.936511486768722534e-02,1.386701202392578125e+01
-2.655274629592895508e+00,1.073387637734413147e-01,1.437283802032470703e+01
-9.615885734558105469e+00,-3.365557909011840820e+00,-1.155734443664550781e+01
2.094572639465332031e+01,1.075754737854003906e+01,2.539462804794311523e+00
2.886949062347412109e+00,-1.011098146438598633e+00,3.312306165695190430e+00
1.177467823028564453e+00,-1.182468891143798828e+01,9.135059714317321777e-01
-5.674669891595840454e-02,1.752676773071289062e+01,1.252672195434570312e+01
-6.776548385620117188e+00,1.925943565368652344e+01,-5.252220153808593750e+00
1.108029079437255859e+01,-3.989733934402465820e+00,-5.451961994171142578e+00
1.498901963233947754e+00,2.337804985046386719e+01,-7.088361263275146484e+00
1.210370159149169922e+01,1.705652618408203125e+01,8.842324614524841309e-01
-9.779497146606445312e+00,1.381074047088623047e+01,2.313845634460449219e+00
-9.845021247863769531e+00,1.394226741790771484e+01,2.433899879455566406e+00
-6.764348030090332031e+00,1.927106475830078125e+01,-5.262969970703125000e+00
4.277933120727539062e+00,6.421390056610107422e+00,-1.776949310302734375e+01
-2.235695600509643555e+00,6.297029018402099609e+00,-1.767037510871887207e+00
2.094182014465332031e+01,1.076111984252929688e+01,2.538694620132446289e+00
-5.829266548156738281e+00,1.420113277435302734e+01,-1.491587257385253906e+01
8.135711669921875000e+00,-1.560158282518386841e-01,1.635822677612304688e+01
-9.885510444641113281e+00,1.398054790496826172e+01,2.427414417266845703e+00
8.477519989013671875e+00,1.784643936157226562e+01,-2.836966753005981445e+00
-1.522773742675781250e+01,4.094414710998535156e+00,-7.680342674255371094e+00
-2.378056764602661133e+00,3.816944658756256104e-01,1.457165718078613281e+01
-1.240263748168945312e+01,-2.442582368850708008e+00,4.219151496887207031e+00
-5.837184429168701172e+00,1.421147823333740234e+01,-1.488952255249023438e+01
-1.339277267456054688e+01,4.401474952697753906e+00,1.959284305572509766e+00
-1.629674530029296875e+01,-4.472550868988037109e+00,-2.454921007156372070e+00
4.398630619049072266e+00,-1.515847015380859375e+01,7.989052772521972656e+00
-2.760873556137084961e+00,-7.731436729431152344e+00,9.365115165710449219e+00
7.148574829101562500e+00,5.549243927001953125e+00,5.130726814270019531e+00
-5.191056728363037109e+00,-4.415975570678710938e+00,-1.421774959564208984e+01
1.033827400207519531e+01,9.351283073425292969e+00,1.187030315399169922e+01
1.412499618530273438e+01,-2.202434062957763672e+00,1.474771213531494141e+01
1.501781821250915527e+00,2.335992622375488281e+01,-7.031314373016357422e+00
-1.522905445098876953e+01,4.096360206604003906e+00,-7.678796291351318359e+00
1.772042655944824219e+01,-3.467748761177062988e-01,-4.595891952514648438e+00
-1.074145030975341797e+01,-5.560514450073242188e+00,1.088937187194824219e+01
-1.113964748382568359e+01,-1.214539781212806702e-01,-4.695065975189208984e+00
7.396547317504882812e+00,7.243533134460449219e+00,8.520130157470703125e+00
-1.377621412277221680e+00,-6.090003013610839844e+00,-9.100091934204101562e+00
-3.553169667720794678e-01,1.107256698608398438e+01,1.759654998779296875e+01
5.801832675933837891e+00,9.736079216003417969e+00,-5.536838054656982422e+00
7.562890052795410156e+00,9.693134307861328125e+00,-2.792912244796752930e+00
4.859057426452636719e+00,1.581403732299804688e+01,7.154615879058837891e+00
-2.728873491287231445e+00,-1.142304986715316772e-01,1.459438133239746094e+01
-9.615251541137695312e+00,-3.365707397460937500e+00,-1.155801868438720703e+01
-6.758771419525146484e+00,1.930002975463867188e+01,-5.257972717285156250e+00
1.215045452117919922e+01,-6.373291492462158203e+00,1.188430190086364746e+00
8.137100219726562500e+00,-1.568981409072875977e-01,1.635637664794921875e+01
-7.068398952484130859e+00,8.378720283508300781e+00,1.187645530700683594e+01
1.368407917022705078e+01,4.395815849304199219e+00,-1.274829101562500000e+01
5.535949707031250000e+00,-5.307422637939453125e+00,-1.694489288330078125e+01
-4.291267395019531250e+00,-1.300544071197509766e+01,-1.404009580612182617e+00
-1.339403629302978516e+01,4.402904987335205078e+00,1.958938479423522949e+00
-1.736888289451599121e-01,1.741102409362792969e+01,1.251085662841796875e+01
1.383970451354980469e+01,4.662896633148193359e+00,-1.258912181854248047e+01
1.965541267395019531e+01,2.578456163406372070e+00,-1.444756793975830078e+01
-1.036149597167968750e+01,-8.524850845336914062e+00,-7.950232028961181641e+00
2.094428062438964844e+01,1.075815773010253906e+01,2.536043167114257812e+00
9.804285049438476562e+00,-8.851910591125488281e+00,-9.200199127197265625e+00
-1.180290794372558594e+01,1.059423065185546875e+01,-8.063031196594238281e+00
-2.694468259811401367e+00,2.739871293306350708e-02,1.385682201385498047e+01
-1.201519870758056641e+01,5.034079551696777344e-01,1.043513202667236328e+01
2.791368961334228516e+00,-9.139834403991699219e+00,-1.535209369659423828e+01
-6.048800945281982422e+00,1.398555755615234375e+01,-1.453836441040039062e+01
1.177954554557800293e+00,-1.182447910308837891e+01,9.127711057662963867e-01
-5.228009700775146484e+00,1.097717285156250000e+01,-5.189211845397949219e+00
9.431488990783691406e+00,1.238042259216308594e+01,-1.155213165283203125e+01
8.478280067443847656e+00,1.784609031677246094e+01,-2.836365699768066406e+00
1.379191493988037109e+01,4.581159114837646484e+00,-1.262685775756835938e+01
1.108048152923583984e+01,-3.989391803741455078e+00,-5.451553344726562500e+00
1.771991539001464844e+01,-3.457191288471221924e-01,-4.595488548278808594e+00
9.099773406982421875e+00,8.090038299560546875e+00,-1.084073543548583984e+01
8.478952407836914062e+00,1.784614372253417969e+01,-2.835356712341308594e+00
-1.239669418334960938e+01,-2.448262929916381836e+00,4.224954605102539062e+00
-3.540576994419097900e-01,1.107594394683837891e+01,1.760336875915527344e+01
1.007958984375000000e+01,-1.116203594207763672e+01,1.001257324218750000e+01
-9.216191172599792480e-01,5.159716129302978516e+00,7.058999538421630859e+00
3.586460590362548828e+00,5.633866310119628906e+00,-5.012889951467514038e-02
1.897590827941894531e+01,5.681204319000244141e+00,-2.536070585250854492e+00
-2.817152261734008789e+00,-1.278471946716308594e+01,-9.014742851257324219e+00
1.008181190490722656e+01,-1.116011428833007812e+01,1.001480960845947266e+01
3.216424226760864258e+00,-3.081470251083374023e+00,-8.957340240478515625e+00
-1.080249214172363281e+01,-5.621566772460937500e+00,1.095023059844970703e+01
2.205261611938476562e+01,9.098672866821289062e+00,-7.186124801635742188e+00
-9.827090263366699219e+00,1.392374038696289062e+01,2.437006950378417969e+00
-2.365015506744384766e+00,-2.212401866912841797e+00,-1.804343223571777344e+01
-7.305148243904113770e-01,1.069351673126220703e+01,1.760162544250488281e+01
1.108211421966552734e+01,-3.987704277038574219e+00,-5.449906826019287109e+00
-2.690483570098876953e+00,3.199046850204467773e-02,1.384682750701904297e+01
2.178330421447753906e+01,-4.065243244171142578e+00,-1.077456593513488770e+00
1.531885242462158203e+01,1.307237625122070312e+01,-5.013091087341308594e+00
-6.351442337036132812e+00,-6.857564926147460938e+00,2.887951374053955078e+00
2.926400899887084961e+00,3.172485351562500000e+00,-5.103765964508056641e+00
-1.240050411224365234e+01,-2.444666624069213867e+00,4.221191883087158203e+00
5.407997131347656250e+00,6.256586551666259766e+00,-2.223618507385253906e+00
-1.096899127960205078e+01,2.530683279037475586e+00,-1.594788646697998047e+01
1.008123779296875000e+01,-1.115978336334228516e+01,1.001429462432861328e+01
1.405498600006103516e+01,-2.132293701171875000e+00,1.467835712432861328e+01
5.535694122314453125e+00,-5.308083534240722656e+00,-1.694545555114746094e+01
1.357878303527832031e+01,1.830574417114257812e+01,8.005291938781738281e+00
-1.035786628723144531e+01,-8.520969390869140625e+00,-7.954364299774169922e+00
-4.132474586367607117e-02,1.751063346862792969e+01,1.236511898040771484e+01
7.252753376960754395e-01,1.243062496185302734e+01,-2.366550922393798828e+00
-1.096924877166748047e+01,2.530398607254028320e+00,-1.594699001312255859e+01
4.436686038970947266e+00,-1.511883449554443359e+01,7.971916675567626953e+00
1.529799365997314453e+01,-1.165624332427978516e+01,5.952383518218994141e+00
-2.381595134735107422e+00,3.739368319511413574e-01,1.456396579742431641e+01
8.488293647766113281e+00,-1.444004440307617188e+01,1.876513600349426270e+00
-6.730712413787841797e+00,1.923093414306640625e+01,-5.180913925170898438e+00
-6.039584636688232422e+00,1.394252586364746094e+01,-1.441001224517822266e+01
-5.950457096099853516e+00,1.401886940002441406e+01,-1.436781311035156250e+01
1.108098983764648438e+01,-3.988798856735229492e+00,-5.449953079223632812e+00
-8.382307052612304688e+00,1.032037734985351562e+01,7.108223915100097656e+00
4.437034606933593750e+00,-1.511910629272460938e+01,7.971499919891357422e+00
-6.354853153228759766e+00,-6.854115486145019531e+00,2.891443967819213867e+00
8.484045863151550293e-01,6.254258155822753906e+00,1.880060672760009766e+00
1.381735038757324219e+01,4.589231491088867188e+00,-1.261731910705566406e+01
1.561678504943847656e+01,1.308042049407958984e+01,-4.709420204162597656e+00
-1.629579162597656250e+01,-4.471772670745849609e+00,-2.453924655914306641e+00
1.176965355873107910e+00,-1.182391548156738281e+01,9.138373732566833496e-01
1.638599586486816406e+01,-6.568457603454589844e+00,1.174593353271484375e+01
-1.522969245910644531e+01,4.095907688140869141e+00,-7.678152561187744141e+00
1.484286594390869141e+01,-8.442914962768554688e+00,-5.920382499694824219e+00
-2.213364839553833008e+00,3.024655021727085114e-02,1.423522281646728516e+01
9.780449867248535156e+00,-3.516890048980712891e+00,8.050961494445800781e+00
5.104362964630126953e+00,4.533244609832763672e+00,-4.705896854400634766e+00
-1.114028358459472656e+01,-1.219921559095382690e-01,-4.697094440460205078e+00
-1.036056900024414062e+01,-8.523638725280761719e+00,-7.952957630157470703e+00
-2.971270382404327393e-01,5.171293258666992188e+00,1.381117582321166992e+00
-1.154748722910881042e-01,1.750343513488769531e+01,1.254294300079345703e+01
-5.092899322509765625e+00,3.146776676177978516e+00,1.500993490219116211e+00
-5.104406833648681641e+00,3.153751134872436523e+00,1.508249521255493164e+00
-5.104570865631103516e+00,3.154081344604492188e+00,1.508844971656799316e+00
-5.842726707458496094e+00,1.421705532073974609e+01,-1.491180419921875000e+01
-6.095865726470947266e+00,1.397028541564941406e+01,-1.447985553741455078e+01
-5.239696979522705078e+00,1.098511791229248047e+01,-5.192661285400390625e+00
-5.988078713417053223e-01,1.087224960327148438e+01,1.770270538330078125e+01
1.517163372039794922e+01,9.702987670898437500e-01,7.782619953155517578e+00
5.257076025009155273e-01,1.301056194305419922e+01,2.569054841995239258e+00
2.205088233947753906e+01,9.096840858459472656e+00,-7.187978267669677734e+00
-5.835993766784667969e+00,1.422171115875244141e+01,-1.488521099090576172e+01
1.386176872253417969e+01,1.855931282043457031e+01,7.758284568786621094e+00
1.074044895172119141e+01,4.734006404876708984e+00,1.833278656005859375e+01
1.905119705200195312e+01,3.652757167816162109e+00,1.286157417297363281e+01
4.413212776184082031e+00,-1.515497970581054688e+01,7.988555431365966797e+00
-6.040392398834228516e+00,1.403384876251220703e+01,-1.476135635375976562e+01
8.448784828186035156e+00,-1.447144126892089844e+01,1.924455046653747559e+00
9.434721946716308594e+00,1.238368320465087891e+01,-1.154803752899169922e+01
1.899034309387207031e+01,3.699725389480590820e+00,1.293730640411376953e+01
-5.191082477569580078e+00,-4.415944099426269531e+00,-1.421780490875244141e+01
-2.751290559768676758e+00,-1.182410120964050293e-01,1.461749649047851562e+01
6.277812480926513672e+00,4.665439128875732422e+00,6.327267646789550781e+00
-6.354097366333007812e+00,-6.853741168975830078e+00,2.891804695129394531e+00
5.299538612365722656e+00,-6.157644271850585938e+00,1.469188022613525391e+01
-7.068360805511474609e+00,8.378674507141113281e+00,1.187643241882324219e+01
4.021576881408691406e+00,-5.384855270385742188e+00,7.323313236236572266e+00
-9.481493830680847168e-01,1.240597605705261230e+00,2.249529075622558594e+01
-2.573411464691162109e+00,3.718494251370429993e-02,1.431142044067382812e+01
3.964400291442871094e+00,-1.231571960449218750e+01,-9.637610435485839844e+00
8.686002731323242188e+00,1.889600753784179688e+01,-3.308382272720336914e+00
4.517622947692871094e+00,3.100703477859497070e+00,-1.245002627372741699e+00
-2.623135805130004883e+00,9.012691676616668701e-02,1.428304386138916016e+01
4.351057052612304688e+00,6.456106662750244141e+00,-1.784649658203125000e+01
6.238337755203247070e-01,4.992988586425781250e+00,4.995784536004066467e-02
-1.686680793762207031e+01,1.086454772949218750e+01,-2.896197795867919922e+00
6.538774967193603516e+00,8.723325729370117188e-01,-1.702702140808105469e+01
6.520350933074951172e+00,2.902495861053466797e+00,9.118860244750976562e+00
-1.872160148620605469e+01,2.106040477752685547e+00,-1.267449259757995605e+00
-9.615607261657714844e+00,-3.365241527557373047e+00,-1.155769920349121094e+01
-9.786758422851562500e+00,1.393584918975830078e+01,2.491617202758789062e+00
1.384608745574951172e+01,4.532721519470214844e+00,-1.276434516906738281e+01
-4.350335121154785156e+00,-1.286760902404785156e+01,6.303090572357177734e+00
1.222471475601196289e+00,7.042662620544433594e+00,3.308912754058837891e+00
4.377107143402099609e+00,6.492151260375976562e+00,-1.785620880126953125e+01
1.412657070159912109e+01,-2.204017400741577148e+00,1.474930381774902344e+01
1.607582926750183105e+00,7.562388420104980469e+00,4.532999038696289062e+00
5.104557991027832031e+00,4.533639907836914062e+00,-4.705763339996337891e+00
-4.400572299957275391e+00,-1.000410199165344238e+00,6.258635520935058594e+00
5.171088695526123047e+00,1.125695991516113281e+01,-1.509503245353698730e+00
5.488663196563720703e+00,1.910135865211486816e+00,-4.307140827178955078e+00
2.893943786621093750e+00,-1.004508733749389648e+00,3.306492567062377930e+00
9.436748504638671875e+00,1.238566875457763672e+01,-1.155029392242431641e+01
1.016388702392578125e+01,-1.368773555755615234e+01,-4.213513851165771484e+00
-4.437430381774902344e+00,-1.278027439117431641e+01,6.386660099029541016e+00
-6.187417507171630859e+00,1.385340595245361328e+01,-1.459424686431884766e+01
1.008245468139648438e+01,-1.116030693054199219e+01,1.001546478271484375e+01
-1.522968864440917969e+01,4.095527648925781250e+00,-7.678082942962646484e+00
-1.036385154724121094e+01,-8.526903152465820312e+00,-7.951961040496826172e+00
4.451078891754150391e+00,-1.513325691223144531e+01,7.957087039947509766e+00
2.887596607208251953e+00,-1.010461330413818359e+00,3.311753273010253906e+00
-2.749168634414672852e+00,-1.161489710211753845e-01,1.461747360229492188e+01
3.216799974441528320e+00,-3.081679582595825195e+00,-8.957464218139648438e+00
7.146618843078613281e+00,9.006610870361328125e+00,-7.623328566551208496e-01
-9.493947029113769531e-01,3.507875204086303711e-01,3.191521167755126953e+00
1.424667930603027344e+01,1.881990051269531250e+01,7.833116054534912109e+00
2.789410114288330078e+00,-9.141880989074707031e+00,-1.535408210754394531e+01
1.177109122276306152e+00,-1.182499694824218750e+01,9.143617749214172363e-01
1.980902791023254395e+00,7.089745044708251953e+00,3.667065143585205078e+00
-8.544726371765136719e+00,5.592220306396484375e+00,-3.182029008865356445e+00
6.521112918853759766e+00,2.902707338333129883e+00,9.119618415832519531e+00
8.576020240783691406e+00,1.775826835632324219e+01,-4.180211544036865234e+00
-6.769003868103027344e+00,1.924781417846679688e+01,-5.208639621734619141e+00
-5.783925056457519531e+00,1.420424938201904297e+01,-1.488910675048828125e+01
1.383989429473876953e+01,4.700952529907226562e+00,-1.256256103515625000e+01
-1.113853740692138672e+01,-1.219809204339981079e-01,-4.698956489562988281e+00
-7.607133984565734863e-01,1.067487716674804688e+01,1.762327194213867188e+01
6.740413665771484375e+00,-7.228833675384521484e+00,-6.517502665519714355e-02
1.073528766632080078e+01,4.728055477142333984e+00,1.833247947692871094e+01
-1.630000495910644531e+01,-4.476088523864746094e+00,-2.458105087280273438e+00
2.092962265014648438e+01,1.075445365905761719e+01,2.536271810531616211e+00
1.772271919250488281e+01,-3.485661149024963379e-01,-4.598324775695800781e+00
8.687528610229492188e+00,1.889776802062988281e+01,-3.309814214706420898e+00
1.008281803131103516e+01,-1.116024875640869141e+01,1.001584053039550781e+01
1.772272491455078125e+01,-3.486116528511047363e-01,-4.598321914672851562e+00
2.789384841918945312e+00,-9.137839317321777344e+00,-1.535409641265869141e+01
1.897531127929687500e+01,5.679951667785644531e+00,-2.536287069320678711e+00
8.476946830749511719e+00,1.784822082519531250e+01,-2.831530809402465820e+00
2.513137340545654297e+00,1.802564239501953125e+01,1.221841454505920410e+00
4.064305782318115234e+00,1.419003391265869141e+01,1.337035894393920898e+00
-4.352383136749267578e+00,-1.286608982086181641e+01,6.304003715515136719e+00
-2.367100477218627930e+00,3.938995599746704102e-01,1.457559013366699219e+01
1.537226295471191406e+01,1.289169692993164062e+01,-4.864492416381835938e+00
-1.578983187675476074e+00,8.476552009582519531e+00,-3.237999439239501953e+00
-6.737019538879394531e+00,1.927024841308593750e+01,-5.213262081146240234e+00
1.560727977752685547e+01,1.309223747253417969e+01,-4.682933330535888672e+00
-3.498377501964569092e-01,1.107908439636230469e+01,1.760063171386718750e+01
-4.403479099273681641e+00,-1.002562642097473145e+00,6.255763530731201172e+00
-2.760910272598266602e+00,-7.731487751007080078e+00,9.365102767944335938e+00
1.222439527511596680e+00,7.042781829833984375e+00,3.309047460556030273e+00
1.555993938446044922e+01,1.305885791778564453e+01,-4.727516651153564453e+00
-8.542680740356445312e+00,5.587330341339111328e+00,-3.179767608642578125e+00
1.386007118225097656e+01,4.574684143066406250e+00,-1.271216297149658203e+01
-9.679670631885528564e-02,-5.844459533691406250e+00,9.743809103965759277e-01
-2.763367414474487305e+00,-7.729099273681640625e+00,9.363387107849121094e+00
-1.522848033905029297e+01,4.096406459808349609e+00,-7.678353786468505859e+00
2.107949447631835938e+01,8.059750556945800781e+00,8.826332092285156250e+00
1.383919906616210938e+01,1.853967475891113281e+01,7.749723911285400391e+00
1.382344627380371094e+01,1.853100013732910156e+01,7.775444984436035156e+00
4.909881114959716797e+00,1.576702690124511719e+01,7.208188533782958984e+00
1.396102714538574219e+01,1.847113037109375000e+01,7.608892917633056641e+00
1.008225536346435547e+01,-1.116100311279296875e+01,1.001528835296630859e+01
8.403235077857971191e-01,2.091623544692993164e+00,-2.617498934268951416e-01
6.739949703216552734e+00,4.824391841888427734e+00,4.854382991790771484e+00
-5.496565699577331543e-01,7.677260398864746094e+00,2.121480941772460938e+00
2.093405723571777344e+01,1.074391365051269531e+01,2.518981456756591797e+00
4.273105144500732422e+00,6.366089820861816406e+00,-1.778942489624023438e+01
-9.296905994415283203e-01,1.225143909454345703e+00,2.247697448730468750e+01
-6.052907943725585938e+00,1.390982246398925781e+01,-1.430791091918945312e+01
8.576919555664062500e+00,1.828947639465332031e+01,-3.160267353057861328e+00
1.485787153244018555e+00,2.337331581115722656e+01,-7.059265613555908203e+00
1.180501103401184082e+00,-1.182204055786132812e+01,9.168069958686828613e-01
-1.097061061859130859e+01,2.528828144073486328e+00,-1.594810390472412109e+01
-9.408499002456665039e-01,3.213610649108886719e+00,9.114564657211303711e-01
6.861496448516845703e+00,4.644102096557617188e+00,4.701579093933105469e+00
6.537801742553710938e+00,8.737376332283020020e-01,-1.702549743652343750e+01
3.882205247879028320e+00,5.114261627197265625e+00,-2.052514076232910156e+00
4.456037998199462891e+00,-1.514376735687255859e+01,7.946340560913085938e+00
1.210560131072998047e+01,1.705412101745605469e+01,8.865835070610046387e-01
-5.517945289611816406e-01,7.684098720550537109e+00,2.131492137908935547e+00
-1.683846282958984375e+01,1.083330726623535156e+01,-2.864717960357666016e+00
5.406146526336669922e+00,6.255536556243896484e+00,-2.225598573684692383e+00
1.965231513977050781e+01,2.579658985137939453e+00,-1.445085144042968750e+01
-8.649561882019042969e+00,-7.092182636260986328e+00,-1.188416123390197754e+00
1.379703807830810547e+01,1.856707572937011719e+01,7.756826877593994141e+00
1.423533058166503906e+01,1.881264686584472656e+01,7.831723213195800781e+00
-7.070539951324462891e+00,8.380851745605468750e+00,1.187423515319824219e+01
1.391475677490234375e+01,1.862093734741210938e+01,7.687236785888671875e+00
7.968414783477783203e+00,-1.650935292243957520e+00,1.343019604682922363e+00
-6.743220806121826172e+00,1.929059791564941406e+01,-5.240945816040039062e+00
2.786579847335815430e+00,-9.140453338623046875e+00,-1.535694026947021484e+01
8.477702140808105469e+00,1.784972763061523438e+01,-2.830419778823852539e+00
-2.043157577514648438e+00,6.324839591979980469e+00,-4.282031536102294922e+00
-8.649911880493164062e+00,-7.093179702758789062e+00,-1.189482450485229492e+00
7.251821160316467285e-01,1.243070316314697266e+01,-2.366479635238647461e+00
-1.201284503936767578e+01,5.057414174079895020e-01,1.043281841278076172e+01
1.032829856872558594e+01,9.342934608459472656e+00,1.188021945953369141e+01
1.482862091064453125e+01,-8.441496849060058594e+00,-5.935624599456787109e+00
-2.364837646484375000e+00,-2.212283611297607422e+00,-1.804248619079589844e+01
4.361963748931884766e+00,6.452154159545898438e+00,-1.786356925964355469e+01
3.601379632949829102e+00,5.820327758789062500e+00,-1.847288727760314941e+00
3.217044353485107422e+00,-3.082667350769042969e+00,-8.957762718200683594e+00
-6.705803871154785156e+00,-8.095734596252441406e+00,1.714180374145507812e+01
4.315027236938476562e+00,6.463139533996582031e+00,-1.780042457580566406e+01
1.051447010040283203e+01,9.504108428955078125e+00,1.169462871551513672e+01
-1.378296136856079102e+00,-6.088639259338378906e+00,-9.098742485046386719e+00
1.108285713195800781e+01,-3.988461971282958984e+00,-5.452063560485839844e+00
4.518357276916503906e+00,-1.519977283477783203e+01,7.890321254730224609e+00
6.571592807769775391e+00,4.707764148712158203e+00,5.587494850158691406e+00
-4.779015183448791504e-01,7.995990276336669922e+00,-1.204250678420066833e-01
6.861474990844726562e+00,4.643187046051025391e+00,4.699212074279785156e+00
-1.026746988296508789e+00,1.322410941123962402e+00,2.257284355163574219e+01
5.834251403808593750e+00,2.095352858304977417e-01,-1.615284919738769531e+00
-9.882676124572753906e+00,1.397407627105712891e+01,2.420517683029174805e+00
-1.637589073181152344e+01,-4.553998947143554688e+00,-2.533800125122070312e+00
-5.945453643798828125e+00,1.410050678253173828e+01,-1.466685676574707031e+01
1.425907993316650391e+01,1.882914161682128906e+01,7.838705539703369141e+00
1.372761535644531250e+01,1.866540145874023438e+01,7.389883518218994141e+00
5.911664485931396484e+00,1.118575668334960938e+01,1.656788587570190430e-02
-6.353816986083984375e+00,-6.853115081787109375e+00,2.892428398132324219e+00
-1.872152900695800781e+01,2.105276823043823242e+00,-1.268251776695251465e+00
1.372288036346435547e+01,4.595434188842773438e+00,-1.261186504364013672e+01
9.804058074951171875e+00,-8.852375984191894531e+00,-9.200526237487792969e+00
8.443636894226074219e+00,1.785820770263671875e+01,-2.824406623840332031e+00
1.899147415161132812e+01,3.698651313781738281e+00,1.293851470947265625e+01
6.570972919464111328e+00,4.722726345062255859e+00,5.570694446563720703e+00
3.247490525245666504e-01,4.195905208587646484e+00,1.099342703819274902e+00
6.120176911354064941e-01,4.990429878234863281e+00,4.422404244542121887e-02
3.384497761726379395e-01,4.171598434448242188e+00,1.109307050704956055e+00
8.381272315979003906e+00,-1.850000143051147461e+00,1.458829164505004883e+00
-8.375403404235839844e+00,1.031351566314697266e+01,7.101323604583740234e+00
1.385572242736816406e+01,4.524292469024658203e+00,-1.278333568572998047e+01
-6.015981197357177734e+00,1.408749771118164062e+01,-1.484123134613037109e+01
1.529848670959472656e+01,-1.165687656402587891e+01,5.951830863952636719e+00
9.434479713439941406e+00,1.238343620300292969e+01,-1.154883193969726562e+01
-6.260033130645751953e+00,1.379065608978271484e+01,-1.468213748931884766e+01
9.432958602905273438e+00,1.238176345825195312e+01,-1.154770374298095703e+01
9.434573173522949219e+00,1.238352394104003906e+01,-1.154973220825195312e+01
4.385477066040039062e+00,6.512403488159179688e+00,-1.786033821105957031e+01
8.383102416992187500e+00,-1.850201845169067383e+00,1.458471059799194336e+00
1.405715942382812500e+01,-2.134831190109252930e+00,1.475609874725341797e+01
1.371883630752563477e+00,2.349018859863281250e+01,-7.031045913696289062e+00
4.457731246948242188e+00,6.574473381042480469e+00,-1.791585731506347656e+01
1.990044713020324707e+00,7.077580451965332031e+00,3.650469064712524414e+00
8.479948639869689941e-01,6.254520893096923828e+00,1.879615783691406250e+00
1.159774661064147949e+00,6.477268695831298828e+00,2.687224626541137695e+00
-2.358432769775390625e+00,-2.205931901931762695e+00,-1.804798889160156250e+01
6.347712516784667969e+00,1.119244956970214844e+01,-6.900088787078857422e+00
1.678431868553161621e+00,2.317170715332031250e+01,-6.906922817230224609e+00
-1.523057365417480469e+01,4.094653129577636719e+00,-7.676269531250000000e+00
1.372344779968261719e+01,1.866993141174316406e+01,7.381283760070800781e+00
-8.649689674377441406e+00,-7.092962265014648438e+00,-1.189260363578796387e+00
8.441452980041503906e+00,-1.435756111145019531e+01,1.832737803459167480e+00
1.180024743080139160e+00,-1.182277870178222656e+01,9.128990769386291504e-01
-2.523724079132080078e+00,-7.390131801366806030e-02,1.433952236175537109e+01
-7.713261246681213379e-01,1.066468429565429688e+01,1.762493515014648438e+01
2.314989566802978516e+00,6.106679439544677734e+00,-2.426082611083984375e+00
2.408393621444702148e+00,6.036475658416748047e+00,-2.365669488906860352e+00
3.522915601730346680e+00,5.838635444641113281e+00,-1.886412620544433594e+00
-2.817353010177612305e+00,-1.278452587127685547e+01,-9.014604568481445312e+00
2.390745878219604492e+00,4.866631984710693359e+00,1.536589264869689941e+00
2.107954216003417969e+01,8.059638023376464844e+00,8.826434135437011719e+00
-1.399967223405838013e-01,1.746051025390625000e+01,1.258166980743408203e+01
-4.546604454517364502e-01,1.750557327270507812e+01,1.220871734619140625e+01
-4.402956068515777588e-01,1.095340251922607422e+01,1.790548706054687500e+01
1.866421508789062500e+01,-6.970213890075683594e+00,4.762938499450683594e+00
2.887499809265136719e+00,-1.010574579238891602e+00,3.311856508255004883e+00
9.802808761596679688e+00,-8.854109764099121094e+00,-9.203099250793457031e+00
-6.723102092742919922e+00,1.929762840270996094e+01,-5.252188205718994141e+00
5.537325859069824219e+00,-5.306199073791503906e+00,-1.694702529907226562e+01
-1.158984088897705078e+01,5.414151191711425781e+00,1.463131999969482422e+01
1.179778456687927246e+00,-1.182356834411621094e+01,9.147709608078002930e-01
-5.220628261566162109e+00,1.099392604827880859e+01,-5.175771713256835938e+00
-1.180009269714355469e+01,1.059153175354003906e+01,-8.063395500183105469e+00
8.461653590202331543e-01,2.090267181396484375e+00,-2.651286423206329346e-01
1.577652573585510254e+00,2.326850318908691406e+01,-6.936022281646728516e+00
1.393545818328857422e+01,1.850958633422851562e+01,7.700250625610351562e+00
2.178271675109863281e+01,-4.064518451690673828e+00,-1.077197432518005371e+00
-9.760169982910156250e+00,1.384345531463623047e+01,2.421067714691162109e+00
5.950014591217041016e+00,1.005511379241943359e+01,-5.823528766632080078e+00
1.008693122863769531e+01,-1.358825874328613281e+01,-4.290369510650634766e+00
1.425068759918212891e+01,1.882235145568847656e+01,7.839221954345703125e+00
1.357513904571533203e+01,1.830512619018554688e+01,8.005593299865722656e+00
6.348230838775634766e+00,1.119169425964355469e+01,-6.899421691894531250e+00
5.801814556121826172e+00,9.736050605773925781e+00,-5.536825180053710938e+00
-1.245019674301147461e+00,3.918061494827270508e+00,-2.773733615875244141e+00
9.435347557067871094e+00,1.238441848754882812e+01,-1.154865741729736328e+01
2.593367099761962891e+00,5.173109531402587891e+00,-3.287571191787719727e+00
9.092892646789550781e+00,8.081597328186035156e+00,-1.083399581909179688e+01
4.095233917236328125e+00,3.132493793964385986e-01,2.466085433959960938e+00
6.119999885559082031e-01,4.982806682586669922e+00,6.057411432266235352e-02
6.205754280090332031e-01,4.992153644561767578e+00,5.029922351241111755e-02
-9.225639700889587402e-01,5.160618305206298828e+00,7.057642459869384766e+00
1.679400086402893066e+00,2.317000579833984375e+01,-6.910871505737304688e+00
-6.252131462097167969e-01,9.069990158081054688e+00,3.865162372589111328e+00
1.566115260124206543e+00,2.327979660034179688e+01,-6.944937705993652344e+00
1.194576740264892578e+00,6.412628173828125000e+00,2.616954803466796875e+00
-4.229694843292236328e+00,2.023873805999755859e+00,-9.994364738464355469e+00
1.017183017730712891e+01,-1.367455673217773438e+01,-4.205452442169189453e+00
9.780442237854003906e+00,-3.516829013824462891e+00,8.050894737243652344e+00
1.425231647491455078e+01,1.882320594787597656e+01,7.840043544769287109e+00
-9.466129541397094727e-01,1.242029309272766113e+00,2.249297904968261719e+01
-2.754899501800537109e+00,-1.203284636139869690e-01,1.462568759918212891e+01
-1.158858299255371094e+01,5.412882804870605469e+00,1.463006114959716797e+01
1.411495399475097656e+01,-2.192579746246337891e+00,1.473452281951904297e+01
1.108237838745117188e+01,-3.988553762435913086e+00,-5.451467990875244141e+00
9.803838729858398438e+00,-8.852967262268066406e+00,-9.200922012329101562e+00
-2.194708108901977539e+00,3.620704263448715210e-02,1.423106861114501953e+01
-2.201390027999877930e+00,3.279288485646247864e-02,1.422912025451660156e+01
1.517128181457519531e+01,9.702551960945129395e-01,7.782572746276855469e+00
1.965287399291992188e+01,2.578894853591918945e+00,-1.445037174224853516e+01
-7.076931476593017578e+00,8.387276649475097656e+00,1.186882686614990234e+01
-9.620866775512695312e+00,-3.358435153961181641e+00,-1.155226707458496094e+01
8.423296928405761719e+00,1.788350486755371094e+01,-2.801988601684570312e+00
-1.179945850372314453e+01,1.059078216552734375e+01,-8.064091682434082031e+00
8.684988975524902344e+00,1.889716720581054688e+01,-3.309532642364501953e+00
-1.872291946411132812e+01,2.103852033615112305e+00,-1.269734144210815430e+00
1.518843054771423340e+00,2.334875679016113281e+01,-7.079651355743408203e+00
8.724623918533325195e-01,3.356745481491088867e+00,-1.019325256347656250e+00
4.499116420745849609e+00,-1.511195468902587891e+01,7.980376720428466797e+00
-5.468832850456237793e-01,7.710148811340332031e+00,2.162585496902465820e+00
1.405339527130126953e+01,4.314860343933105469e+00,-1.269740772247314453e+01
-7.082247257232666016e+00,4.312868595123291016e+00,6.308576107025146484e+00
1.390533161163330078e+01,4.582291603088378906e+00,-1.270746803283691406e+01
2.887046098709106445e+00,-1.011044383049011230e+00,3.312291145324707031e+00
-1.523029899597167969e+01,4.094816684722900391e+00,-7.676386356353759766e+00
4.894798755645751953e+00,1.578388595581054688e+01,7.191722869873046875e+00
-5.106736660003662109e+00,3.155024290084838867e+00,1.509334683418273926e+00
-5.104254245758056641e+00,3.154186725616455078e+00,1.508756160736083984e+00
9.782628059387207031e+00,-3.513745784759521484e+00,8.053071022033691406e+00
-6.755750179290771484e+00,1.929988479614257812e+01,-5.227821350097656250e+00
-3.716183602809906006e-01,1.104540920257568359e+01,1.757458305358886719e+01
2.382355928421020508e+00,3.703182220458984375e+00,1.585239648818969727e+00
5.938098430633544922e+00,1.115099620819091797e+01,-1.820698194205760956e-02
1.372234821319580078e+01,1.866916084289550781e+01,7.389041423797607422e+00
-7.071500301361083984e+00,8.381793022155761719e+00,1.187414836883544922e+01
-2.759506464004516602e+00,-7.733228206634521484e+00,9.366915702819824219e+00
-3.444249927997589111e-01,1.108467769622802734e+01,1.759999656677246094e+01
3.217311859130859375e+00,-3.080867290496826172e+00,-8.955844879150390625e+00
-6.685968875885009766e+00,1.922003936767578125e+01,-5.183079719543457031e+00
-8.377180695533752441e-01,9.290392875671386719e+00,3.887919664382934570e+00
1.607554078102111816e+00,7.562228202819824219e+00,4.532904148101806641e+00
-8.544388771057128906e+00,5.588675975799560547e+00,-3.181462526321411133e+00
1.073694705963134766e+01,4.730064868927001953e+00,1.833048248291015625e+01
1.371671581268310547e+01,1.867528152465820312e+01,7.374786853790283203e+00
-2.824452877044677734e+00,-1.277767372131347656e+01,-9.013339996337890625e+00
-1.377538442611694336e+00,-6.087660312652587891e+00,-9.097761154174804688e+00
-7.068421363830566406e+00,8.378728866577148438e+00,1.187767124176025391e+01
-5.993217945098876953e+00,1.403635406494140625e+01,-1.472496509552001953e+01
1.498297214508056641e+00,2.336888694763183594e+01,-7.049171924591064453e+00
1.534694194793701172e+01,1.311473274230957031e+01,-5.039130210876464844e+00
1.388647198677062988e+00,2.347326850891113281e+01,-7.030251026153564453e+00
1.456732749938964844e+00,2.341766548156738281e+01,-7.083036422729492188e+00
-1.339305019378662109e+01,4.401937961578369141e+00,1.959972023963928223e+00
-3.683857917785644531e-01,1.104855442047119141e+01,1.757185935974121094e+01
6.539981842041015625e+00,4.785536766052246094e+00,5.238652229309082031e+00
1.108412265777587891e+01,-3.986970901489257812e+00,-5.453103065490722656e+00
-5.190231323242187500e+00,-4.416821002960205078e+00,-1.421690654754638672e+01
1.899049568176269531e+01,3.699505567550659180e+00,1.293752956390380859e+01
1.215259170532226562e+01,-6.375309467315673828e+00,1.189589619636535645e+00
2.107754325866699219e+01,8.061473846435546875e+00,8.828635215759277344e+00
1.965031242370605469e+01,2.580744504928588867e+00,-1.444851207733154297e+01
-2.757322549819946289e+00,-7.735518455505371094e+00,9.369202613830566406e+00
8.682345390319824219e+00,1.890405464172363281e+01,-3.312224626541137695e+00
8.139144897460937500e+00,-1.583302319049835205e-01,1.635984039306640625e+01
-1.521341419219970703e+01,4.104948043823242188e+00,-7.692084789276123047e+00
3.398345232009887695e+00,6.600924968719482422e+00,-1.751952648162841797e+00
8.683752059936523438e+00,1.890211868286132812e+01,-3.309741497039794922e+00
2.109856033325195312e+01,8.035835266113281250e+00,8.810688018798828125e+00
1.899139785766601562e+01,5.698486328125000000e+00,-2.556798696517944336e+00
1.896837043762207031e+01,5.718737125396728516e+00,-2.524595975875854492e+00
1.554370975494384766e+01,6.246570587158203125e+00,6.109704494476318359e+00
2.894535303115844727e+00,-1.003739118576049805e+00,3.304955244064331055e+00
-4.007276594638824463e-01,1.097652721405029297e+01,1.792367553710937500e+01
-6.701883792877197266e+00,-8.118925094604492188e+00,1.716548728942871094e+01
1.870292091369628906e+01,-7.002028465270996094e+00,4.741678714752197266e+00
1.210293483734130859e+01,1.705668640136718750e+01,8.839610219001770020e-01
-6.264662265777587891e+00,1.377894592285156250e+01,-1.468064975738525391e+01
-2.824679136276245117e+00,-1.277738571166992188e+01,-9.013567924499511719e+00
1.426537513732910156e+01,1.883328247070312500e+01,7.836539268493652344e+00
2.888327360153198242e+00,-1.009679317474365234e+00,3.311080217361450195e+00
2.205706977844238281e+01,9.103171348571777344e+00,-7.181657791137695312e+00
1.215331459045410156e+01,-6.375437736511230469e+00,1.188139677047729492e+00
-1.032214164733886719e+01,-8.528644561767578125e+00,-7.922151565551757812e+00
6.739233970642089844e+00,-7.230134010314941406e+00,-6.409228593111038208e-02
4.295907020568847656e+00,5.410505771636962891e+00,-4.148846149444580078e+00
1.441323995590209961e+00,2.341025924682617188e+01,-7.031951427459716797e+00
-7.780712842941284180e-01,1.065857124328613281e+01,1.762810516357421875e+01
-1.258286535739898682e-01,1.741902351379394531e+01,1.240952014923095703e+01
4.879809379577636719e+00,1.579586505889892578e+01,7.176671504974365234e+00
4.892351627349853516e+00,1.578455448150634766e+01,7.190992355346679688e+00
-2.331064641475677490e-01,1.751590347290039062e+01,1.245394802093505859e+01
-3.339922666549682617e+00,1.963539886474609375e+01,2.176023006439208984e+00
9.782652854919433594e+00,-3.518390178680419922e+00,8.052988052368164062e+00
1.073762035369873047e+01,4.730688571929931641e+00,1.833040618896484375e+01
1.771875762939453125e+01,-3.446530699729919434e-01,-4.594312191009521484e+00
1.482867908477783203e+01,-8.441749572753906250e+00,-5.935338020324707031e+00
-1.869282722473144531e+01,2.069678783416748047e+00,-1.302305459976196289e+00
-5.103746414184570312e+00,3.156675100326538086e+00,1.514570713043212891e+00
-1.182112693786621094e+01,-1.163829517364501953e+01,5.578705787658691406e+00
-2.549809455871582031e+00,8.626557886600494385e-02,1.423951721191406250e+01
-2.223640680313110352e+00,3.542869910597801208e-02,1.423375225067138672e+01
1.178086042404174805e+00,-1.182316493988037109e+01,9.165619015693664551e-01
-9.236986190080642700e-02,1.757974815368652344e+01,1.266896438598632812e+01
-4.445275366306304932e-01,1.748491859436035156e+01,1.220652008056640625e+01
1.403056526184082031e+01,-2.108271121978759766e+00,1.465458011627197266e+01
-2.700329303741455078e+00,2.889698743820190430e-02,1.382773494720458984e+01
-2.524645566940307617e+00,1.221821233630180359e-01,1.430721187591552734e+01
-8.138556480407714844e-01,9.329694747924804688e+00,3.976991176605224609e+00
2.112511062622070312e+01,8.009299278259277344e+00,8.784561157226562500e+00
1.379104137420654297e+01,1.848843955993652344e+01,7.840327739715576172e+00
-2.718783378601074219e+00,-8.740539848804473877e-02,1.455000972747802734e+01
1.359158229827880859e+01,1.831774520874023438e+01,7.994730472564697266e+00
1.357183647155761719e+01,1.830014610290527344e+01,8.008203506469726562e+00
-2.546472787857055664e+00,9.429696947336196899e-02,1.421850395202636719e+01
-5.985641479492187500e+00,1.399261760711669922e+01,-1.436424350738525391e+01
3.618638813495635986e-01,-7.931847095489501953e+00,-4.480609416961669922e+00
3.218897581100463867e+00,-3.080881834030151367e+00,-8.955690383911132812e+00
1.386930656433105469e+01,-4.494316577911376953e+00,-1.458626461029052734e+01
8.446755409240722656e+00,1.786446189880371094e+01,-2.827497005462646484e+00
-6.085888385772705078e+00,1.399246311187744141e+01,-1.475497531890869141e+01
-6.113360881805419922e+00,1.389486598968505859e+01,-1.451814270019531250e+01
-1.629076385498046875e+01,-4.467830181121826172e+00,-2.448748826980590820e+00
-9.838243484497070312e+00,1.394289398193359375e+01,2.433207511901855469e+00
1.529616737365722656e+01,-1.165465259552001953e+01,5.954041004180908203e+00
-9.785998344421386719e+00,1.387528610229492188e+01,2.426474809646606445e+00
-9.830841064453125000e+00,1.392557048797607422e+01,2.440901517868041992e+00
9.799669265747070312e+00,-8.847864151000976562e+00,-9.195710182189941406e+00
7.130274295806884766e+00,5.539142608642578125e+00,5.130891799926757812e+00
6.887279987335205078e+00,3.795891761779785156e+00,5.113360404968261719e+00
8.254394531250000000e-01,2.530114650726318359e+00,1.121490895748138428e-01
1.900931167602539062e+01,5.712126731872558594e+00,-2.574714899063110352e+00
1.394383907318115234e+00,2.346712684631347656e+01,-7.010618686676025391e+00
3.379226922988891602e+00,6.603433609008789062e+00,-1.723071098327636719e+00
-6.664959430694580078e+00,-8.060757637023925781e+00,1.710731697082519531e+01
-2.748919725418090820e+00,-1.203928366303443909e-01,1.462555313110351562e+01
1.553604984283447266e+01,1.304333400726318359e+01,-4.733396053314208984e+00
2.321290731430053711e+00,6.110505580902099609e+00,-2.427756071090698242e+00
-9.661843299865722656e+00,-3.316685199737548828e+00,-1.151154422760009766e+01
3.217805385589599609e+00,-3.081954240798950195e+00,-8.956861495971679688e+00
2.178203964233398438e+01,-4.063049316406250000e+00,-1.072773218154907227e+00
1.215288925170898438e+01,-6.374728679656982422e+00,1.187124252319335938e+00
2.177679252624511719e+01,-4.062460899353027344e+00,-1.075420498847961426e+00
-1.685793876647949219e+01,1.085259723663330078e+01,-2.883704185485839844e+00
-1.719779968261718750e-01,1.723337745666503906e+01,1.233439064025878906e+01
2.061759376525878906e+01,1.248176693916320801e+00,3.827083587646484375e+00
-5.792017936706542969e+00,1.425542354583740234e+01,-1.492609024047851562e+01
2.062018966674804688e+01,1.249898314476013184e+00,3.824993610382080078e+00
4.021919727325439453e+00,-5.384521484375000000e+00,7.323644161224365234e+00
1.379587173461914062e+01,4.476268291473388672e+00,-1.277705001831054688e+01
5.492228984832763672e+00,1.896141648292541504e+00,-4.313885688781738281e+00
-8.539134025573730469e+00,5.593308448791503906e+00,-3.176749706268310547e+00
1.372025394439697266e+01,4.460540771484375000e+00,-1.276038837432861328e+01
-1.868169212341308594e+01,2.059283733367919922e+00,-1.312476754188537598e+00
1.368447780609130859e+01,4.382358551025390625e+00,-1.266967105865478516e+01
-1.339128589630126953e+01,4.400019168853759766e+00,1.959252357482910156e+00
6.734183788299560547e+00,5.348073959350585938e+00,5.102960586547851562e+00
-7.074421405792236328e+00,8.384716033935546875e+00,1.187199687957763672e+01
-9.746453285217285156e+00,1.383766365051269531e+01,2.437875747680664062e+00
-9.417262077331542969e-01,3.608773946762084961e-01,3.199113130569458008e+00
2.114217948913574219e+01,7.993201732635498047e+00,8.767992973327636719e+00
9.089807510375976562e+00,8.869953155517578125e+00,2.682550668716430664e+00
-9.825446128845214844e+00,1.392983722686767578e+01,2.369918584823608398e+00
-9.552152633666992188e+00,1.371084785461425781e+01,2.616625308990478516e+00
-6.021564006805419922e-01,1.084839534759521484e+01,1.762275123596191406e+01
-1.182940769195556641e+01,-1.162908935546875000e+01,5.566673278808593750e+00
-1.039005756378173828e+01,-8.557259559631347656e+00,-7.920842170715332031e+00
1.554604530334472656e+01,6.248910427093505859e+00,6.111876487731933594e+00
-4.385456562042236328e+00,-1.288202381134033203e+01,6.273438930511474609e+00
8.136667251586914062e+00,-1.564091145992279053e-01,1.635787391662597656e+01
-6.721743583679199219e+00,1.929730987548828125e+01,-5.245769977569580078e+00
-9.616957664489746094e+00,-3.360955715179443359e+00,-1.155628490447998047e+01
-9.459212422370910645e-01,3.567251563072204590e-01,3.194811105728149414e+00
-2.192361354827880859e+00,3.056264854967594147e-02,1.424598026275634766e+01
-1.179678821563720703e+01,1.058886814117431641e+01,-8.066658973693847656e+00
6.217663288116455078e-01,4.994636535644531250e+00,4.514373093843460083e-02
8.358721137046813965e-01,2.113756418228149414e+00,-2.399158477783203125e-01
1.222487568855285645e+00,7.042812824249267578e+00,3.309151411056518555e+00
-2.760172367095947266e+00,-1.307230293750762939e-01,1.456729316711425781e+01
2.538989067077636719e+00,1.791148567199707031e+01,1.293063521385192871e+00
4.146540641784667969e+00,1.403624820709228516e+01,1.291928768157958984e+00
4.336026191711425781e+00,-1.501380729675292969e+01,8.076139450073242188e+00
1.771969223022460938e+01,-3.457049429416656494e-01,-4.595380306243896484e+00
-4.291970729827880859e+00,-1.300613117218017578e+01,-1.403466701507568359e+00
-1.113990211486816406e+01,-1.214724183082580566e-01,-4.697556495666503906e+00
1.404995679855346680e+00,2.341074943542480469e+01,-6.903478622436523438e+00
-1.394933164119720459e-01,-1.284353351593017578e+01,1.382653331756591797e+01
-3.299467086791992188e+00,1.967569351196289062e+01,2.135662317276000977e+00
-7.080928325653076172e+00,4.314164161682128906e+00,6.307471275329589844e+00
-1.339221286773681641e+01,4.398409366607666016e+00,1.960932493209838867e+00
-1.203140377998352051e+00,3.224882841110229492e+00,1.959551453590393066e+00
-6.355819702148437500e+00,-6.855112552642822266e+00,2.890480756759643555e+00
-1.037026691436767578e+01,-8.538685798645019531e+00,-7.947359561920166016e+00
-1.097121334075927734e+01,2.526694297790527344e+00,-1.595005989074707031e+01
2.093489646911621094e+01,1.075026416778564453e+01,2.527721166610717773e+00
3.962931156158447266e+00,-1.231733036041259766e+01,-9.636213302612304688e+00
2.054330444335937500e+01,1.323853254318237305e+00,3.901972770690917969e+00
-7.753610610961914062e-01,1.066378021240234375e+01,1.762610626220703125e+01
2.984397172927856445e+00,3.095657110214233398e+00,-5.218162536621093750e+00
-8.158930540084838867e-01,1.064221382141113281e+01,1.766571044921875000e+01
1.517438793182373047e+01,9.674773216247558594e-01,7.779711723327636719e+00
1.013492202758789062e+01,-1.363618850708007812e+01,-4.242485523223876953e+00
1.226078629493713379e+00,-1.177418613433837891e+01,9.570497870445251465e-01
1.008104133605957031e+01,-1.116174983978271484e+01,1.001408958435058594e+01
2.088761138916015625e+01,1.079698753356933594e+01,2.510729312896728516e+00
-1.097008228302001953e+01,2.527757406234741211e+00,-1.594878292083740234e+01
-4.294198989868164062e+00,-1.300518035888671875e+01,-1.401600241661071777e+00
-7.714284956455230713e-02,1.745754241943359375e+01,1.223731613159179688e+01
1.357107162475585938e+01,1.830121231079101562e+01,8.008166313171386719e+00
1.424460697174072266e+01,1.881684494018554688e+01,7.838604450225830078e+00
-5.348139405250549316e-01,1.081001281738281250e+01,1.743810462951660156e+01
-9.598719596862792969e+00,1.395740699768066406e+01,2.841742515563964844e+00
-2.760770082473754883e+00,-7.732191085815429688e+00,9.365890502929687500e+00
-2.155515193939208984e+00,6.450711190700531006e-02,1.425036525726318359e+01
-2.043113231658935547e+00,6.324905872344970703e+00,-4.282054424285888672e+00
-5.986389160156250000e+00,1.411715984344482422e+01,-1.467320632934570312e+01
-6.059116363525390625e+00,1.400579929351806641e+01,-1.475973796844482422e+01
-2.635496854782104492e+00,1.572332084178924561e-01,1.432516765594482422e+01
-5.195088863372802734e+00,5.433248043060302734e+00,-1.837891197204589844e+01
8.385765075683593750e+00,1.780847167968750000e+01,-2.761126995086669922e+00
8.162739753723144531e+00,-1.798693835735321045e-01,1.637614631652832031e+01
-1.096899604797363281e+01,2.528564691543579102e+00,-1.594783973693847656e+01
-6.745426177978515625e+00,1.925679206848144531e+01,-5.192149639129638672e+00
1.357343482971191406e+01,1.830015373229980469e+01,8.010370254516601562e+00
-9.704165458679199219e+00,1.389349842071533203e+01,2.511396408081054688e+00
4.295845985412597656e+00,6.419716835021972656e+00,-1.779008102416992188e+01
4.288484573364257812e+00,6.413552284240722656e+00,-1.780056762695312500e+01
9.090910911560058594e+00,8.076468467712402344e+00,-1.083226871490478516e+01
-1.200892353057861328e+01,5.084398388862609863e-01,1.043029022216796875e+01
-4.777458906173706055e-01,8.724594116210937500e+00,3.645050525665283203e+00
1.009111022949218750e+01,-1.115152168273925781e+01,1.002451801300048828e+01
1.426568984985351562e+01,1.883214759826660156e+01,7.840667724609375000e+00
-1.114019203186035156e+01,-1.227407604455947876e-01,-4.698057651519775391e+00
1.379204463958740234e+01,1.849422836303710938e+01,7.781563758850097656e+00
-4.293825149536132812e+00,-1.300460147857666016e+01,-1.402585506439208984e+00
3.219375848770141602e+00,-3.082988023757934570e+00,-8.957712173461914062e+00
-1.339387416839599609e+01,4.402433395385742188e+00,1.962100148200988770e+00
3.963120222091674805e+00,-1.231479835510253906e+01,-9.640076637268066406e+00
1.375304126739501953e+01,1.853652191162109375e+01,7.803739070892333984e+00
4.206792831420898438e+00,6.325731277465820312e+00,-1.772233963012695312e+01
4.023891925811767578e+00,-5.382558345794677734e+00,7.325724601745605469e+00
-6.355715274810791016e+00,-6.854833602905273438e+00,2.890745401382446289e+00
2.691378593444824219e+00,5.653931617736816406e+00,1.984177398681640625e+01
-1.635552978515625000e+01,7.216537475585937500e+00,8.041736602783203125e+00
2.112287521362304688e+01,7.954705238342285156e+00,8.902957916259765625e+00
-3.337264537811279297e+00,1.963815498352050781e+01,2.173283338546752930e+00
-1.339683341979980469e+01,4.397532939910888672e+00,1.964818835258483887e+00
-5.820700526237487793e-01,1.079284572601318359e+01,1.746921539306640625e+01
1.642794609069824219e+01,-6.578107833862304688e+00,1.170402622222900391e+01
1.215535640716552734e+01,-6.372306346893310547e+00,1.183682799339294434e+00
8.432385444641113281e+00,1.785121726989746094e+01,-2.823288202285766602e+00
6.524511337280273438e+00,2.898391962051391602e+00,9.122927665710449219e+00
-1.635591316223144531e+01,7.217558383941650391e+00,8.042130470275878906e+00
6.156167030334472656e+00,5.910916328430175781e+00,5.384243965148925781e+00
-6.678745269775390625e+00,-8.124042510986328125e+00,1.717085838317871094e+01
1.044154262542724609e+01,9.440478324890136719e+00,1.176600265502929688e+01
1.689497232437133789e+00,2.316403198242187500e+01,-6.931671142578125000e+00
1.678668856620788574e+00,2.317074775695800781e+01,-6.912626266479492188e+00
-5.110819816589355469e+00,3.144331932067871094e+00,1.498183727264404297e+00
1.771828651428222656e+01,-3.442772626876831055e-01,-4.593871593475341797e+00
-7.068514347076416016e+00,4.326289176940917969e+00,6.293797016143798828e+00
2.691930770874023438e+00,5.653393268585205078e+00,1.984231948852539062e+01
4.021800994873046875e+00,-5.384656429290771484e+00,7.323552608489990234e+00
2.109073638916015625e+01,8.042421340942382812e+00,8.820736885070800781e+00
1.899091720581054688e+01,3.699499368667602539e+00,1.293806362152099609e+01
1.385178565979003906e+01,1.856696891784667969e+01,7.747282028198242188e+00
3.613055646419525146e-01,-7.932142734527587891e+00,-4.480036735534667969e+00
-6.356921672821044922e+00,-6.856487751007080078e+00,2.889059305191040039e+00
5.631806373596191406e+00,4.687281847000122070e-01,-1.445209622383117676e+00
1.563072395324707031e+01,1.313196563720703125e+01,-4.758442878723144531e+00
2.888290882110595703e+00,-1.009793519973754883e+00,3.311200380325317383e+00
1.049354457855224609e+01,9.486495018005371094e+00,1.171707057952880859e+01
1.516911411285400391e+01,9.727807641029357910e-01,7.785147190093994141e+00
-1.636730730533599854e-01,8.174826622009277344e+00,3.323277473449707031e+00
1.538478946685791016e+01,1.286074924468994141e+01,-4.832272052764892578e+00
-4.357236862182617188e+00,-1.286994457244873047e+01,6.299373626708984375e+00
-8.892006427049636841e-02,8.149228096008300781e+00,3.376115083694458008e+00
1.604595661163330078e+00,7.573111057281494141e+00,4.545891284942626953e+00
-6.707446575164794922e+00,1.924968910217285156e+01,-5.209437847137451172e+00
1.371390724182128906e+01,1.842238807678222656e+01,7.767618656158447266e+00
5.492510795593261719e+00,1.895247459411621094e+00,-4.313380241394042969e+00
3.458376228809356689e-01,4.159437656402587891e+00,1.108206272125244141e+00
8.447237014770507812e+00,-1.446650218963623047e+01,1.921669244766235352e+00
8.383238792419433594e+00,-1.850257635116577148e+00,1.458504438400268555e+00
1.550241851806640625e+01,1.301069641113281250e+01,-4.766144275665283203e+00
1.032507991790771484e+01,9.339467048645019531e+00,1.188416385650634766e+01
-1.869184684753417969e+01,2.065665006637573242e+00,-1.306602358818054199e+00
-1.522153949737548828e+01,4.098285675048828125e+00,-7.684077262878417969e+00
1.073745727539062500e+01,4.730562686920166016e+00,1.833062362670898438e+01
3.220489501953125000e+00,-3.082599401473999023e+00,-8.956786155700683594e+00
-5.236865043640136719e+00,5.467974662780761719e+00,-1.834415245056152344e+01
9.432816505432128906e+00,1.238161087036132812e+01,-1.154990005493164062e+01
1.480188846588134766e+01,-8.415276527404785156e+00,-5.905697822570800781e+00
4.020996093750000000e+00,-5.385468959808349609e+00,7.322787761688232422e+00
-4.245635986328125000e+00,-1.296091938018798828e+01,-1.456040263175964355e+00
8.372552871704101562e+00,1.794011878967285156e+01,-2.722338914871215820e+00
-6.117011547088623047e+00,1.389954853057861328e+01,-1.455947971343994141e+01
-5.718412876129150391e+00,1.433321666717529297e+01,-1.500607109069824219e+01
9.432859420776367188e+00,1.238167667388916016e+01,-1.154972076416015625e+01
1.020226669311523438e+01,-1.370314025878906250e+01,-4.175092697143554688e+00
-2.043130397796630859e+00,6.324926853179931641e+00,-4.282094001770019531e+00
-6.118720531463623047e+00,1.392293548583984375e+01,-1.453648281097412109e+01
-5.741349220275878906e+00,1.429217433929443359e+01,-1.499591255187988281e+01
1.641253852844238281e+01,-6.591061115264892578e+00,1.171936702728271484e+01
-1.179750156402587891e+01,1.058947372436523438e+01,-8.065927505493164062e+00
-8.653047561645507812e+00,-7.096244812011718750e+00,-1.192527532577514648e+00
1.224380373954772949e+00,7.045271396636962891e+00,3.310381889343261719e+00
-1.622851043939590454e-01,1.746423530578613281e+01,1.255586433410644531e+01
-1.001950740814208984e+00,3.178830385208129883e+00,9.076588153839111328e-01
3.587782680988311768e-01,-7.934836864471435547e+00,-4.477569580078125000e+00
-2.372421026229858398e+00,3.831132352352142334e-01,1.457142066955566406e+01
-2.639171838760375977e+00,4.843735601752996445e-03,1.386575317382812500e+01
-9.734927177429199219e+00,1.391261482238769531e+01,2.495758056640625000e+00
-1.216619491577148438e+00,3.937935113906860352e+00,-2.739554405212402344e+00
8.577050209045410156e+00,1.775913429260253906e+01,-4.179273605346679688e+00
1.898017883300781250e+01,5.686874389648437500e+00,-2.545640468597412109e+00
-1.097470283508300781e+01,2.529961585998535156e+00,-1.594249629974365234e+01
1.554713535308837891e+01,6.250029563903808594e+00,6.111855983734130859e+00
-1.631888008117675781e+01,-4.496501445770263672e+00,-2.476801633834838867e+00
-4.783463478088378906e-01,8.964559555053710938e+00,4.350585937500000000e+00
5.297961235046386719e+00,-6.159618854522705078e+00,1.469023036956787109e+01
8.447236061096191406e+00,-1.446650791168212891e+01,1.921319484710693359e+00
-1.179749107360839844e+01,1.058945941925048828e+01,-8.066060066223144531e+00
1.108779621124267578e+01,-3.983464002609252930e+00,-5.456998348236083984e+00
7.146705150604248047e+00,9.006487846374511719e+00,-7.619512081146240234e-01
1.498714804649353027e+00,2.339781761169433594e+01,-7.149105072021484375e+00
2.176568412780761719e+01,-4.072207450866699219e+00,-1.064705491065979004e+00
-2.730225801467895508e+00,-1.099342256784439087e-01,1.459820270538330078e+01
1.008131790161132812e+01,-1.116098880767822266e+01,1.001466464996337891e+01
-1.201831531524658203e+01,4.999112188816070557e-01,1.043866348266601562e+01
-6.684970378875732422e+00,-8.119379043579101562e+00,1.716604232788085938e+01
1.357409477233886719e+01,1.830654907226562500e+01,8.004755973815917969e+00
4.275136470794677734e+00,6.384284973144531250e+00,-1.780166625976562500e+01
-2.371192455291748047e+00,3.891043961048126221e-01,1.457306861877441406e+01
-8.650658607482910156e+00,-7.093917846679687500e+00,-1.190207242965698242e+00
-2.356278181076049805e+00,-2.204379320144653320e+00,-1.804789733886718750e+01
-8.377234935760498047e-01,9.290451049804687500e+00,3.887967348098754883e+00
-1.105954742431640625e+01,2.445948123931884766e+00,-1.601602363586425781e+01
8.440143585205078125e+00,1.786243438720703125e+01,-2.814157009124755859e+00
-4.245741844177246094e+00,-1.296112632751464844e+01,-1.456842184066772461e+00
-1.216593161225318909e-01,1.740252304077148438e+01,1.246118545532226562e+01
2.320932149887084961e+00,6.110971450805664062e+00,-2.428035497665405273e+00
-1.686642646789550781e+01,1.086018562316894531e+01,-2.891732931137084961e+00
-6.779982089996337891e+00,1.929935264587402344e+01,-5.256534576416015625e+00
1.393494129180908203e+01,1.848051643371582031e+01,7.628412246704101562e+00
-1.005244851112365723e+00,3.179263353347778320e+00,9.190439581871032715e-01
2.624008178710937500e+00,1.781508064270019531e+01,1.306027650833129883e+00
4.208399295806884766e+00,6.332301139831542969e+00,-1.772294998168945312e+01
1.899011039733886719e+01,3.700120449066162109e+00,1.293809127807617188e+01
-6.356435298919677734e+00,-6.856800556182861328e+00,2.888731002807617188e+00
2.111611747741699219e+01,8.017255783081054688e+00,8.795080184936523438e+00
1.217963409423828125e+01,-6.396539688110351562e+00,1.207448244094848633e+00
1.373356914520263672e+01,1.867118644714355469e+01,7.395337581634521484e+00
-1.378308653831481934e+00,-6.088490009307861328e+00,-9.098616600036621094e+00
-1.098983383178710938e+01,2.515927076339721680e+00,-1.596026992797851562e+01
-2.363521099090576172e+00,3.976003229618072510e-01,1.458356475830078125e+01
6.490301132202148438e+00,9.431192398071289062e+00,-1.077280402183532715e+00
1.034414577484130859e+01,9.356803894042968750e+00,1.186475944519042969e+01
-6.779494762420654297e+00,1.932383346557617188e+01,-5.281010150909423828e+00
2.887992858886718750e+00,-1.010023713111877441e+00,3.311516523361206055e+00
-2.817291498184204102e+00,-1.278313064575195312e+01,-8.992047309875488281e+00
-2.743911504745483398e+00,-1.404455155134201050e-01,1.461461544036865234e+01
-6.288658618927001953e+00,1.375628185272216797e+01,-1.467413425445556641e+01
-8.360595703125000000e+00,1.029878044128417969e+01,7.087098121643066406e+00
2.109329986572265625e+01,8.039982795715332031e+00,8.818101882934570312e+00
1.554642391204833984e+01,6.249262809753417969e+00,6.112139225006103516e+00
-2.722411394119262695e+00,-1.156460773199796677e-02,1.384162330627441406e+01
-2.355332612991333008e+00,-2.203517198562622070e+00,-1.804853820800781250e+01
-5.957186222076416016e+00,1.410037422180175781e+01,-1.472654914855957031e+01
-1.522175598144531250e+01,4.098084926605224609e+00,-7.684156417846679688e+00
-1.871640586853027344e+01,2.093767881393432617e+00,-1.278206467628479004e+00
3.959880352020263672e+00,-1.231816768646240234e+01,-9.636319160461425781e+00
-4.039418697357177734e-01,1.099042034149169922e+01,1.751094055175781250e+01
5.567939877510070801e-01,1.298144340515136719e+01,2.539179325103759766e+00
-4.353286743164062500e+00,-1.286719799041748047e+01,6.303067684173583984e+00
1.072880649566650391e+01,4.717700481414794922e+00,1.834450149536132812e+01
-4.280631244182586670e-01,1.097540092468261719e+01,1.752118110656738281e+01
-3.600253760814666748e-01,1.105289649963378906e+01,1.756591796875000000e+01
-9.813567161560058594e+00,1.390670490264892578e+01,2.424702644348144531e+00
-1.181955432891845703e+01,-1.163903999328613281e+01,5.575932979583740234e+00
1.015249156951904297e+01,-1.110342025756835938e+01,1.008590507507324219e+01
1.386795711517333984e+01,-4.496382713317871094e+00,-1.458439445495605469e+01
-2.763596534729003906e+00,-7.729541301727294922e+00,9.363256454467773438e+00
1.221859216690063477e+00,7.043003559112548828e+00,3.308818340301513672e+00
-4.228387832641601562e+00,2.021945238113403320e+00,-9.996198654174804688e+00
1.049228858947753906e+01,9.485202789306640625e+00,1.171848201751708984e+01
4.455927848815917969e+00,-1.513403320312500000e+01,7.957891464233398438e+00
-8.067006468772888184e-01,1.063699817657470703e+01,1.763654708862304688e+01
1.771637344360351562e+01,-3.446890711784362793e-01,-4.592430114746093750e+00
-5.983310222625732422e+00,1.409351634979248047e+01,-1.484909534454345703e+01
8.397104263305664062e+00,-1.451752758026123047e+01,1.870095014572143555e+00
-5.788186073303222656e+00,1.421704483032226562e+01,-1.491615867614746094e+01
9.434162139892578125e+00,1.238313579559326172e+01,-1.155208396911621094e+01
8.406316637992858887e-01,2.094072818756103516e+00,-2.588335275650024414e-01
4.277871131896972656e+00,6.387731552124023438e+00,-1.778107452392578125e+01
1.180743813514709473e+00,6.852308273315429688e+00,3.114792346954345703e+00
1.386839294433593750e+01,-4.494311332702636719e+00,-1.458862686157226562e+01
9.803107261657714844e+00,-8.852852821350097656e+00,-9.201337814331054688e+00
-1.296446621417999268e-01,1.745175170898437500e+01,1.254222965240478516e+01
5.818778514862060547e+00,1.127847957611083984e+01,1.197046190500259399e-01
1.532088470458984375e+01,1.307493400573730469e+01,-5.017410755157470703e+00
3.221709966659545898e+00,-3.084481716156005859e+00,-8.958554267883300781e+00
-9.622069358825683594e+00,-3.358523607254028320e+00,-1.155125331878662109e+01
4.021541595458984375e+00,-5.384931087493896484e+00,7.323263645172119141e+00
-1.310111880302429199e-01,1.740267372131347656e+01,1.252959346771240234e+01
-6.060063838958740234e+00,1.395694541931152344e+01,-1.442985057830810547e+01
-5.106869220733642578e+00,3.154395103454589844e+00,1.508620500564575195e+00
7.249514460563659668e-01,1.243072509765625000e+01,-2.366150856018066406e+00
-5.228173732757568359e+00,1.097593498229980469e+01,-5.191335201263427734e+00
-6.077212810516357422e+00,1.401935672760009766e+01,-1.477520561218261719e+01
-5.251403808593750000e+00,1.095578002929687500e+01,-5.211424350738525391e+00
-5.233507156372070312e+00,1.097930240631103516e+01,-5.188446521759033203e+00
-1.099962902069091797e+01,2.505478858947753906e+00,-1.592407989501953125e+01
1.391228961944580078e+01,1.859915351867675781e+01,7.820031642913818359e+00
-5.243280410766601562e+00,1.096544742584228516e+01,-5.200693607330322266e+00
1.216653633117675781e+01,-6.314819335937500000e+00,1.121469497680664062e+00
-1.872582626342773438e+01,2.085791349411010742e+00,-1.288308024406433105e+00
2.587881326675415039e+00,1.787312889099121094e+01,1.320580363273620605e+00
-2.703790426254272461e+00,5.038864538073539734e-02,1.377847385406494141e+01
-2.043146371841430664e+00,6.324954509735107422e+00,-4.282225131988525391e+00
2.205512237548828125e+01,9.101118087768554688e+00,-7.183807849884033203e+00
4.517763137817382812e+00,3.099752902984619141e+00,-1.245614767074584961e+00
1.108475875854492188e+01,-3.986340761184692383e+00,-5.454252243041992188e+00
-1.159183311462402344e+01,5.416104793548583984e+00,1.463329982757568359e+01
1.516922950744628906e+01,9.726474285125732422e-01,7.785012245178222656e+00
2.786049365997314453e+00,5.318086624145507812e+00,4.846381023526191711e-02
1.386888790130615234e+01,-4.494906425476074219e+00,-1.458802509307861328e+01
-1.011401638388633728e-01,-5.848751068115234375e+00,9.785730838775634766e-01
6.744121551513671875e+00,-7.225295543670654297e+00,-6.898362189531326294e-02
2.177489471435546875e+01,-4.063552379608154297e+00,-1.073756575584411621e+00
7.165673732757568359e+00,5.571326255798339844e+00,5.106070518493652344e+00
1.643880271911621094e+01,-6.613339900970458984e+00,1.169303321838378906e+01
4.095226287841796875e+00,3.132510483264923096e-01,2.466110706329345703e+00
-6.173228621482849121e-01,1.080307292938232422e+01,1.764140319824218750e+01
1.219906234741210938e+01,-6.342362880706787109e+00,1.224991083145141602e+00
8.686279296875000000e+00,1.890539550781250000e+01,-3.312357664108276367e+00
-6.667560577392578125e+00,1.919892692565917969e+01,-5.140375614166259766e+00
-2.423453569412231445e+00,-2.278900146484375000e+00,-1.796376037597656250e+01
1.414206027984619141e+01,-2.219584226608276367e+00,1.476536655426025391e+01
-2.224193334579467773e+00,6.282843589782714844e+00,-1.783517122268676758e+00
-9.434347152709960938e-01,3.591921031475067139e-01,3.197544574737548828e+00
-2.235002279281616211e+00,6.295930862426757812e+00,-1.768345594406127930e+00
4.178300380706787109e+00,6.296449661254882812e+00,-1.770431709289550781e+01
4.515563964843750000e+00,3.099829196929931641e+00,-1.246381044387817383e+00
1.529652214050292969e+01,-1.165512371063232422e+01,5.953503131866455078e+00
-4.279691219329833984e+00,-1.299517345428466797e+01,-1.421956419944763184e+00
2.093405532836914062e+01,1.075101757049560547e+01,2.527060031890869141e+00
-9.766687393188476562e+00,1.387378215789794922e+01,2.458947896957397461e+00
-9.762892723083496094e+00,-3.216467380523681641e+00,-1.141072940826416016e+01
6.422390937805175781e+00,4.553446292877197266e+00,4.593271732330322266e+00
-1.007737517356872559e+00,3.191290140151977539e+00,9.277054071426391602e-01
-2.656257152557373047e+00,4.318802803754806519e-02,1.393054771423339844e+01
2.517941951751708984e+00,1.802398872375488281e+01,1.224333286285400391e+00
1.212699985504150391e+01,-6.342314720153808594e+00,1.153021812438964844e+00
-2.434813499450683594e+00,-9.586070477962493896e-02,1.429321098327636719e+01
9.800653457641601562e+00,-8.855397224426269531e+00,-9.203161239624023438e+00
4.064867973327636719e+00,1.418945789337158203e+01,1.336886882781982422e+00
5.817469120025634766e+00,1.127877330780029297e+01,1.200623139739036560e-01
-1.635552787780761719e+01,7.217360019683837891e+00,8.041736602783203125e+00
8.395282745361328125e+00,-1.451882839202880859e+01,1.869921207427978516e+00
1.009057617187500000e+01,-1.115313625335693359e+01,1.002393436431884766e+01
-4.404758453369140625e+00,-1.003978729248046875e+00,6.254593849182128906e+00
-9.492483735084533691e-01,3.584876954555511475e-01,3.189049243927001953e+00
-2.835678100585937500e+00,-1.276622104644775391e+01,-9.017678260803222656e+00
4.063671112060546875e+00,5.928544044494628906e+00,-1.807453036308288574e+00
5.834461688995361328e+00,2.093749493360519409e-01,-1.614914178848266602e+00
1.210435676574707031e+01,1.705525588989257812e+01,8.853963613510131836e-01
1.427475261688232422e+01,1.883995819091796875e+01,7.838834762573242188e+00
-1.201329040527343750e+01,5.051717758178710938e-01,1.043342304229736328e+01
-1.239983177185058594e+01,-2.445331335067749023e+00,4.221826553344726562e+00
-7.072807788848876953e+00,8.382987022399902344e+00,1.187222194671630859e+01
-1.199577927589416504e+00,3.225220680236816406e+00,1.944960474967956543e+00
-9.751660346984863281e+00,1.384082698822021484e+01,2.421788930892944336e+00
7.585741043090820312e+00,9.684482574462890625e+00,-2.754046916961669922e+00
5.831898689270019531e+00,2.125892639160156250e-01,-1.613251328468322754e+00
2.788365602493286133e+00,-9.138635635375976562e+00,-1.535515880584716797e+01
2.173315048217773438e+01,-4.065529823303222656e+00,-1.032614111900329590e+00
-6.351678848266601562e+00,-6.859403133392333984e+00,2.886241436004638672e+00
-2.358222007751464844e+00,-2.206554651260375977e+00,-1.805107688903808594e+01
-4.226521492004394531e+00,2.019534587860107422e+00,-9.998513221740722656e+00
-1.239870738983154297e+01,-2.446729421615600586e+00,4.221992015838623047e+00
-3.296656906604766846e-01,1.109729003906250000e+01,1.760134506225585938e+01
1.372211456298828125e+01,4.436598777770996094e+00,-1.263450241088867188e+01
-5.186179637908935547e+00,-4.421431064605712891e+00,-1.421305084228515625e+01
-9.213339090347290039e-01,5.159369945526123047e+00,7.058864593505859375e+00
-9.232047796249389648e-01,5.161634445190429688e+00,7.059732913970947266e+00
1.516559886932373047e+01,9.756058454513549805e-01,7.788118839263916016e+00
-9.522521972656250000e+00,-3.439856290817260742e+00,-1.165114879608154297e+01
1.386354446411132812e+01,4.672718524932861328e+00,-1.258944416046142578e+01
1.529583454132080078e+01,-1.165448284149169922e+01,5.954144001007080078e+00
8.173775672912597656e+00,-1.261349022388458252e-01,1.632219314575195312e+01
-6.086053371429443359e+00,1.391635322570800781e+01,-1.448358821868896484e+01
-2.345124185085296631e-01,1.752090263366699219e+01,1.245242691040039062e+01
7.963975906372070312e+00,-1.648828983306884766e+00,1.341755390167236328e+00
1.516085338592529297e+01,9.799302220344543457e-01,7.792488574981689453e+00
-9.597186088562011719e+00,-3.332399368286132812e+00,-1.157633686065673828e+01
1.485978412628173828e+01,-8.473348617553710938e+00,-5.903105258941650391e+00
-6.732414364814758301e-01,9.196995735168457031e+00,3.980450391769409180e+00
6.784078598022460938e+00,5.354020118713378906e+00,5.188311576843261719e+00
-9.684726715087890625e+00,-3.289813280105590820e+00,-1.148909282684326172e+01
-4.348540782928466797e+00,-1.283543395996093750e+01,6.334436416625976562e+00
9.802733421325683594e+00,-8.853253364562988281e+00,-9.200836181640625000e+00
1.605781674385070801e+00,7.564634323120117188e+00,4.535450458526611328e+00
1.543331384658813477e+00,7.347697734832763672e+00,4.076676845550537109e+00
2.392132043838500977e+00,4.875993728637695312e+00,1.512809276580810547e+00
2.174245452880859375e+01,-4.030478954315185547e+00,-1.045231699943542480e+00
-1.547395139932632446e-01,1.751585578918457031e+01,1.237084388732910156e+01
1.372784328460693359e+01,1.866845321655273438e+01,7.387428283691406250e+00
1.426763248443603516e+01,1.883128547668457031e+01,7.839812755584716797e+00
6.279292106628417969e+00,4.666337966918945312e+00,6.322757244110107422e+00
-2.439532279968261719e-01,1.755156135559082031e+01,1.238910102844238281e+01
-1.037573814392089844e+01,-8.544339179992675781e+00,-7.936736583709716797e+00
-5.055100917816162109e-01,4.631621360778808594e+00,6.951333045959472656e+00
-2.275395393371582031e-01,1.750547027587890625e+01,1.244164276123046875e+01
1.769071769714355469e+01,-3.191577494144439697e-01,-4.566713333129882812e+00
-7.095090389251708984e+00,4.299897193908691406e+00,6.321591854095458984e+00
-1.378617048263549805e+00,-6.088649749755859375e+00,-9.098802566528320312e+00
9.803318977355957031e+00,-8.849928855895996094e+00,-9.197834014892578125e+00
1.421655178070068359e+00,2.339871215820312500e+01,-6.910561084747314453e+00
-1.035675048828125000e+01,-8.525130271911621094e+00,-7.953336238861083984e+00
1.390752792358398438e+01,4.602764129638671875e+00,-1.273133182525634766e+01
6.537488460540771484e+00,8.731132149696350098e-01,-1.702666854858398438e+01
-1.339378261566162109e+01,4.400119304656982422e+00,1.962144494056701660e+00
-6.717144966125488281e+00,-8.114220619201660156e+00,1.716055107116699219e+01
1.413953876495361328e+01,-2.217104196548461914e+00,1.476353168487548828e+01
4.481124401092529297e+00,-1.515939331054687500e+01,7.931230545043945312e+00
1.214947986602783203e+01,-6.364529132843017578e+00,1.175418019294738770e+00
-2.649273157119750977e+00,4.058501124382019043e-02,1.394275474548339844e+01
-2.356436491012573242e+00,4.076822996139526367e-01,1.459143257141113281e+01
-1.239908123016357422e+01,-2.446621417999267578e+00,4.221502304077148438e+00
-1.114008426666259766e+01,-1.223455667495727539e-01,-4.698435783386230469e+00
-1.159420585632324219e+01,5.418493270874023438e+00,1.463570594787597656e+01
-1.523681831359863281e+01,4.112087249755859375e+00,-7.696459770202636719e+00
-1.114086818695068359e+01,-1.071040183305740356e-01,-4.686450004577636719e+00
5.533992767333984375e+00,-5.309938430786132812e+00,-1.694320106506347656e+01
-1.179804706573486328e+01,1.058871650695800781e+01,-8.066591262817382812e+00
6.538680553436279297e+00,4.779845714569091797e+00,5.240512847900390625e+00
1.037503528594970703e+01,9.383486747741699219e+00,1.183418083190917969e+01
4.441085338592529297e+00,-1.511928653717041016e+01,7.971271514892578125e+00
1.050869750976562500e+01,9.498856544494628906e+00,1.170041561126708984e+01
1.965936851501464844e+01,2.584040880203247070e+00,-1.444348335266113281e+01
5.536913394927978516e+00,-5.307960033416748047e+00,-1.694560241699218750e+01
-2.825299978256225586e+00,-1.277659797668457031e+01,-9.012385368347167969e+00
-8.651098251342773438e+00,-7.094170570373535156e+00,-1.190405249595642090e+00
-4.284300327301025391e+00,-1.299964141845703125e+01,-1.417834639549255371e+00
-1.635497665405273438e+01,7.216983318328857422e+00,8.041191101074218750e+00
8.420699119567871094e+00,1.790635871887207031e+01,-2.771406412124633789e+00
1.410411262512207031e+01,-2.181711673736572266e+00,1.472837257385253906e+01
1.411317443847656250e+01,-2.190813064575195312e+00,1.473735618591308594e+01
-1.101813411712646484e+01,2.562176227569580078e+00,-1.590443515777587891e+01
1.431186771392822266e+01,1.885973548889160156e+01,7.850612163543701172e+00
1.020900440216064453e+01,-1.364035320281982422e+01,-4.168292045593261719e+00
1.215565109252929688e+01,-6.370816230773925781e+00,1.181607723236083984e+00
-5.866487979888916016e+00,1.416436386108398438e+01,-1.469335269927978516e+01
-4.190804660320281982e-01,1.098734951019287109e+01,1.752882957458496094e+01
-6.759845733642578125e+00,1.930311775207519531e+01,-5.262563705444335938e+00
1.640683746337890625e+01,-6.599078655242919922e+00,1.172195816040039062e+01
1.386955356597900391e+01,-4.502695083618164062e+00,-1.458757591247558594e+01
1.407142543792724609e+01,-2.149874448776245117e+00,1.468102931976318359e+01
9.810887336730957031e+00,-8.844933509826660156e+00,-9.192380905151367188e+00
3.659253716468811035e-01,-7.927700519561767578e+00,-4.484713077545166016e+00
1.963879966735839844e+01,2.589492797851562500e+00,-1.446192455291748047e+01
-5.015202999114990234e+00,1.079421043395996094e+01,-5.118010044097900391e+00
-1.426087319850921631e-01,-1.284057903289794922e+01,1.382936000823974609e+01
-4.926660358905792236e-01,1.094515514373779297e+01,1.758222770690917969e+01
-6.003064155578613281e+00,1.407173156738281250e+01,-1.463889408111572266e+01
-6.021533966064453125e+00,1.401631546020507812e+01,-1.466358089447021484e+01
3.857941150665283203e+00,5.106142997741699219e+00,-2.044715642929077148e+00
-3.257769644260406494e-01,1.109528255462646484e+01,1.759873771667480469e+01
-8.042001724243164062e-01,1.062540721893310547e+01,1.755695533752441406e+01
2.600868701934814453e+00,4.466194629669189453e+00,-4.245832443237304688e+00
-1.199949860572814941e+00,3.226000547409057617e+00,1.955410242080688477e+00
3.624657690525054932e-01,-7.931163311004638672e+00,-4.481248855590820312e+00
1.379776000976562500e+01,4.440070629119873047e+00,-1.281859302520751953e+01
-1.252630114555358887e+00,3.909889936447143555e+00,-2.781152248382568359e+00
-1.493100762367248535e+00,8.509788513183593750e+00,-3.163279294967651367e+00
-2.758373975753784180e+00,-7.732735633850097656e+00,9.365092277526855469e+00
-9.855642914772033691e-02,-5.846194267272949219e+00,9.761055707931518555e-01
2.104021072387695312e+01,8.093675613403320312e+00,8.870884895324707031e+00
6.446145057678222656e+00,4.538514137268066406e+00,4.576460838317871094e+00
6.537342548370361328e+00,8.733612895011901855e-01,-1.702586174011230469e+01
3.881298065185546875e+00,5.115651607513427734e+00,-2.051558017730712891e+00
1.015076065063476562e+01,-1.109387016296386719e+01,1.008423519134521484e+01
1.538903713226318359e+01,1.291665649414062500e+01,-4.853777885437011719e+00
1.367015075683593750e+01,4.393749237060546875e+00,-1.267928791046142578e+01
9.765423774719238281e+00,-8.886199951171875000e+00,-9.224871635437011719e+00
3.587870359420776367e+00,5.634015083312988281e+00,-6.804225593805313110e-02
-9.583263397216796875e+00,-3.391586780548095703e+00,-1.159031772613525391e+01
-1.239444160461425781e+01,-2.447638273239135742e+00,4.226214408874511719e+00
1.375613498687744141e+01,4.443984031677246094e+00,-1.277469444274902344e+01
4.285789966583251953e+00,6.374355316162109375e+00,-1.779913711547851562e+01
1.433053779602050781e+01,1.889056587219238281e+01,7.867323398590087891e+00
-1.037436008453369141e+01,-8.543039321899414062e+00,-7.945805549621582031e+00
1.374668693542480469e+01,1.867405128479003906e+01,7.400998115539550781e+00
1.868332290649414062e+01,-6.981941699981689453e+00,4.760729789733886719e+00
2.093405723571777344e+01,1.075103664398193359e+01,2.526866436004638672e+00
-1.036098289489746094e+01,-8.529511451721191406e+00,-7.951298236846923828e+00
2.691869974136352539e+00,5.653459548950195312e+00,1.984226036071777344e+01
-6.712708473205566406e+00,1.934670639038085938e+01,-5.300943374633789062e+00
-1.181787776947021484e+01,-1.164048004150390625e+01,5.576188087463378906e+00
1.540596294403076172e+01,1.290374374389648438e+01,-4.825092792510986328e+00
1.554630374908447266e+01,6.249157905578613281e+00,6.112104415893554688e+00
3.915769815444946289e+00,-1.236835670471191406e+01,-9.668961524963378906e+00
-2.829371929168701172e+00,-1.277213668823242188e+01,-9.019685745239257812e+00
-1.097736835479736328e+01,2.527015686035156250e+00,-1.593910408020019531e+01
-1.631005668640136719e+01,-4.487426757812500000e+00,-2.468008995056152344e+00
7.158453941345214844e+00,9.019189834594726562e+00,-7.738821506500244141e-01
-5.925880074501037598e-01,1.079525756835937500e+01,1.752385139465332031e+01
-1.159389019012451172e+01,5.418210983276367188e+00,1.463541889190673828e+01
2.173935890197753906e+01,-4.030678749084472656e+00,-1.038700461387634277e+00
2.786578416824340820e+00,-9.140637397766113281e+00,-1.535694980621337891e+01
1.215579891204833984e+01,-6.371010780334472656e+00,1.181741952896118164e+00
1.356880950927734375e+01,1.830175209045410156e+01,8.009180068969726562e+00
-1.219166889786720276e-01,1.743437385559082031e+01,1.242899131774902344e+01
1.387359428405761719e+01,-4.498762607574462891e+00,-1.458280754089355469e+01
2.060601234436035156e+01,1.261477589607238770e+00,3.839145183563232422e+00
8.566362857818603516e-01,2.097792863845825195e+00,-2.829957008361816406e-01
5.492523193359375000e+00,1.895212769508361816e+00,-4.313423156738281250e+00
1.434930086135864258e+00,2.338412094116210938e+01,-6.921041488647460938e+00
1.217215442657470703e+01,-6.387671470642089844e+00,1.198270678520202637e+00
-6.746333599090576172e+00,1.928653907775878906e+01,-5.241050720214843750e+00
1.034606552124023438e+01,9.358494758605957031e+00,1.186105155944824219e+01
1.899036216735839844e+01,3.699877500534057617e+00,1.293786430358886719e+01
8.692761421203613281e+00,1.890911865234375000e+01,-3.320681333541870117e+00
-1.201063537597656250e+01,5.077245831489562988e-01,1.043087387084960938e+01
-1.036004829406738281e+01,-8.528611183166503906e+00,-7.952449798583984375e+00
-1.081754970550537109e+01,-5.506275653839111328e+00,1.097966957092285156e+01
1.013986301422119141e+01,-1.110539913177490234e+01,1.007326793670654297e+01
1.190214753150939941e+00,-1.182686519622802734e+01,9.196379184722900391e-01
-2.792678117752075195e+00,-1.280630207061767578e+01,-8.985700607299804688e+00
-1.201242828369140625e+01,5.060195922851562500e-01,1.043257617950439453e+01
6.202865839004516602e-01,4.991616249084472656e+00,5.119425803422927856e-02
8.578322410583496094e+00,1.775942039489746094e+01,-4.179161548614501953e+00
-9.683194160461425781e+00,1.389813518524169922e+01,2.559084415435791016e+00
1.371614551544189453e+01,1.866468811035156250e+01,7.373570919036865234e+00
8.427680969238281250e+00,1.787906074523925781e+01,-2.802714586257934570e+00
-1.877612304687500000e+01,2.070480823516845703e+00,-1.327534556388854980e+00
1.014378070831298828e+01,-1.110186195373535156e+01,1.007740020751953125e+01
-8.169959783554077148e-01,1.063735294342041016e+01,1.764185142517089844e+01
2.094661712646484375e+01,1.073853683471679688e+01,2.514416456222534180e+00
1.379842472076416016e+01,1.859757232666015625e+01,7.668078422546386719e+00
3.621664941310882568e-01,-7.931463241577148438e+00,-4.480965614318847656e+00
4.440911769866943359e+00,-1.511909770965576172e+01,7.971413612365722656e+00
1.194120764732360840e+00,-1.180920219421386719e+01,9.015170335769653320e-01
-1.120689964294433594e+01,-4.353597760200500488e-02,-4.752562999725341797e+00
-1.068617057800292969e+01,-5.502874851226806641e+00,1.084741115570068359e+01
-6.019520759582519531e+00,1.413186264038085938e+01,-1.485436820983886719e+01
-1.098031711578369141e+01,2.526530742645263672e+00,-1.594181823730468750e+01
-1.867801094055175781e+01,2.052310705184936523e+00,-1.321494221687316895e+00
6.739536762237548828e+00,-7.230029582977294922e+00,-6.450463086366653442e-02
-1.201127815246582031e+01,5.071933269500732422e-01,1.043140029907226562e+01
-6.007204055786132812e+00,1.399604320526123047e+01,-1.471149349212646484e+01
1.563630962371826172e+01,1.314083194732666016e+01,-4.629267692565917969e+00
-2.200129270553588867e+00,1.927196793258190155e-02,1.422226142883300781e+01
1.567318630218505859e+01,1.318095207214355469e+01,-4.604587078094482422e+00
-7.076446533203125000e+00,8.386618614196777344e+00,1.187469673156738281e+01
-6.351742744445800781e+00,-6.860101699829101562e+00,2.885272026062011719e+00
-9.763527870178222656e+00,1.396660137176513672e+01,2.504015684127807617e+00
1.397919464111328125e+01,1.867986488342285156e+01,7.626495361328125000e+00
7.591074466705322266e+00,9.678357124328613281e+00,-2.752763032913208008e+00
-5.467535182833671570e-02,1.754147911071777344e+01,1.263814544677734375e+01
-8.544117927551269531e+00,5.588674545288085938e+00,-3.181192636489868164e+00
-4.096320867538452148e-01,1.099229431152343750e+01,1.752039718627929688e+01
-9.884675979614257812e+00,1.398276519775390625e+01,2.429687023162841797e+00
-9.532877922058105469e+00,1.370040702819824219e+01,2.641020059585571289e+00
-3.285249233245849609e+00,1.968941307067871094e+01,2.121782541275024414e+00
1.533163642883300781e+01,1.308093833923339844e+01,-5.000912666320800781e+00
3.003915071487426758e+00,3.069563627243041992e+00,-5.243847370147705078e+00
-9.651215553283691406e+00,1.375714111328125000e+01,2.498261451721191406e+00
6.520468235015869141e+00,2.902267217636108398e+00,9.118986129760742188e+00
2.304743051528930664e+00,6.127277374267578125e+00,-2.444352626800537109e+00
4.462031841278076172e+00,-1.513992404937744141e+01,7.950109481811523438e+00
8.497501373291015625e+00,-1.442000675201416016e+01,1.968358635902404785e+00
6.518771648406982422e+00,2.900147914886474609e+00,9.117235183715820312e+00
-1.405317038297653198e-01,1.731919670104980469e+01,1.238029289245605469e+01
-1.308974176645278931e-01,1.744414138793945312e+01,1.224070739746093750e+01
1.551116085052490234e+01,1.301269721984863281e+01,-4.662209987640380859e+00
1.565827560424804688e+01,1.316434097290039062e+01,-4.599369525909423828e+00
-6.095925331115722656e+00,1.392947864532470703e+01,-1.450161457061767578e+01
-6.294136047363281250e+00,1.375447559356689453e+01,-1.469470977783203125e+01
4.832588195800781250e+00,1.583874702453613281e+01,7.128541469573974609e+00
-1.513401418924331665e-01,1.754533767700195312e+01,1.223187255859375000e+01
-1.578644514083862305e+00,8.477069854736328125e+00,-3.237630128860473633e+00
-9.649305343627929688e+00,-3.325017929077148438e+00,-1.152456569671630859e+01
-9.283357858657836914e-01,1.223963499069213867e+00,2.247458839416503906e+01
7.327169179916381836e-01,1.244419097900390625e+01,-2.368287563323974609e+00
1.564995479583740234e+01,1.315209960937500000e+01,-4.781094074249267578e+00
5.102557659149169922e+00,4.531055927276611328e+00,-4.706038475036621094e+00
-4.401813030242919922e+00,-1.001250147819519043e+00,6.257449626922607422e+00
1.557725620269775391e+01,1.306917953491210938e+01,-4.615327358245849609e+00
1.202918410301208496e+00,2.906745910644531250e+00,8.600960969924926758e-01
1.461409211158752441e+00,2.339266395568847656e+01,-7.041980743408203125e+00
-6.785026073455810547e+00,1.935659599304199219e+01,-5.312080860137939453e+00
1.441114902496337891e+00,2.341729736328125000e+01,-7.122898578643798828e+00
-6.799928665161132812e+00,1.921689987182617188e+01,-5.186864376068115234e+00
3.386532366275787354e-01,4.171161174774169922e+00,1.110198736190795898e+00
1.436483502388000488e+00,2.337751197814941406e+01,-6.909996509552001953e+00
1.899047470092773438e+01,3.699953794479370117e+00,1.293783378601074219e+01
5.293316841125488281e+00,-6.165200233459472656e+00,1.468545341491699219e+01
-6.703506946563720703e+00,-8.101040840148925781e+00,1.714836692810058594e+01
1.213689994812011719e+01,-6.392559528350830078e+00,1.202829122543334961e+00
6.538650989532470703e+00,8.718751072883605957e-01,-1.702609825134277344e+01
-1.645960450172424316e+00,-1.640476346015930176e+00,-2.981287240982055664e+00
-9.350095987319946289e-01,5.174784660339355469e+00,7.046684741973876953e+00
1.377573394775390625e+01,4.440396308898925781e+00,-1.278652954101562500e+01
1.410912036895751953e+01,4.261704921722412109e+00,-1.264696311950683594e+01
-7.073302745819091797e+00,8.383485794067382812e+00,1.187278366088867188e+01
1.389979934692382812e+01,-4.527526378631591797e+00,-1.458229827880859375e+01
-8.649602890014648438e+00,-7.092749595642089844e+00,-1.189056038856506348e+00
3.633070290088653564e-01,-7.930335044860839844e+00,-4.482106685638427734e+00
1.531129455566406250e+01,-1.167323875427246094e+01,5.937856197357177734e+00
-1.629874992370605469e+01,-4.478324890136718750e+00,-2.456581592559814453e+00
-1.632168579101562500e+01,-4.499554634094238281e+00,-2.479494571685791016e+00
8.173171997070312500e+00,-1.894299983978271484e-01,1.632280921936035156e+01
-1.522402858734130859e+01,4.099464416503906250e+00,-7.683645725250244141e+00
-1.872122764587402344e+01,2.096385955810546875e+00,-1.277215957641601562e+00
1.898877716064453125e+01,3.706436872482299805e+00,1.293568515777587891e+01
-5.226993560791015625e+00,5.457335472106933594e+00,-1.835483932495117188e+01
1.210588836669921875e+01,1.705343437194824219e+01,8.870871663093566895e-01
1.362151718139648438e+01,1.829843521118164062e+01,7.986838817596435547e+00
-6.885433197021484375e-02,3.969120502471923828e+00,1.710712194442749023e+00
1.052408695220947266e+01,9.512393951416015625e+00,1.168513679504394531e+01
1.218369245529174805e+00,-1.178531646728515625e+01,8.859868049621582031e-01
1.516461277008056641e+01,9.766436219215393066e-01,7.789578437805175781e+00
1.036461162567138672e+01,9.372981071472167969e+00,1.184564304351806641e+01
-9.357236027717590332e-01,1.230765342712402344e+00,2.248228836059570312e+01
-6.701270103454589844e+00,1.932668113708496094e+01,-5.275607585906982422e+00
-8.380787849426269531e+00,1.031884098052978516e+01,7.106791496276855469e+00
-6.730925559997558594e+00,1.930225753784179688e+01,-5.248444557189941406e+00
-9.602467536926269531e+00,-3.313461065292358398e+00,-1.158285999298095703e+01
4.987773597240447998e-01,1.193965053558349609e+01,-2.404494524002075195e+00
4.077591300010681152e-01,1.174424648284912109e+01,-2.400904655456542969e+00
-1.113058471679687500e+01,-9.417619556188583374e-02,-4.701321601867675781e+00
-6.314133644104003906e+00,-6.894296646118164062e+00,2.850976228713989258e+00
8.408068656921386719e+00,1.789656448364257812e+01,-2.781737565994262695e+00
8.081371307373046875e+00,-9.712723642587661743e-02,1.630998420715332031e+01
6.203200221061706543e-01,4.991652011871337891e+00,5.107353627681732178e-02
-1.877915382385253906e+01,2.034232616424560547e+00,-1.339819312095642090e+00
3.645169436931610107e-01,-7.929131031036376953e+00,-4.483336925506591797e+00
3.575352132320404053e-01,-7.936131000518798828e+00,-4.476349830627441406e+00
1.389478302001953125e+01,4.514737129211425781e+00,-1.279431247711181641e+01
-6.813182234764099121e-01,1.082114601135253906e+01,1.771314048767089844e+01
-6.350461483001708984e+00,-6.858894348144531250e+00,2.886544466018676758e+00
-6.258683204650878906e+00,1.378823852539062500e+01,-1.468115234375000000e+01
-4.779149591922760010e-01,7.996061325073242188e+00,-1.203749850392341614e-01
-4.779573976993560791e-01,7.996075630187988281e+00,-1.204115599393844604e-01
8.580161094665527344e+00,1.776109504699707031e+01,-4.177372455596923828e+00
1.377758789062500000e+01,4.528439998626708984e+00,-1.260200405120849609e+01
1.531962108612060547e+01,-1.167683506011962891e+01,5.931971549987792969e+00
1.381473159790039062e+01,1.848892784118652344e+01,7.840306282043457031e+00
2.205029296875000000e+01,9.096140861511230469e+00,-7.188777446746826172e+00
-1.376203179359436035e+00,-6.087378978729248047e+00,-9.097070693969726562e+00
-1.377585411071777344e+00,-6.087776660919189453e+00,-9.098346710205078125e+00
1.485979080200195312e+01,-8.473468780517578125e+00,-5.903358459472656250e+00
5.543037414550781250e+00,-5.304226398468017578e+00,-1.694048309326171875e+01
1.480039978027343750e+01,-8.473428726196289062e+00,-5.962933540344238281e+00
8.139081954956054688e+00,-1.551636457443237305e-01,1.635509872436523438e+01
7.251606583595275879e-01,1.243264865875244141e+01,-2.365937709808349609e+00
1.550491333007812500e+01,1.300588607788085938e+01,-4.672699451446533203e+00
1.771239280700683594e+01,-3.409390151500701904e-01,-4.588462352752685547e+00
-5.226814270019531250e+00,5.457704544067382812e+00,-1.835442543029785156e+01
1.210621356964111328e+01,1.705303764343261719e+01,8.874555230140686035e-01
8.630270957946777344e+00,1.884348869323730469e+01,-3.254033803939819336e+00
8.361450195312500000e+00,1.779230690002441406e+01,-2.890983581542968750e+00
-2.535870075225830078e+00,7.057043164968490601e-02,1.425956916809082031e+01
6.739283084869384766e+00,-7.230377197265625000e+00,-6.431259959936141968e-02
-5.226505279541015625e+00,5.455523490905761719e+00,-1.835670280456542969e+01
4.863273143768310547e+00,1.581053924560546875e+01,7.159040451049804688e+00
-1.589647531509399414e+00,8.471075057983398438e+00,-3.247765064239501953e+00
-5.919384479522705078e+00,1.417165756225585938e+01,-1.485873985290527344e+01
1.368237376213073730e+00,2.349449539184570312e+01,-7.026313781738281250e+00
-7.082226276397705078e+00,4.312776565551757812e+00,6.308713912963867188e+00
-3.686797991394996643e-02,1.738032341003417969e+01,1.221006774902343750e+01
1.554853916168212891e+01,1.305197525024414062e+01,-4.740901470184326172e+00
8.007925152778625488e-01,2.314447879791259766e+00,-1.266420632600784302e-01
-4.376162528991699219e+00,-1.288972854614257812e+01,6.319045066833496094e+00
-4.265045642852783203e+00,-1.298184680938720703e+01,-1.441994428634643555e+00
-1.234247907996177673e-01,1.754179573059082031e+01,1.219252777099609375e+01
-3.282967805862426758e+00,1.969214820861816406e+01,2.119180917739868164e+00
-3.528940677642822266e-02,1.754851531982421875e+01,1.266811752319335938e+01
-1.113295745849609375e+01,-1.140871718525886536e-01,-4.698464393615722656e+00
1.199348092079162598e+00,6.380730152130126953e+00,2.575581789016723633e+00
4.364198684692382812e+00,6.490514278411865234e+00,-1.783619499206542969e+01
-1.875104522705078125e+01,2.069711446762084961e+00,-1.303792715072631836e+00
1.383350467681884766e+01,4.649191379547119141e+00,-1.259761619567871094e+01
2.205323410034179688e+01,9.099110603332519531e+00,-7.185828685760498047e+00
2.890032052993774414e+00,-1.007804155349731445e+00,3.309419870376586914e+00
4.906783580780029297e+00,1.576941871643066406e+01,7.205892086029052734e+00
1.073065185546875000e+01,4.718871593475341797e+00,1.834234428405761719e+01
1.424274730682373047e+01,1.880805969238281250e+01,7.796326637268066406e+00
-4.281524658203125000e+00,2.056590318679809570e+00,-9.962920188903808594e+00
1.384166622161865234e+01,4.639541625976562500e+00,-1.261529827117919922e+01
-1.239733982086181641e+01,-2.445377826690673828e+00,4.223196506500244141e+00
8.425889611244201660e-01,2.085158586502075195e+00,-2.643731534481048584e-01
8.117938637733459473e-01,2.055706977844238281e+00,-2.320724278688430786e-01
1.015991020202636719e+01,-1.366259670257568359e+01,-4.217381000518798828e+00
1.872644042968750000e+01,-6.976612091064453125e+00,4.717609882354736328e+00
-1.338962650299072266e+01,4.399929046630859375e+00,1.957641363143920898e+00
1.872508430480957031e+01,-7.039971828460693359e+00,4.728899002075195312e+00
2.056062126159667969e+01,1.306789517402648926e+00,3.884471654891967773e+00
1.593944668769836426e+00,2.326260185241699219e+01,-6.985173225402832031e+00
2.785819768905639648e+00,-9.139626502990722656e+00,-1.535770320892333984e+01
2.089698600769042969e+01,1.078843593597412109e+01,2.554751634597778320e+00
8.436740875244140625e+00,1.782858085632324219e+01,-2.977897882461547852e+00
-6.078476905822753906e+00,1.394035530090332031e+01,-1.453764533996582031e+01
-2.846547663211822510e-01,1.739331245422363281e+01,1.248126697540283203e+01
1.566520786285400391e+01,1.317396068572998047e+01,-4.605275154113769531e+00
-6.350894451141357422e+00,-6.859406471252441406e+00,2.886003017425537109e+00
1.068315887451171875e+01,4.671261787414550781e+00,1.838962745666503906e+01
3.512675046920776367e+00,4.406672954559326172e+00,-8.167088627815246582e-01
1.553073787689208984e+01,1.302692699432373047e+01,-4.741162776947021484e+00
-1.376670598983764648e+00,-6.086741924285888672e+00,-9.097941398620605469e+00
5.492802619934082031e+00,1.894683599472045898e+00,-4.313425064086914062e+00
1.551266860961914062e+01,1.301672840118408203e+01,-4.681158542633056641e+00
1.597735285758972168e+00,7.527708053588867188e+00,4.457466602325439453e+00
-4.406834125518798828e+00,-1.007067441940307617e+00,6.253289222717285156e+00
-6.734907150268554688e+00,1.925813102722167969e+01,-5.190785884857177734e+00
2.106751060485839844e+01,8.066407203674316406e+00,8.843511581420898438e+00
1.405794978141784668e+00,2.340620803833007812e+01,-6.894741058349609375e+00
5.295464038848876953e+00,-6.158799648284912109e+00,1.468832874298095703e+01
6.739363670349121094e+00,-7.230389118194580078e+00,-6.445084512233734131e-02
2.522328376770019531e+00,1.801774215698242188e+01,1.228791236877441406e+00
4.235872268676757812e+00,6.344010353088378906e+00,-1.774470138549804688e+01
-1.241110706329345703e+01,-2.436269283294677734e+00,4.210432529449462891e+00
-1.243456268310546875e+01,-2.413509368896484375e+00,4.188212394714355469e+00
3.920805931091308594e+00,-1.236432170867919922e+01,-9.591462135314941406e+00
1.073384666442871094e+01,4.722653865814208984e+00,1.833897018432617188e+01
1.415733242034912109e+01,-2.235023498535156250e+00,1.478030204772949219e+01
3.703154325485229492e-01,-7.923357486724853516e+00,-4.489114284515380859e+00
-9.439399838447570801e-01,1.239132165908813477e+00,2.249035263061523438e+01
-1.525005245208740234e+01,4.102449417114257812e+00,-7.657285213470458984e+00
6.537498474121093750e+00,8.720096349716186523e-01,-1.702545166015625000e+01
-1.635556221008300781e+01,7.217463016510009766e+00,8.041770935058593750e+00
6.743605613708496094e+00,-7.226174831390380859e+00,-6.872269511222839355e-02
-1.635103416442871094e+01,7.219389438629150391e+00,8.037240028381347656e+00
2.367404699325561523e+00,6.058607101440429688e+00,-2.385488748550415039e+00
-1.159297084808349609e+01,5.417097568511962891e+00,1.463431644439697266e+01
2.179426002502441406e+01,-4.040811538696289062e+00,-1.093508362770080566e+00
1.211089372634887695e+00,-1.186396312713623047e+01,8.674753904342651367e-01
1.073014736175537109e+01,4.718699932098388672e+00,1.834254074096679688e+01
-1.179693889617919922e+01,1.058975505828857422e+01,-8.066873550415039062e+00
1.359005355834960938e+01,1.830260276794433594e+01,7.986502647399902344e+00
1.206640338897705078e+01,1.709136199951171875e+01,8.480402231216430664e-01
6.346569538116455078e+00,1.119359207153320312e+01,-6.901427268981933594e+00
2.051983261108398438e+01,1.348331451416015625e+00,3.925535202026367188e+00
4.152291774749755859e+00,5.205003261566162109e+00,-2.156064748764038086e+00
-9.230625629425048828e-01,5.161273956298828125e+00,7.058189868927001953e+00
-2.758904695510864258e+00,-7.732160091400146484e+00,9.364537239074707031e+00
5.538256168365478516e+00,-5.308490276336669922e+00,-1.694376564025878906e+01
-1.420514881610870361e-01,-1.284049034118652344e+01,1.382979202270507812e+01
4.297613143920898438e+00,6.403671264648437500e+00,-1.780199432373046875e+01
-1.635620117187500000e+01,7.215023040771484375e+00,8.042407035827636719e+00
-1.179199981689453125e+01,1.059328079223632812e+01,-8.063614845275878906e+00
8.700876235961914062e+00,1.891952133178710938e+01,-3.326090335845947266e+00
-1.632615852355957031e+01,-4.504076004028320312e+00,-2.484004497528076172e+00
1.108454895019531250e+01,-3.986443519592285156e+00,-5.451658248901367188e+00
5.537816524505615234e+00,-5.308959960937500000e+00,-1.694326782226562500e+01
3.661576211452484131e-01,-7.927525520324707031e+00,-4.484975814819335938e+00
3.921139717102050781e+00,-1.236175727844238281e+01,-9.649900436401367188e+00
-5.104914188385009766e+00,3.152659177780151367e+00,1.508716344833374023e+00
8.535369873046875000e+00,1.796036720275878906e+01,-2.723255872726440430e+00
4.303978443145751953e+00,5.404079914093017578e+00,-4.139735221862792969e+00
4.308047771453857422e+00,5.399678230285644531e+00,-4.135341644287109375e+00
-6.667856693267822266e+00,-8.137200355529785156e+00,1.718478012084960938e+01
-9.741815567016601562e+00,1.382260704040527344e+01,2.397921800613403320e+00
1.390652179718017578e+01,4.534252166748046875e+00,-1.276044845581054688e+01
1.538353824615478516e+01,1.286893844604492188e+01,-4.836972713470458984e+00
4.105283260345458984e+00,1.411281204223632812e+01,1.321615576744079590e+00
8.443038940429687500e+00,1.786888694763183594e+01,-2.813271522521972656e+00
9.793123245239257812e+00,-8.858295440673828125e+00,-9.197504043579101562e+00
-1.035058975219726562e+01,-8.539293289184570312e+00,-7.962873935699462891e+00
1.361262035369873047e+01,1.833138656616210938e+01,7.974516391754150391e+00
1.646340560913085938e+01,-6.633627414703369141e+00,1.166836071014404297e+01
-6.734747886657714844e+00,1.925641250610351562e+01,-5.189013481140136719e+00
1.528138518333435059e+00,2.331988906860351562e+01,-7.000127792358398438e+00
-1.868643951416015625e+01,2.051985263824462891e+00,-1.321707487106323242e+00
-4.248685836791992188e+00,-1.296422767639160156e+01,-1.453192591667175293e+00
-9.594193696975708008e-01,3.230426788330078125e+00,8.782578706741333008e-01
8.445631980895996094e+00,-1.446912002563476562e+01,1.919403910636901855e+00
-1.657801568508148193e-01,8.163132667541503906e+00,3.304312467575073242e+00
4.862470149993896484e+00,1.581132316589355469e+01,7.158857345581054688e+00
1.371430206298828125e+01,4.398722648620605469e+00,-1.263603115081787109e+01
9.432977676391601562e+00,1.238215732574462891e+01,-1.154700469970703125e+01
6.340920925140380859e-01,5.006749153137207031e+00,2.449877560138702393e-02
-1.603362262248992920e-01,1.768283081054687500e+01,1.251160526275634766e+01
-1.644919872283935547e+00,-1.638911604881286621e+00,-2.980065822601318359e+00
8.685582160949707031e+00,1.890168762207031250e+01,-3.309497833251953125e+00
1.356094646453857422e+01,1.827528953552246094e+01,8.022242546081542969e+00
-5.207613468170166016e+00,5.437171459197998047e+00,-1.837600326538085938e+01
4.337641239166259766e+00,6.407045841217041016e+00,-1.787864303588867188e+01
2.114251327514648438e+01,7.991365432739257812e+00,8.768661499023437500e+00
8.577486038208007812e+00,1.828642845153808594e+01,-3.163260459899902344e+00
-9.304600358009338379e-01,1.225525259971618652e+00,2.247675704956054688e+01
-1.139476224780082703e-01,-1.286656570434570312e+01,1.380153560638427734e+01
-9.438604712486267090e-01,1.239045143127441406e+00,2.249010848999023438e+01
1.479181575775146484e+01,-8.483843803405761719e+00,-5.971012115478515625e+00
-8.651695251464843750e+00,-7.091987609863281250e+00,-1.188190698623657227e+00
9.075436592102050781e+00,8.865339279174804688e+00,2.674585342407226562e+00
-5.854215025901794434e-01,1.079442787170410156e+01,1.749788093566894531e+01
-9.639731407165527344e+00,-3.334030151367187500e+00,-1.153400135040283203e+01
-2.783613443374633789e+00,-1.499009132385253906e-01,1.467270088195800781e+01
1.898962783813476562e+01,3.700964212417602539e+00,1.293779945373535156e+01
-2.782305717468261719e+00,-1.541153937578201294e-01,1.463596343994140625e+01
-2.758531093597412109e+00,-7.732408046722412109e+00,9.364757537841796875e+00
1.068766880035400391e+01,4.681247234344482422e+00,1.831595420837402344e+01
-3.387999534606933594e-01,1.108485698699951172e+01,1.759276008605957031e+01
-2.844904661178588867e+00,-1.275677585601806641e+01,-9.031305313110351562e+00
-1.202085590362548828e+01,5.004932880401611328e-01,1.043860626220703125e+01
6.405886173248291016e+00,4.549283504486083984e+00,4.580471992492675781e+00
2.691823482513427734e+00,5.653500556945800781e+00,1.984221458435058594e+01
-1.077275753021240234e+01,-5.566611289978027344e+00,1.086102390289306641e+01
1.034197902679443359e+01,9.354570388793945312e+00,1.186851024627685547e+01
6.537555694580078125e+00,8.727818727493286133e-01,-1.702579689025878906e+01
-2.141148567199707031e+00,1.378149725496768951e-02,1.424312114715576172e+01
5.299045085906982422e+00,-6.162787437438964844e+00,1.469025993347167969e+01
7.147809982299804688e+00,9.007181167602539062e+00,-7.625733017921447754e-01
1.864058494567871094e+01,-6.939918994903564453e+00,4.803127765655517578e+00
-1.181825447082519531e+01,-1.164013195037841797e+01,5.575372695922851562e+00
2.106276702880859375e+01,8.070763587951660156e+00,8.848286628723144531e+00
2.905710220336914062e+00,-9.923487901687622070e-01,3.293894767761230469e+00
-5.067079067230224609e-01,4.866369724273681641e+00,9.911513328552246094e-01
-6.056210994720458984e+00,1.404974460601806641e+01,-1.481568527221679688e+01
-5.241495609283447266e+00,1.096532058715820312e+01,-5.200480461120605469e+00
-3.326931476593017578e+00,1.964845657348632812e+01,2.163005113601684570e+00
-1.606053471565246582e+00,8.453172683715820312e+00,-3.264674425125122070e+00
-6.018410250544548035e-02,1.718121910095214844e+01,1.235394573211669922e+01
-4.335318088531494141e+00,-1.283830451965332031e+01,6.324559211730957031e+00
-1.048966121673583984e+01,-8.660340309143066406e+00,-8.048308372497558594e+00
1.548607158660888672e+01,1.299319171905517578e+01,-4.780374050140380859e+00
2.690396308898925781e+00,5.654923439025878906e+00,1.984079170227050781e+01
-3.276725292205810547e+00,1.969841194152832031e+01,2.112854719161987305e+00
1.373001670837402344e+01,1.866025161743164062e+01,7.399453163146972656e+00
1.530398273468017578e+01,1.308310890197753906e+01,-5.037552833557128906e+00
-2.761944197118282318e-02,1.713079261779785156e+01,1.232958507537841797e+01
1.554668521881103516e+01,6.249883174896240234e+00,6.110252857208251953e+00
-9.496020674705505371e-01,3.541357219219207764e-01,3.199049949645996094e+00
2.509711503982543945e+00,1.803308296203613281e+01,1.215609550476074219e+00
2.480054616928100586e+00,1.800046730041503906e+01,1.189078927040100098e+00
1.009589958190917969e+01,-1.114847660064697266e+01,1.002926921844482422e+01
-1.201737597584724426e-01,-1.286149120330810547e+01,1.380757522583007812e+01
1.380399227142333984e+01,1.849565696716308594e+01,7.764983177185058594e+00
1.482954120635986328e+01,-8.445720672607421875e+00,-5.933523654937744141e+00
-4.217298984527587891e+00,-1.293248462677001953e+01,-1.485038757324218750e+00
1.873657226562500000e+01,-6.936568260192871094e+00,4.679911136627197266e+00
-9.690881520509719849e-02,-5.844513893127441406e+00,9.744231104850769043e-01
-1.296428292989730835e-01,1.751258277893066406e+01,1.233664417266845703e+01
6.346478939056396484e+00,1.119238567352294922e+01,-6.900709152221679688e+00
1.432222723960876465e+00,2.339394760131835938e+01,-6.889507770538330078e+00
-3.180570900440216064e-02,1.715321540832519531e+01,1.235898876190185547e+01
1.356967735290527344e+01,1.827666664123535156e+01,8.017287254333496094e+00
6.743434429168701172e+00,-7.226518630981445312e+00,-6.859906762838363647e-02
-1.873637390136718750e+01,2.066086769104003906e+00,-1.307570576667785645e+00
1.481154346466064453e+01,-8.428448677062988281e+00,-5.951546669006347656e+00
6.175767898559570312e+00,5.890007495880126953e+00,5.386376857757568359e+00
6.279314041137695312e+00,4.666431903839111328e+00,6.322627544403076172e+00
-7.090883255004882812e+00,4.304554462432861328e+00,6.313578605651855469e+00
9.436703681945800781e+00,1.238570499420166016e+01,-1.154822254180908203e+01
9.792797088623046875e+00,-8.858792304992675781e+00,-9.197670936584472656e+00
-1.090729385614395142e-01,-1.287243366241455078e+01,1.379653835296630859e+01
3.657946884632110596e-01,-7.927897930145263672e+00,-4.484656333923339844e+00
-1.339084911346435547e+01,4.400780677795410156e+00,1.961267709732055664e+00
-1.680832672119140625e+01,1.080261611938476562e+01,-2.834182500839233398e+00
1.372575855255126953e+01,1.847847938537597656e+01,7.819424152374267578e+00
1.382237911224365234e+01,1.855029106140136719e+01,7.801518917083740234e+00
2.790563344955444336e+00,-9.138002395629882812e+00,-1.535300254821777344e+01
-4.354454040527343750e+00,-1.286723136901855469e+01,6.303302764892578125e+00
4.498131752014160156e+00,-1.517589378356933594e+01,7.913996219635009766e+00
1.216563224792480469e+01,-6.383261680603027344e+00,1.180098056793212891e+00
5.606008529663085938e+00,-5.237563610076904297e+00,-1.694849777221679688e+01
1.206253242492675781e+01,1.709514999389648438e+01,8.444935679435729980e-01
-8.118856549263000488e-01,9.327147483825683594e+00,3.977843523025512695e+00
-3.262678384780883789e+00,1.971260070800781250e+01,2.098757982254028320e+00
9.758658409118652344e+00,-8.893153190612792969e+00,-9.231587409973144531e+00
1.516056060791015625e+01,9.802871346473693848e-01,7.793020725250244141e+00
4.407522678375244141e+00,6.396262168884277344e+00,-1.790702819824218750e+01
-6.341188430786132812e+00,-6.851773262023925781e+00,2.892787933349609375e+00
-8.338415622711181641e-01,9.287024497985839844e+00,3.892176628112792969e+00
1.961492538452148438e+01,2.621829032897949219e+00,-1.448464202880859375e+01
1.022277069091796875e+01,-1.372909355163574219e+01,-4.153447628021240234e+00
2.787544250488281250e+00,-9.141207695007324219e+00,-1.535607528686523438e+01
6.347352027893066406e+00,1.119271659851074219e+01,-6.900529384613037109e+00
-2.540199518203735352e+00,9.970676153898239136e-02,1.431247997283935547e+01
8.414578437805175781e+00,1.791326141357421875e+01,-2.752984523773193359e+00
-5.821601867675781250e+00,1.423351955413818359e+01,-1.494531154632568359e+01
-6.295825958251953125e+00,1.374858474731445312e+01,-1.469197559356689453e+01
1.867654800415039062e+01,-7.020977973937988281e+00,4.767165660858154297e+00
1.554653453826904297e+01,6.249725818634033203e+00,6.110282897949218750e+00
-6.061766147613525391e+00,1.394503879547119141e+01,-1.449527454376220703e+01
8.460062980651855469e+00,1.788491249084472656e+01,-2.793981552124023438e+00
1.367727279663085938e+01,4.403221130371093750e+00,-1.274089431762695312e+01
-9.854191780090332031e+00,1.392554092407226562e+01,2.451941967010498047e+00
-8.296167850494384766e-01,5.070757389068603516e+00,7.014601707458496094e+00
-5.194575786590576172e+00,5.423683643341064453e+00,-1.838852119445800781e+01
-5.907137393951416016e+00,1.408071231842041016e+01,-1.468905544281005859e+01
-5.228609085083007812e+00,1.098374938964843750e+01,-5.185104846954345703e+00
-5.227272033691406250e+00,1.098503303527832031e+01,-5.184012413024902344e+00
2.703062057495117188e+00,1.755452156066894531e+01,1.323129653930664062e+00
5.882537364959716797e+00,9.861267089843750000e+00,-5.617806911468505859e+00
4.064941883087158203e+00,1.418938827514648438e+01,1.336845874786376953e+00
-5.215714931488037109e+00,1.099842739105224609e+01,-5.171037197113037109e+00
-6.023350715637207031e+00,1.407820129394531250e+01,-1.484379482269287109e+01
-6.114644527435302734e+00,1.391301441192626953e+01,-1.451156425476074219e+01
2.890703439712524414e+00,-1.006837844848632812e+00,3.308493614196777344e+00
8.442532539367675781e+00,1.786548995971679688e+01,-2.810660600662231445e+00
3.955760717391967773e+00,-1.232869911193847656e+01,-9.628962516784667969e+00
6.526232242584228516e+00,8.780484199523925781e-01,-1.700091934204101562e+01
-6.050674438476562500e+00,1.404579639434814453e+01,-1.475093555450439453e+01
9.441678047180175781e+00,1.239057826995849609e+01,-1.155553531646728516e+01
1.516323661804199219e+01,9.776906371116638184e-01,7.790401935577392578e+00
2.591662883758544922e+00,5.172499179840087891e+00,-3.288192510604858398e+00
-6.000223636627197266e+00,1.407479572296142578e+01,-1.470996284484863281e+01
-6.051867485046386719e+00,1.405364704132080078e+01,-1.484501838684082031e+01
-5.246721267700195312e+00,1.099063396453857422e+01,-5.177573204040527344e+00
1.557570266723632812e+01,1.308339023590087891e+01,-4.726702690124511719e+00
4.463916301727294922e+00,6.582039356231689453e+00,-1.792125511169433594e+01
1.963531303405761719e+01,2.564694166183471680e+00,-1.446543025970458984e+01
4.203882217407226562e+00,6.321865081787109375e+00,-1.771210861206054688e+01
1.169874429702758789e+00,6.427476882934570312e+00,2.616089582443237305e+00
-1.585000514984130859e+00,8.469359397888183594e+00,-3.246590852737426758e+00
-1.240918827056884766e+01,-2.440073490142822266e+00,4.213592529296875000e+00
1.387023830413818359e+01,-4.501016139984130859e+00,-1.458714771270751953e+01
-8.380302429199218750e+00,1.031829738616943359e+01,7.106487274169921875e+00
1.597910165786743164e+00,2.325205230712890625e+01,-6.969625949859619141e+00
1.069800376892089844e+01,4.687280178070068359e+00,1.837292671203613281e+01
-1.339509296417236328e+01,4.404634475708007812e+00,1.963525414466857910e+00
1.203079509735107422e+01,1.712687110900878906e+01,8.126724958419799805e-01
-4.402494907379150391e+00,-1.002522706985473633e+00,6.256624221801757812e+00
-5.964579105377197266e+00,1.406299781799316406e+01,-1.474133110046386719e+01
-9.682939529418945312e+00,1.384046745300292969e+01,2.519615411758422852e+00
3.940048933029174805e+00,-1.234445381164550781e+01,-9.612539291381835938e+00
-6.573892235755920410e-01,4.370369911193847656e+00,7.538539767265319824e-01
-2.733399868011474609e+00,-7.757252216339111328e+00,9.389347076416015625e+00
4.095180988311767578e+00,3.131406903266906738e-01,2.466231107711791992e+00
9.092474937438964844e+00,8.081754684448242188e+00,-1.083361339569091797e+01
9.782156944274902344e+00,-3.518311500549316406e+00,8.052415847778320312e+00
1.372632503509521484e+01,1.866798400878906250e+01,7.373978137969970703e+00
1.184860348701477051e+00,-1.182090473175048828e+01,9.100925326347351074e-01
1.541014385223388672e+01,1.287827491760253906e+01,-4.813449382781982422e+00
1.560233306884765625e+01,1.307891273498535156e+01,-4.639192104339599609e+00
-2.781018018722534180e-01,1.748983764648437500e+01,1.229911231994628906e+01
-1.520506954193115234e+01,4.119854927062988281e+00,-7.702379226684570312e+00
2.057886123657226562e+01,1.218923449516296387e+00,3.866257905960083008e+00
2.061596679687500000e+01,1.251027584075927734e+00,3.829050064086914062e+00
8.430275917053222656e-01,2.085066795349121094e+00,-2.641799449920654297e-01
1.202854275703430176e+00,2.906869411468505859e+00,8.597941994667053223e-01
6.758451461791992188e+00,-7.213249683380126953e+00,-8.488494157791137695e-02
6.518928527832031250e+00,2.900702953338623047e+00,9.117395401000976562e+00
7.255533337593078613e-01,1.243217658996582031e+01,-2.366360902786254883e+00
4.264657020568847656e+00,6.368334770202636719e+00,-1.779198646545410156e+01
1.515888404846191406e+01,9.820777773857116699e-01,7.794903755187988281e+00
2.784085988998413086e+00,-9.143957138061523438e+00,-1.535951423645019531e+01
4.340961933135986328e+00,6.454049110412597656e+00,-1.781812095642089844e+01
-1.372025012969970703e+00,-6.082033157348632812e+00,-9.093693733215332031e+00
1.531127643585205078e+01,-1.167048740386962891e+01,5.940034389495849609e+00
1.554839134216308594e+01,6.251558780670166016e+00,6.112186908721923828e+00
1.390324592590332031e+00,2.346984863281250000e+01,-7.019380092620849609e+00
8.443165779113769531e+00,-1.447183704376220703e+01,1.921745419502258301e+00
6.725865364074707031e+00,5.176617145538330078e+00,5.025317668914794922e+00
-4.257691502571105957e-01,1.742768096923828125e+01,1.227014255523681641e+01
6.342593669891357422e+00,1.119445133209228516e+01,-6.902783393859863281e+00
1.529931735992431641e+01,-1.165774822235107422e+01,5.952481269836425781e+00
6.348384857177734375e+00,1.115709686279296875e+01,-6.858984947204589844e+00
2.693466186523437500e+00,5.651846885681152344e+00,1.984387397766113281e+01
5.801834583282470703e+00,9.736011505126953125e+00,-5.536874294281005859e+00
-1.630906295776367188e+01,-4.486714363098144531e+00,-2.466917276382446289e+00
1.529722690582275391e+00,2.332341957092285156e+01,-7.000394821166992188e+00
-1.159188652038574219e+01,5.416018486022949219e+00,1.463324165344238281e+01
-9.555884361267089844e+00,1.371115875244140625e+01,2.614466428756713867e+00
8.383309364318847656e+00,-1.850293278694152832e+00,1.458514451980590820e+00
9.943809509277343750e+00,9.268548011779785156e+00,1.114303398132324219e+01
-1.159010314941406250e+01,5.414240837097167969e+00,1.463147354125976562e+01
4.171844005584716797e+00,6.289277553558349609e+00,-1.769867515563964844e+01
4.001919269561767578e+00,1.435833454132080078e+01,1.307072877883911133e+00
-2.350942134857177734e+00,-2.199287176132202148e+00,-1.804596138000488281e+01
-1.181389522552490234e+01,1.060382652282714844e+01,-8.051507949829101562e+00
-1.685586738586425781e+01,1.085000514984130859e+01,-2.881301164627075195e+00
4.543687820434570312e+00,-1.522103118896484375e+01,7.868396282196044922e+00
1.642470550537109375e+01,-6.588472843170166016e+00,1.170690536499023438e+01
8.413995742797851562e+00,-1.450229644775390625e+01,1.949345707893371582e+00
1.772748947143554688e+01,-3.559819757938385010e-01,-4.603453636169433594e+00
-4.174377918243408203e+00,1.950509428977966309e+00,-1.006901645660400391e+01
-9.215027689933776855e-01,1.216675281524658203e+00,2.246745300292968750e+01
2.061341857910156250e+01,1.253776788711547852e+00,3.831693887710571289e+00
1.901117706298828125e+01,5.715110778808593750e+00,-2.576945304870605469e+00
2.093327713012695312e+01,1.075195503234863281e+01,2.526320934295654297e+00
8.044257164001464844e+00,-1.688153743743896484e+00,1.364488720893859863e+00
1.410567474365234375e+01,-2.183340787887573242e+00,1.473094272613525391e+01
-1.337492084503173828e+01,4.410789489746093750e+00,1.951373577117919922e+00
2.096637535095214844e+01,1.071897602081298828e+01,2.493582963943481445e+00
9.091143608093261719e+00,8.081702232360839844e+00,-1.083235931396484375e+01
4.064996719360351562e+00,1.418934726715087891e+01,1.336827754974365234e+00
-2.680198907852172852e+00,3.251827880740165710e-02,1.384733963012695312e+01
-2.787158250808715820e+00,-1.428756713867187500e-01,1.463610553741455078e+01
-2.673403739929199219e+00,3.409263491630554199e-02,1.386403942108154297e+01
1.964155769348144531e+01,2.624717235565185547e+00,-1.445920276641845703e+01
1.391617584228515625e+01,1.861867523193359375e+01,7.689616680145263672e+00
3.220721721649169922e+00,-3.086059570312500000e+00,-8.960138320922851562e+00
4.517427921295166016e+00,3.100406169891357422e+00,-1.245250105857849121e+00
4.396908581256866455e-01,-7.854023456573486328e+00,-4.557923316955566406e+00
5.100102424621582031e+00,1.137268924713134766e+01,-1.398523449897766113e+00
1.395303821563720703e+01,1.855872154235839844e+01,7.645260334014892578e+00
7.592268943786621094e+00,9.677267074584960938e+00,-2.751632928848266602e+00
-1.686321830749511719e+01,1.085671043395996094e+01,-2.888282537460327148e+00
-5.344492569565773010e-02,1.740510368347167969e+01,1.224722099304199219e+01
-1.175997257232666016e-01,1.739008522033691406e+01,1.265982246398925781e+01
-1.074364280700683594e+01,-5.561522960662841797e+00,1.089418697357177734e+01
-5.795386433601379395e-01,1.078335189819335938e+01,1.750473785400390625e+01
-1.182765769958496094e+01,-1.162647342681884766e+01,5.563610076904296875e+00
1.364854431152343750e+01,1.836989974975585938e+01,7.890360355377197266e+00
1.017445755004882812e+01,-1.367390727996826172e+01,-4.202834129333496094e+00
8.347904205322265625e+00,1.786976623535156250e+01,-2.731110334396362305e+00
-4.307744979858398438e+00,-1.282018661499023438e+01,6.349868774414062500e+00
3.189294099807739258e+00,6.000269889831542969e+00,-2.034934043884277344e+00
-3.984741270542144775e-01,1.100520229339599609e+01,1.751925277709960938e+01
8.533746719360351562e+00,1.778633308410644531e+01,-2.892620563507080078e+00
-1.339344310760498047e+01,4.392569065093994141e+00,1.969622492790222168e+00
-7.135188579559326172e-01,1.072558784484863281e+01,1.766749382019042969e+01
-8.652160644531250000e+00,-7.095142364501953125e+00,-1.191419363021850586e+00
1.389940452575683594e+01,-4.512902259826660156e+00,-1.457484245300292969e+01
-1.872676849365234375e+01,2.056277513504028320e+00,-1.317574143409729004e+00
2.170480537414550781e+01,-3.989122867584228516e+00,-1.004892945289611816e+00
4.021299839019775391e+00,-5.385171413421630859e+00,7.323053359985351562e+00
2.099628067016601562e+01,1.068902492523193359e+01,2.463687181472778320e+00
-5.942449092864990234e+00,1.402481555938720703e+01,-1.431913089752197266e+01
1.899344635009765625e+01,3.698941469192504883e+00,1.294175815582275391e+01
4.021668910980224609e+00,-5.384783267974853516e+00,7.323404788970947266e+00
-1.098038959503173828e+01,2.526587963104248047e+00,-1.594161510467529297e+01
1.365837764739990234e+01,4.362381458282470703e+00,-1.277710342407226562e+01
-2.355460643768310547e+00,-2.203651905059814453e+00,-1.804830741882324219e+01
1.483783531188964844e+01,-8.453685760498046875e+00,-5.925414085388183594e+00
-2.715058565139770508e+00,-7.775626659393310547e+00,9.407444000244140625e+00
-6.671197891235351562e+00,-8.134014129638671875e+00,1.718123054504394531e+01
-4.242855548858642578e+00,-1.295813179016113281e+01,-1.468495965003967285e+00
-1.645759940147399902e+00,-1.640255451202392578e+00,-2.981086015701293945e+00
6.342716217041015625e+00,1.120298194885253906e+01,-6.911403179168701172e+00
-9.466013908386230469e-01,1.241396188735961914e+00,2.249261474609375000e+01
2.093659973144531250e+01,1.074878311157226562e+01,2.523365497589111328e+00
1.078017234802246094e+01,4.756344795227050781e+00,1.829048156738281250e+01
-1.116853141784667969e+01,-6.704392284154891968e-02,-4.650642395019531250e+00
4.900382518768310547e+00,1.577520847320556641e+01,7.199918746948242188e+00
6.342236995697021484e+00,1.118758010864257812e+01,-6.895382404327392578e+00
1.362054061889648438e+01,1.832998466491699219e+01,7.966197967529296875e+00
2.174503135681152344e+01,-4.036410808563232422e+00,-1.044743180274963379e+00
2.853621721267700195e+00,-9.085680961608886719e+00,-1.529037380218505859e+01
-1.337300491333007812e+01,4.372207164764404297e+00,1.990234255790710449e+00
3.934425115585327148e+00,-1.230985450744628906e+01,-9.633368492126464844e+00
-9.811553359031677246e-02,-5.845758914947509766e+00,9.756424427032470703e-01
-4.310873031616210938e+00,-1.298673629760742188e+01,-1.455462098121643066e+00
1.073304271697998047e+01,4.721947669982910156e+00,1.833819961547851562e+01
3.323735892772674561e-01,-7.961297512054443359e+00,-4.451052665710449219e+00
6.506815910339355469e+00,9.009796977043151855e-01,-1.697755241394042969e+01
1.361287117004394531e+01,1.832361793518066406e+01,7.969088077545166016e+00
-4.779486656188964844e-01,7.996046066284179688e+00,-1.203207224607467651e-01
2.096115493774414062e+01,1.072423267364501953e+01,2.498960256576538086e+00
1.371677112579345703e+01,1.867282295227050781e+01,7.366275310516357422e+00
-7.596822828054428101e-02,1.753582954406738281e+01,1.264774131774902344e+01
-7.072874546051025391e+00,8.383069038391113281e+00,1.187331295013427734e+01
1.072977447509765625e+01,4.718713760375976562e+00,1.834133911132812500e+01
-1.631098747253417969e+01,-4.488726139068603516e+00,-2.468861818313598633e+00
6.167053699493408203e+00,5.907289981842041016e+00,5.377406120300292969e+00
-7.077418804168701172e+00,4.317846775054931641e+00,6.303405761718750000e+00
6.720665931701660156e+00,-7.252707958221435547e+00,-4.569046199321746826e-02
6.544291019439697266e+00,4.786871433258056641e+00,5.262077331542968750e+00
-1.635517883300781250e+01,7.215830802917480469e+00,8.041382789611816406e+00
1.559221267700195312e+00,2.328976058959960938e+01,-6.980185031890869141e+00
1.774331092834472656e+01,-3.718349635601043701e-01,-4.619199752807617188e+00
-6.793072700500488281e+00,1.922762870788574219e+01,-5.202620983123779297e+00
-9.843188285827636719e+00,1.393162918090820312e+01,2.395637989044189453e+00
-4.332135200500488281e+00,-1.286239051818847656e+01,6.325030326843261719e+00
-1.096967411041259766e+01,2.535816431045532227e+00,-1.593055343627929688e+01
-1.118670031428337097e-01,-5.859519958496093750e+00,9.893732666969299316e-01
-9.030141681432723999e-02,1.738031959533691406e+01,1.220006561279296875e+01
1.393658065795898438e+01,4.523826122283935547e+00,-1.278362274169921875e+01
-1.097909355163574219e+01,2.527679204940795898e+00,-1.594011974334716797e+01
-6.570183634757995605e-01,4.372664451599121094e+00,7.534331679344177246e-01
-1.097690868377685547e+01,2.529706716537475586e+00,-1.593771839141845703e+01
3.740099906921386719e+00,5.023278236389160156e+00,-2.256104469299316406e+00
1.374019145965576172e+01,1.850958251953125000e+01,7.782496929168701172e+00
3.974978208541870117e+00,-1.230832004547119141e+01,-9.647559165954589844e+00
-5.847151279449462891e+00,1.421243190765380859e+01,-1.482866477966308594e+01
-1.252776384353637695e+00,3.909375905990600586e+00,-2.781228303909301758e+00
-6.136467456817626953e+00,1.388412570953369141e+01,-1.448185539245605469e+01
-5.248855113983154297e+00,5.345149040222167969e+00,-1.846699905395507812e+01
-1.202985882759094238e+00,3.225086212158203125e+00,1.959224581718444824e+00
3.220364093780517578e+00,-3.084883928298950195e+00,-8.958360671997070312e+00
1.209103965759277344e+01,1.706690025329589844e+01,8.727554678916931152e-01
-1.002485156059265137e-01,-5.847900867462158203e+00,9.777618050575256348e-01
3.650703430175781250e-01,-7.928573608398437500e+00,-4.483655452728271484e+00
-6.719432353973388672e+00,1.928925895690917969e+01,-5.236178398132324219e+00
-1.181384754180908203e+01,1.060397243499755859e+01,-8.051462173461914062e+00
4.157141685485839844e+00,6.276153564453125000e+00,-1.768667984008789062e+01
8.162435531616210938e+00,-1.581662297248840332e-01,1.633184623718261719e+01
2.205283737182617188e+01,9.098682403564453125e+00,-7.186281681060791016e+00
2.205154418945312500e+01,9.097227096557617188e+00,-7.187764167785644531e+00
1.378942871093750000e+01,4.677413463592529297e+00,-1.253827476501464844e+01
2.891296386718750000e+00,-1.006649374961853027e+00,3.308214664459228516e+00
1.032509040832519531e+01,9.339579582214355469e+00,1.188176155090332031e+01
-1.005806803703308105e+00,3.180050849914550781e+00,9.198754429817199707e-01
-2.211736440658569336e+00,6.265742301940917969e+00,-1.820134162902832031e+00
-1.811336398124694824e+00,5.653580665588378906e+00,-3.404310941696166992e+00
2.199468994140625000e+01,9.040225982666015625e+00,-7.244753837585449219e+00
-6.005654335021972656e+00,1.408660507202148438e+01,-1.469899368286132812e+01
-5.238578319549560547e+00,1.097920417785644531e+01,-5.195068359375000000e+00
-5.254752159118652344e+00,1.095664501190185547e+01,-5.217319488525390625e+00
-1.247285723686218262e+00,3.914152860641479492e+00,-2.776349067687988281e+00
-8.651968002319335938e+00,-7.094377994537353516e+00,-1.190484762191772461e+00
-4.322286128997802734e+00,-1.283697605133056641e+01,6.276378154754638672e+00
4.277541637420654297e+00,6.391108989715576172e+00,-1.778193855285644531e+01
-4.220566749572753906e+00,1.995739817619323730e+00,-1.002373695373535156e+01
1.538447761535644531e+01,1.286866283416748047e+01,-4.835681915283203125e+00
-9.611861228942871094e+00,-3.342273473739624023e+00,-1.156194782257080078e+01
1.563964366912841797e+00,2.329463577270507812e+01,-7.049809455871582031e+00
4.455721855163574219e+00,6.573077678680419922e+00,-1.791023635864257812e+01
3.919058084487915039e+00,-1.236391925811767578e+01,-9.592017173767089844e+00
2.600790500640869141e+00,4.466115474700927734e+00,-4.246043682098388672e+00
-5.973859786987304688e+00,1.412633800506591797e+01,-1.485130882263183594e+01
8.233988881111145020e-01,2.267283916473388672e+00,-1.551976054906845093e-01
1.392681884765625000e+01,-4.554504394531250000e+00,-1.453103542327880859e+01
8.449884414672851562e+00,-1.447896766662597656e+01,1.928956747055053711e+00
-1.114906311035156250e+01,-1.151347905397415161e-01,-4.681656360626220703e+00
1.665813446044921875e+00,2.318374443054199219e+01,-6.920012950897216797e+00
2.331084251403808594e+00,6.100927352905273438e+00,-2.419347763061523438e+00
-4.310975074768066406e+00,-1.302464962005615234e+01,-1.396824121475219727e+00
-5.900998115539550781e-01,4.306108474731445312e+00,8.622519969940185547e-01
8.420654535293579102e-01,2.083989858627319336e+00,-2.666526138782501221e-01
2.600675821304321289e+00,4.466103553771972656e+00,-4.246265411376953125e+00
-1.183893013000488281e+01,-1.161927127838134766e+01,5.553572654724121094e+00
-3.812550306320190430e-01,8.422424316406250000e+00,3.471044301986694336e+00
9.782568931579589844e+00,-3.518770694732666016e+00,8.052780151367187500e+00
9.781313896179199219e+00,-3.518563032150268555e+00,8.051465034484863281e+00
-4.322117567062377930e-01,1.749138832092285156e+01,1.222621822357177734e+01
-1.338093948364257812e+01,4.388064384460449219e+00,1.956079721450805664e+00
1.107636165618896484e+01,-3.994520425796508789e+00,-5.448211669921875000e+00
2.738980054855346680e+00,-9.200244903564453125e+00,-1.540458965301513672e+01
3.221533775329589844e+00,-3.085693836212158203e+00,-8.959041595458984375e+00
1.898054695129394531e+01,5.686894893646240234e+00,-2.546024560928344727e+00
1.644871139526367188e+01,-6.626294136047363281e+00,1.168283176422119141e+01
6.744013786315917969e+00,-7.227658271789550781e+00,-7.043518871068954468e-02
-9.984143823385238647e-02,-5.847476482391357422e+00,9.773492813110351562e-01
-2.756429433822631836e+00,7.346722483634948730e-02,1.375372219085693359e+01
2.516608476638793945e+00,1.802388000488281250e+01,1.222818613052368164e+00
2.516229867935180664e+00,1.802501869201660156e+01,1.222368359565734863e+00
6.521187305450439453e+00,2.898801088333129883e+00,9.119791984558105469e+00
-9.520085334777832031e+00,1.368400669097900391e+01,2.639037847518920898e+00
7.256506681442260742e-01,1.243237304687500000e+01,-2.366171121597290039e+00
-9.530837059020996094e+00,1.369434642791748047e+01,2.641691923141479492e+00
6.711325168609619141e+00,-7.260402679443359375e+00,-3.764322027564048767e-02
2.061318969726562500e+01,1.253750920295715332e+00,3.831962347030639648e+00
-8.995112776756286621e-01,1.194591283798217773e+00,2.244522666931152344e+01
1.410695648193359375e+01,-2.184651136398315430e+00,1.473039627075195312e+01
1.170433759689331055e+00,-1.183629035949707031e+01,9.238028526306152344e-01
2.172924613952636719e+01,-4.053180217742919922e+00,-1.029613494873046875e+00
1.386106681823730469e+01,1.862779045104980469e+01,7.735577583312988281e+00
-4.350291252136230469e+00,-1.286464977264404297e+01,6.303462982177734375e+00
4.424847126007080078e+00,-1.510253620147705078e+01,7.987168788909912109e+00
5.489194869995117188e+00,-5.354453086853027344e+00,-1.689554023742675781e+01
8.444254875183105469e+00,-1.447322273254394531e+01,1.922937631607055664e+00
1.017278385162353516e+01,-1.367836761474609375e+01,-4.203979492187500000e+00
1.371877574920654297e+01,1.867185401916503906e+01,7.366118431091308594e+00
-9.615995407104492188e+00,-3.355411291122436523e+00,-1.155775165557861328e+01
3.215671777725219727e+00,-3.079161882400512695e+00,-8.952340126037597656e+00
-1.635435295104980469e+01,7.215886116027832031e+00,8.040558815002441406e+00
-1.335846900939941406e+01,4.358736038208007812e+00,1.954797506332397461e+00
-1.031766033172607422e+01,-8.552590370178222656e+00,-7.909694671630859375e+00
1.224194526672363281e+00,-1.186306476593017578e+01,8.696724176406860352e-01
-1.240980815887451172e+01,-2.438123703002929688e+00,4.212134838104248047e+00
1.171125292778015137e+00,-1.183742427825927734e+01,9.240503907203674316e-01
-2.826989412307739258e+00,-1.277462100982666016e+01,-9.013590812683105469e+00
-5.746493339538574219e-01,1.081196594238281250e+01,1.750018882751464844e+01
-3.102575838565826416e-01,1.111762237548828125e+01,1.761128807067871094e+01
5.514102458953857422e+00,-5.329673290252685547e+00,-1.691976547241210938e+01
1.386684036254882812e+01,4.702555656433105469e+00,-1.257375907897949219e+01
1.389257717132568359e+01,1.856595230102539062e+01,7.863176822662353516e+00
1.050026226043701172e+01,9.493397712707519531e+00,1.171079826354980469e+01
1.872443199157714844e+01,-6.974882125854492188e+00,4.719193935394287109e+00
-2.370151519775390625e+00,3.937358260154724121e-01,1.457805728912353516e+01
1.772436332702636719e+01,-3.689889907836914062e-01,-4.609148025512695312e+00
2.516263484954833984e+00,1.802612495422363281e+01,1.222676753997802734e+00
1.418809032440185547e+01,1.878391647338867188e+01,7.797669887542724609e+00
1.430431175231933594e+01,1.885666847229003906e+01,7.827587604522705078e+00
-9.649725914001464844e+00,-3.321809530258178711e+00,-1.152408599853515625e+01
4.099248945713043213e-01,-7.883643150329589844e+00,-4.528737545013427734e+00
3.217804670333862305e+00,-3.083938360214233398e+00,-8.959854125976562500e+00
-1.686524772644042969e+01,1.085824489593505859e+01,-2.890085220336914062e+00
1.362940788269042969e+01,4.353604793548583984e+00,-1.273205375671386719e+01
1.394375896453857422e+01,4.544057846069335938e+00,-1.277403068542480469e+01
-9.242601990699768066e-01,5.162147045135498047e+00,7.059488296508789062e+00
9.786777496337890625e+00,-3.513687849044799805e+00,8.056918144226074219e+00
6.443663120269775391e+00,4.705155849456787109e+00,5.881952762603759766e+00
1.389761352539062500e+01,4.552235126495361328e+00,-1.278902149200439453e+01
1.554643249511718750e+01,6.249680995941162109e+00,6.110888957977294922e+00
-4.279542446136474609e+00,-1.288251018524169922e+01,6.257917404174804688e+00
7.397063255310058594e+00,7.243994235992431641e+00,8.520749092102050781e+00
-8.689982414245605469e+00,-7.124548912048339844e+00,-1.220569014549255371e+00
1.385306930541992188e+01,4.591208457946777344e+00,-1.264323616027832031e+01
1.393567180633544922e+01,4.571901798248291016e+00,-1.279310989379882812e+01
-9.711441040039062500e+00,1.391376304626464844e+01,2.526420831680297852e+00
-9.760869979858398438e+00,1.400833606719970703e+01,2.546775579452514648e+00
-9.716314315795898438e+00,1.382289123535156250e+01,2.490037918090820312e+00
2.201756095886230469e+01,9.062991142272949219e+00,-7.222046375274658203e+00
-1.074426364898681641e+01,-5.560964584350585938e+00,1.089326477050781250e+01
-9.227388501167297363e-01,5.160919189453125000e+00,7.057898998260498047e+00
-3.403445482254028320e-01,1.107829666137695312e+01,1.757739067077636719e+01
-6.864134967327117920e-02,3.969045162200927734e+00,1.711438894271850586e+00
2.101174926757812500e+01,8.122247695922851562e+00,8.899230957031250000e+00
-3.357977867126464844e-01,1.109289073944091797e+01,1.762508583068847656e+01
1.413636970520019531e+01,-2.214091300964355469e+00,1.475988197326660156e+01
1.907087135314941406e+01,3.765647649765014648e+00,1.285851001739501953e+01
-1.947126239538192749e-01,1.729022789001464844e+01,1.244532299041748047e+01
6.780055522918701172e+00,-7.191645145416259766e+00,-1.064165830612182617e-01
5.298173427581787109e+00,-6.165076732635498047e+00,1.469231891632080078e+01
-1.107019996643066406e+01,-3.470550477504730225e-02,-4.717247009277343750e+00
3.834182620048522949e-01,-7.910126686096191406e+00,-4.502253055572509766e+00
1.410770893096923828e+01,-2.185329914093017578e+00,1.473093795776367188e+01
8.581573486328125000e+00,1.776139259338378906e+01,-4.176302909851074219e+00
2.787097454071044922e+00,-9.151402473449707031e+00,-1.535658264160156250e+01
-2.543383836746215820e-01,1.743442344665527344e+01,1.250870418548583984e+01
1.478040981292724609e+01,-8.495928764343261719e+00,-5.982927322387695312e+00
1.905149078369140625e+01,3.758701324462890625e+00,1.299398612976074219e+01
1.107579612731933594e+01,-3.995036602020263672e+00,-5.447649478912353516e+00
1.359163045883178711e+00,2.350228309631347656e+01,-7.033413410186767578e+00
1.016520309448242188e+01,-1.366747760772705078e+01,-4.208657741546630859e+00
1.195806145668029785e+00,2.903706789016723633e+00,8.487471938133239746e-01
-2.686668932437896729e-01,1.735568046569824219e+01,1.230538368225097656e+01
-5.189825057983398438e+00,-4.417271614074707031e+00,-1.421657848358154297e+01
-1.467991709709167480e+00,8.531186103820800781e+00,-3.145642757415771484e+00
-5.858594179153442383e-02,1.745208168029785156e+01,1.257953262329101562e+01
2.688207626342773438e+00,5.657094955444335938e+00,1.983856010437011719e+01
2.107972717285156250e+01,8.054097175598144531e+00,8.831483840942382812e+00
8.468180656433105469e+00,-1.445096492767333984e+01,1.945072889328002930e+00
1.107748126983642578e+01,-3.993284225463867188e+00,-5.449336528778076172e+00
-7.083007335662841797e+00,4.312132358551025391e+00,6.308922767639160156e+00
-7.090163707733154297e+00,4.304977416992187500e+00,6.309633255004882812e+00
1.482858562469482422e+01,-8.447683334350585938e+00,-5.934396266937255859e+00
6.744389533996582031e+00,-7.227387905120849609e+00,-7.071613520383834839e-02
-4.239024162292480469e+00,-1.305016040802001953e+01,-1.369067549705505371e+00
7.254867553710937500e-01,1.243249511718750000e+01,-2.366185426712036133e+00
3.457348048686981201e-01,-7.947852134704589844e+00,-4.464594841003417969e+00
-2.728253841400146484e+00,-9.710536897182464600e-02,1.457829284667968750e+01
-9.609706878662109375e+00,1.397343254089355469e+01,2.829337358474731445e+00
1.726455450057983398e+00,6.737155914306640625e+00,3.152755498886108398e+00
-2.235146045684814453e+00,6.296182632446289062e+00,-1.767859578132629395e+00
-5.190308570861816406e+00,-4.416758060455322266e+00,-1.421705722808837891e+01
-5.988103866577148438e+00,1.405222415924072266e+01,-1.449535274505615234e+01
-5.231564521789550781e+00,1.097575759887695312e+01,-5.195434570312500000e+00
6.362479209899902344e+00,2.986111402511596680e+00,8.958060264587402344e+00
-9.628829002380371094e+00,1.397856998443603516e+01,2.822816371917724609e+00
3.435065984725952148e+00,4.559912681579589844e+00,-8.801164031028747559e-01
5.829387187957763672e+00,2.147469967603683472e-01,-1.613127350807189941e+00
1.640836334228515625e+01,-6.585029602050781250e+00,1.172323799133300781e+01
-1.635391616821289062e+01,7.215358257293701172e+00,8.040123939514160156e+00
1.388635540008544922e+01,-4.514036655426025391e+00,-1.457502555847167969e+01
5.907850742340087891e+00,9.951025009155273438e+00,-5.729516029357910156e+00
1.032706642150878906e+01,9.342292785644531250e+00,1.188347816467285156e+01
7.590577602386474609e+00,9.678531646728515625e+00,-2.752244234085083008e+00
1.531363773345947266e+01,-1.167265510559082031e+01,5.937708377838134766e+00
1.411877727508544922e+01,-2.196453571319580078e+00,1.474239635467529297e+01
2.796549081802368164e+00,5.351228713989257812e+00,1.575509458780288696e-02
1.548974156379699707e+00,2.330699157714843750e+01,-7.022781372070312500e+00
-2.904961347579956055e+00,-1.269657039642333984e+01,-8.935899734497070312e+00
2.108672332763671875e+01,8.046875953674316406e+00,8.824501991271972656e+00
5.838461399078369141e+00,2.036918103694915771e-01,-1.618769168853759766e+00
1.369863033294677734e+01,1.851148605346679688e+01,7.845530509948730469e+00
-5.922399997711181641e+00,1.406589126586914062e+01,-1.440283870697021484e+01
4.345769882202148438e+00,6.496237754821777344e+00,-1.779120445251464844e+01
1.684407472610473633e+00,2.316646575927734375e+01,-6.917855739593505859e+00
-5.134793281555175781e+00,5.545288562774658203e+00,-1.826697349548339844e+01
-9.799491882324218750e+00,1.384774112701416016e+01,2.398299932479858398e+00
-6.288109302520751953e+00,1.376099395751953125e+01,-1.468735599517822266e+01
1.649729251861572266e+00,7.554134845733642578e+00,4.522908687591552734e+00
1.556431674957275391e+01,1.306586074829101562e+01,-4.745652198791503906e+00
-5.158356666564941406e+00,5.389435768127441406e+00,-1.842276191711425781e+01
-9.679504394531250000e+00,1.381289863586425781e+01,2.513554334640502930e+00
1.357983112335205078e+01,4.290900707244873047e+00,-1.269569778442382812e+01
1.641455268859863281e+01,-6.591666698455810547e+00,1.171706199645996094e+01
-4.347053527832031250e+00,-1.286409759521484375e+01,6.301899433135986328e+00
1.073081684112548828e+01,4.719623088836669922e+00,1.834020042419433594e+01
5.530946731567382812e+00,-5.312369346618652344e+00,-1.693581581115722656e+01
-2.734699964523315430e+00,-7.744281768798828125e+00,9.393249511718750000e+00
-2.026430815458297729e-01,1.746592330932617188e+01,1.245557403564453125e+01
-1.075417101383209229e-01,1.754389381408691406e+01,1.261757373809814453e+01
4.876584053039550781e+00,1.579935836791992188e+01,7.173526763916015625e+00
1.357609176635742188e+01,1.830183219909667969e+01,7.997072219848632812e+00
-2.874308109283447266e+00,-1.272719478607177734e+01,-8.966446876525878906e+00
-1.111728954315185547e+01,-1.274128556251525879e-01,-4.711904048919677734e+00
2.691195487976074219e+00,5.654125690460205078e+00,1.984159660339355469e+01
2.108682632446289062e+01,8.046988487243652344e+00,8.824213981628417969e+00
6.526320457458496094e+00,2.894626855850219727e+00,9.124814987182617188e+00
1.898436737060546875e+01,5.675907611846923828e+00,-2.541582345962524414e+00
-1.252888679504394531e+00,3.910162925720214844e+00,-2.781426906585693359e+00
-6.056262969970703125e+00,1.398645782470703125e+01,-1.451836395263671875e+01
7.589713573455810547e+00,9.680310249328613281e+00,-2.750142097473144531e+00
-3.326044797897338867e+00,1.964937019348144531e+01,2.162099361419677734e+00
1.554748725891113281e+01,6.250794410705566406e+00,6.108895778656005859e+00
6.734704017639160156e+00,5.346634864807128906e+00,5.108252048492431641e+00
-1.245580673217773438e+01,-2.393725395202636719e+00,4.151974678039550781e+00
-4.631725251674652100e-01,1.749525260925292969e+01,1.220660018920898438e+01
1.037585067749023438e+01,9.398580551147460938e+00,1.159071350097656250e+01
6.159014701843261719e+00,5.909147262573242188e+00,5.383501529693603516e+00
7.397104263305664062e+00,7.244054317474365234e+00,8.520781517028808594e+00
1.529980182647705078e+01,-1.165841579437255859e+01,5.951940536499023438e+00
8.595808148384094238e-01,3.333289623260498047e+00,-9.954773187637329102e-01
-1.201173973083496094e+01,5.096080899238586426e-01,1.042941093444824219e+01
3.912973403930664062e-01,-7.902345180511474609e+00,-4.509792804718017578e+00
9.771178245544433594e+00,-8.849845886230468750e+00,-9.205524444580078125e+00
1.459894061088562012e+00,2.340856552124023438e+01,-7.037471294403076172e+00
1.018790626525878906e+01,-1.365180206298828125e+01,-4.187317848205566406e+00
1.899670219421386719e+01,5.700864315032958984e+00,-2.561651229858398438e+00
-1.696446990966796875e+01,1.095389842987060547e+01,-2.988629579544067383e+00
-5.190315723419189453e+00,-4.416749954223632812e+00,-1.421707248687744141e+01
-5.812728404998779297e+00,1.423910903930664062e+01,-1.492382240295410156e+01
1.373824882507324219e+01,4.470289707183837891e+00,-1.276491451263427734e+01
-5.778983592987060547e+00,1.427572059631347656e+01,-1.494917488098144531e+01
-5.937543392181396484e+00,1.402709865570068359e+01,-1.430750846862792969e+01
1.971924185752868652e+00,7.114489078521728516e+00,3.559240341186523438e+00
2.835582971572875977e+00,-9.174633979797363281e+00,-1.530822372436523438e+01
6.572107315063476562e+00,8.357920050621032715e-01,-1.698900985717773438e+01
1.374273014068603516e+01,4.435319423675537109e+00,-1.276657485961914062e+01
1.357480525970458984e+01,1.823108100891113281e+01,7.921374797821044922e+00
-9.460638761520385742e-01,3.581235706806182861e-01,3.195451974868774414e+00
-1.872328758239746094e+01,2.090365409851074219e+00,-1.283532977104187012e+00
-1.007192254066467285e+00,3.179523468017578125e+00,9.195364117622375488e-01
3.912301301956176758e+00,-1.236979675292968750e+01,-9.592337608337402344e+00
7.591890335083007812e+00,9.677704811096191406e+00,-2.751521110534667969e+00
2.108652114868164062e+01,8.047320365905761719e+00,8.824246406555175781e+00
8.433694243431091309e-01,2.104314804077148438e+00,-2.472325265407562256e-01
-1.159005546569824219e+01,5.414197444915771484e+00,1.463143634796142578e+01
9.770481109619140625e+00,-8.880671501159667969e+00,-9.220126152038574219e+00
5.515182971954345703e+00,-5.328250408172607422e+00,-1.693254089355468750e+01
-1.687018966674804688e+01,1.086241531372070312e+01,-2.894790887832641602e+00
9.427936553955078125e+00,1.237693500518798828e+01,-1.154206085205078125e+01
8.957062721252441406e+00,8.191296577453613281e+00,-1.062715244293212891e+01
3.382289648056030273e+00,5.957757472991943359e+00,-1.325989961624145508e+00
2.061363029479980469e+01,1.253323197364807129e+00,3.831574440002441406e+00
1.355706501007080078e+01,1.833754920959472656e+01,7.964295387268066406e+00
2.064480972290039062e+01,1.274453163146972656e+00,3.852950572967529297e+00
2.891069412231445312e+00,-1.006876349449157715e+00,3.308375358581542969e+00
-1.241512298583984375e+01,-2.436991930007934570e+00,4.205685138702392578e+00
-2.753977775573730469e+00,-7.736475944519042969e+00,9.369778633117675781e+00
1.215862083435058594e+01,-6.376021385192871094e+00,1.185370326042175293e+00
1.356757736206054688e+01,1.831310462951660156e+01,7.969129562377929688e+00
-5.307721495628356934e-01,7.655152320861816406e+00,2.102719306945800781e+00
-1.375831604003906250e+00,-6.085887432098388672e+00,-9.097290992736816406e+00
4.161569118499755859e+00,6.279862403869628906e+00,-1.769161224365234375e+01
3.952754259109497070e+00,-1.233006000518798828e+01,-9.626058578491210938e+00
5.298739433288574219e+00,-6.164481639862060547e+00,1.469045543670654297e+01
-5.209643363952636719e+00,5.439940452575683594e+00,-1.837223815917968750e+01
1.107771492004394531e+01,-3.992986440658569336e+00,-5.449542999267578125e+00
1.383000755310058594e+01,1.858230400085449219e+01,7.649591922760009766e+00
-2.226614020764827728e-02,1.723961639404296875e+01,1.230309772491455078e+01
1.360408592224121094e+01,1.833388328552246094e+01,8.013742446899414062e+00
1.870267677307128906e+01,-6.996804237365722656e+00,4.741159915924072266e+00
6.862643241882324219e+00,4.644371509552001953e+00,4.701491355895996094e+00
1.533638286590576172e+01,1.305644798278808594e+01,-4.992994308471679688e+00
-1.197482585906982422e+01,5.465377569198608398e-01,1.039251041412353516e+01
-1.245893955230712891e+01,-2.388834714889526367e+00,4.162013053894042969e+00
1.900391387939453125e+01,3.716292381286621094e+00,1.292465591430664062e+01
6.346464633941650391e+00,1.119223308563232422e+01,-6.900080680847167969e+00
1.392975425720214844e+01,4.581343650817871094e+00,-1.281020164489746094e+01
-1.097863483428955078e+01,2.528031110763549805e+00,-1.593926143646240234e+01
-1.110263729095458984e+01,-6.930034607648849487e-02,-4.726316928863525391e+00
8.165860176086425781e+00,-1.805744022130966187e-01,1.632919692993164062e+01
1.554118061065673828e+01,1.304278278350830078e+01,-4.738988399505615234e+00
1.534483146667480469e+01,-1.171064567565917969e+01,5.897212982177734375e+00
-9.651839256286621094e+00,-3.319016695022583008e+00,-1.152211380004882812e+01
-1.294075250625610352e+00,-6.005168437957763672e+00,-9.013321876525878906e+00
-1.635240173339843750e+01,7.213953018188476562e+00,8.038617134094238281e+00
3.928271293640136719e+00,-1.235443496704101562e+01,-9.600994110107421875e+00
2.816202402114868164e+00,-9.125940322875976562e+00,-1.532764530181884766e+01
6.708300113677978516e+00,-7.263303756713867188e+00,-3.468250110745429993e-02
-1.685583496093750000e+01,1.084365177154541016e+01,-2.875879049301147461e+00
-7.694885134696960449e-01,1.066753768920898438e+01,1.763744163513183594e+01
-1.116237640380859375e+01,-1.297042518854141235e-01,-4.713563442230224609e+00
1.372093105316162109e+01,1.867134666442871094e+01,7.365660190582275391e+00
-2.830332994461059570e+00,-1.277122020721435547e+01,-9.009881019592285156e+00
2.180427932739257812e+01,-4.026697635650634766e+00,-1.103779673576354980e+00
1.387605476379394531e+01,-4.503453254699707031e+00,-1.458230876922607422e+01
2.094570732116699219e+01,1.074927139282226562e+01,2.508946895599365234e+00
-1.871901130676269531e+01,2.086277723312377930e+00,-1.287615299224853516e+00
-1.243017387390136719e+01,-2.451425790786743164e+00,4.190627098083496094e+00
4.303934574127197266e+00,5.403774261474609375e+00,-4.139884471893310547e+00
-3.431670963764190674e-01,1.106451606750488281e+01,1.753008270263671875e+01
1.386128616333007812e+01,4.708415985107421875e+00,-1.254755020141601562e+01
-9.211849570274353027e-01,5.160061359405517578e+00,7.056682586669921875e+00
6.728260993957519531e+00,-7.243400573730468750e+00,-5.473211780190467834e-02
1.957201957702636719e+01,2.662424087524414062e+00,-1.452930736541748047e+01
-4.280102729797363281e+00,-1.301307868957519531e+01,-1.435815215110778809e+00
1.385353755950927734e+01,4.666770935058593750e+00,-1.258863258361816406e+01
1.479082345962524414e+00,2.339296531677246094e+01,-7.092869281768798828e+00
-9.931305885314941406e+00,1.387560844421386719e+01,2.353919982910156250e+00
7.255469560623168945e-01,1.243209648132324219e+01,-2.366407394409179688e+00
-9.181255102157592773e-01,5.156743526458740234e+00,7.051270008087158203e+00
1.385067367553710938e+01,4.619870662689208984e+00,-1.265979194641113281e+01
6.324974060058593750e+00,1.121070384979248047e+01,-6.922325134277343750e+00
5.648952007293701172e+00,4.537287950515747070e-01,-1.461292386054992676e+00
1.564991283416748047e+01,1.313649654388427734e+01,-4.635255336761474609e+00
1.899570274353027344e+01,3.704636573791503906e+00,1.293585109710693359e+01
-1.388135552406311035e+00,-6.094286441802978516e+00,-9.087116241455078125e+00
-8.542606353759765625e+00,5.589181423187255859e+00,-3.179668903350830078e+00
-2.210787057876586914e+00,2.540650404989719391e-02,1.423088455200195312e+01
-4.402305126190185547e+00,-1.002294778823852539e+00,6.256854057312011719e+00
1.025524139404296875e+01,-1.359199333190917969e+01,-4.121821880340576172e+00
-7.072889328002929688e+00,8.383081436157226562e+00,1.187345981597900391e+01
6.734447002410888672e+00,5.343711376190185547e+00,5.106806278228759766e+00
2.183497905731201172e+00,7.539837360382080078e+00,-1.304139733314514160e+00
-1.035925197601318359e+01,-8.530786514282226562e+00,-7.956087112426757812e+00
-1.115562725067138672e+01,-9.072504937648773193e-02,-4.684571743011474609e+00
5.559700012207031250e+00,-5.283656120300292969e+00,-1.690807151794433594e+01
-6.677834033966064453e+00,-8.127700805664062500e+00,1.717512893676757812e+01
1.482845211029052734e+01,-8.447674751281738281e+00,-5.934437274932861328e+00
2.891073703765869141e+00,-1.006880402565002441e+00,3.308365821838378906e+00
2.173377418518066406e+01,-4.084584236145019531e+00,-1.034434914588928223e+00
1.526329612731933594e+01,-1.162283515930175781e+01,5.987284660339355469e+00
5.501327514648437500e+00,-5.342168331146240234e+00,-1.690514755249023438e+01
1.354421520233154297e+01,1.842241287231445312e+01,7.883879661560058594e+00
7.589522361755371094e+00,9.678249359130859375e+00,-2.747784376144409180e+00
-3.286490201950073242e+00,1.968780708312988281e+01,2.123429298400878906e+00
5.150315761566162109e-01,1.197665691375732422e+01,-2.383896589279174805e+00
-3.315729379653930664e+00,1.965945816040039062e+01,2.151991367340087891e+00
-1.180717572569847107e-01,1.756593513488769531e+01,1.224774456024169922e+01
-7.090634346008300781e+00,4.304522991180419922e+00,6.316860198974609375e+00
8.444576263427734375e+00,-1.447373008728027344e+01,1.925349116325378418e+00
4.442605972290039062e+00,-1.512123489379882812e+01,7.968756675720214844e+00
-5.034945011138916016e+00,1.081404972076416016e+01,-5.127171039581298828e+00
-6.795504093170166016e+00,1.923259735107421875e+01,-5.185944557189941406e+00
-8.502237498760223389e-03,1.713470268249511719e+01,1.229244232177734375e+01
-4.370547533035278320e-01,1.748691558837890625e+01,1.221332073211669922e+01
5.832285881042480469e+00,2.115211039781570435e-01,-1.613579392433166504e+00
-6.286053180694580078e+00,1.375730609893798828e+01,-1.465138721466064453e+01
-6.280969619750976562e+00,1.376530742645263672e+01,-1.467780303955078125e+01
6.507507801055908203e+00,2.911797285079956055e+00,9.105530738830566406e+00
2.821563243865966797e+00,6.129010677337646484e+00,-2.159815788269042969e+00
-6.025918960571289062e+00,1.401232242584228516e+01,-1.451286506652832031e+01
-1.244037437438964844e+01,-2.435516595840454102e+00,4.195067882537841797e+00
-5.903280258178710938e+00,1.413300609588623047e+01,-1.474754238128662109e+01
1.009601306915283203e+01,-1.114880084991455078e+01,1.002942562103271484e+01
-1.631077003479003906e+01,-4.488551616668701172e+00,-2.468622446060180664e+00
2.391988039016723633e+00,4.033382892608642578e+00,1.532884597778320312e+00
1.389400386810302734e+01,4.612010955810546875e+00,-1.263128757476806641e+01
1.155932784080505371e+00,-1.185287189483642578e+01,8.831490874290466309e-01
-1.686430931091308594e+01,1.085670852661132812e+01,-2.888611793518066406e+00
-1.097055721282958984e+01,2.536152601242065430e+00,-1.593062305450439453e+01
-6.706161499023437500e+00,1.924569892883300781e+01,-5.195664882659912109e+00
-2.043172121047973633e+00,6.324888229370117188e+00,-4.282277107238769531e+00
-2.042630195617675781e+00,6.328421592712402344e+00,-4.286197662353515625e+00
-1.005918502807617188e+00,3.179989337921142578e+00,9.186307191848754883e-01
-1.716133505105972290e-01,-1.281054496765136719e+01,1.385840034484863281e+01
7.963804244995117188e+00,-1.648780107498168945e+00,1.341729760169982910e+00
1.359260797500610352e+00,2.344711112976074219e+01,-6.839895725250244141e+00
-9.460021257400512695e-01,3.567852675914764404e-01,3.195427417755126953e+00
-9.723909378051757812e+00,1.388414287567138672e+01,2.499360322952270508e+00
6.556357383728027344e+00,8.518285155296325684e-01,-1.700469779968261719e+01
-6.702031135559082031e+00,-8.103014945983886719e+00,1.715031814575195312e+01
1.536329746246337891e+01,1.284679317474365234e+01,-4.856626033782958984e+00
-7.100401073694229126e-02,1.762291526794433594e+01,1.263623428344726562e+01
8.581518173217773438e+00,1.827396392822265625e+01,-3.147025823593139648e+00
9.095659255981445312e+00,8.076785087585449219e+00,-1.083720397949218750e+01
8.685405731201171875e+00,1.890308570861816406e+01,-3.311041355133056641e+00
2.592808723449707031e+00,5.173298835754394531e+00,-3.286306142807006836e+00
8.399378776550292969e+00,1.781981277465820312e+01,-2.814338207244873047e+00
-1.039447784423828125e+01,-8.563974380493164062e+00,-7.920695304870605469e+00
-1.634552192687988281e+01,-4.523351669311523438e+00,-2.503213882446289062e+00
4.395762920379638672e+00,6.523726940155029297e+00,-1.786257171630859375e+01
1.554796409606933594e+01,6.251139163970947266e+00,6.111647605895996094e+00
5.510145664215087891e+00,-5.279646396636962891e+00,-1.696826553344726562e+01
-5.364098548889160156e-01,1.076349925994873047e+01,1.746520996093750000e+01
6.860984325408935547e+00,4.643266201019287109e+00,4.699770450592041016e+00
4.021517276763916016e+00,-5.384944438934326172e+00,7.323270320892333984e+00
6.717754840850830078e+00,-7.253869056701660156e+00,-4.420994967222213745e-02
-9.512527465820312500e+00,1.368131446838378906e+01,2.657482624053955078e+00
1.548655891418457031e+01,1.295607280731201172e+01,-4.770254135131835938e+00
2.693680763244628906e+00,5.651648998260498047e+00,1.984406852722167969e+01
2.057585525512695312e+01,1.294453501701354980e+00,3.872665882110595703e+00
-9.726609230041503906e+00,1.383458995819091797e+01,2.496202945709228516e+00
3.225998163223266602e+00,-3.081425666809082031e+00,-8.953351974487304688e+00
4.021462440490722656e+00,-5.384997367858886719e+00,7.323212146759033203e+00
1.201927089691162109e+01,1.713819313049316406e+01,8.013072609901428223e-01
8.505712509155273438e+00,-1.441216182708740234e+01,1.922873616218566895e+00
-9.657182693481445312e+00,1.374410629272460938e+01,2.509435415267944336e+00
6.563539981842041016e+00,4.726473808288574219e+00,5.554695129394531250e+00
1.900322532653808594e+01,3.712391853332519531e+00,1.292828750610351562e+01
-6.751561641693115234e+00,1.926606941223144531e+01,-5.212155818939208984e+00
-6.758422851562500000e+00,1.924987220764160156e+01,-5.215029239654541016e+00
-6.674571990966796875e+00,-8.133344650268554688e+00,1.716406250000000000e+01
-4.707269370555877686e-02,1.741012763977050781e+01,1.220186233520507812e+01
-6.542634367942810059e-01,4.378195762634277344e+00,7.508768439292907715e-01
4.454256057739257812e+00,-1.513203716278076172e+01,7.955904006958007812e+00
1.639208602905273438e+01,-6.578517436981201172e+00,1.173952770233154297e+01
5.817421913146972656e+00,1.127885627746582031e+01,1.201321408152580261e-01
-1.114344024658203125e+01,-1.036604419350624084e-01,-4.689777851104736328e+00
-1.201260185241699219e+01,5.087633132934570312e-01,1.043031692504882812e+01
4.445188045501708984e+00,6.515309333801269531e+00,-1.796366500854492188e+01
-4.278400897979736328e+00,-1.300012111663818359e+01,-1.423676848411560059e+00
7.590469360351562500e+00,9.677683830261230469e+00,-2.752251625061035156e+00
-6.741812705993652344e+00,1.920331192016601562e+01,-5.151827812194824219e+00
-2.750836849212646484e+00,-7.739693641662597656e+00,9.373017311096191406e+00
-1.179473972320556641e+01,-1.161305427551269531e+01,5.599194049835205078e+00
1.547563457489013672e+01,1.297638416290283203e+01,-4.603884696960449219e+00
-6.227265834808349609e+00,1.380396938323974609e+01,-1.456779289245605469e+01
8.685147285461425781e+00,1.890087890625000000e+01,-3.311310768127441406e+00
3.393650293350219727e+00,6.593038082122802734e+00,-1.742655754089355469e+00
4.309408187866210938e+00,5.398543834686279297e+00,-4.134109973907470703e+00
-2.964900732040405273e-01,1.113009166717529297e+01,1.763139533996582031e+01
1.480366420745849609e+01,-8.480378150939941406e+00,-5.898321151733398438e+00
-6.819679260253906250e+00,1.919841575622558594e+01,-5.167236804962158203e+00
1.389618873596191406e+01,4.712468147277832031e+00,-1.259991359710693359e+01
-8.589245676994323730e-01,1.057856273651123047e+01,1.770436286926269531e+01
1.011791324615478516e+01,-1.112771415710449219e+01,1.005134010314941406e+01
1.371931457519531250e+01,4.451887607574462891e+00,-1.274242877960205078e+01
1.553760051727294922e+01,6.240761280059814453e+00,6.104222774505615234e+00
-1.629899787902832031e+01,-4.476607799530029297e+00,-2.456703901290893555e+00
-3.263743162155151367e+00,1.971112442016601562e+01,2.100068807601928711e+00
5.169721126556396484e+00,1.125863742828369141e+01,-1.509666442871093750e+00
1.482595252990722656e+01,-8.447610855102539062e+00,-5.933366298675537109e+00
7.590699195861816406e+00,9.677854537963867188e+00,-2.752379417419433594e+00
1.771784782409667969e+01,-3.470735549926757812e-01,-4.594132900238037109e+00
-1.688724708557128906e+01,1.088270950317382812e+01,-2.912778615951538086e+00
3.542256355285644531e+00,4.436516761779785156e+00,-8.529030680656433105e-01
-6.735347270965576172e+00,1.924826812744140625e+01,-5.197723388671875000e+00
2.177481079101562500e+01,-4.052109241485595703e+00,-1.075277328491210938e+00
-1.036188983917236328e+01,-8.533061981201171875e+00,-7.953407764434814453e+00
1.774759101867675781e+01,-3.759119510650634766e-01,-4.623794555664062500e+00
1.258784890174865723e+00,-1.174948310852050781e+01,8.354171514511108398e-01
-5.943246364593505859e+00,1.401623249053955078e+01,-1.432248210906982422e+01
-6.701870441436767578e+00,-8.103870391845703125e+00,1.715071487426757812e+01
-6.048347949981689453e+00,1.400246143341064453e+01,-1.454820632934570312e+01
-1.181776428222656250e+01,-1.163613891601562500e+01,5.575645923614501953e+00
4.902824878692626953e+00,1.577292442321777344e+01,7.202295780181884766e+00
5.400202274322509766e-01,1.299869632720947266e+01,2.555996894836425781e+00
3.013092756271362305e+00,3.064417123794555664e+00,-5.248408317565917969e+00
-1.359819173812866211e+00,-6.065549373626708984e+00,-9.073070526123046875e+00
-6.664627552032470703e+00,1.938434410095214844e+01,-5.330307483673095703e+00
6.522620201110839844e+00,2.898571491241455078e+00,9.121128082275390625e+00
-9.739545822143554688e+00,1.383695888519287109e+01,2.446178913116455078e+00
1.551163482666015625e+01,1.301203536987304688e+01,-4.640010833740234375e+00
-9.593353271484375000e+00,-3.331991195678710938e+00,-1.158052921295166016e+01
-4.249429225921630859e+00,1.993854284286499023e+00,-1.002556896209716797e+01
-1.248399925231933594e+01,-2.506763696670532227e+00,4.137063026428222656e+00
-9.804353713989257812e+00,1.390600872039794922e+01,2.455385923385620117e+00
-6.722768306732177734e+00,1.921445655822753906e+01,-5.175461292266845703e+00
1.515260219573974609e+00,2.990493774414062500e+00,1.290035009384155273e+00
-1.006068706512451172e+00,3.180163383483886719e+00,9.197953939437866211e-01
7.159041404724121094e+00,8.994300842285156250e+00,-7.482814192771911621e-01
8.384016036987304688e+00,-1.850631237030029297e+00,1.458713412284851074e+00
1.566486167907714844e+01,1.316798019409179688e+01,-4.771285057067871094e+00
1.018677520751953125e+01,-1.365977859497070312e+01,-4.190221309661865234e+00
1.554541873931884766e+01,6.248610973358154297e+00,6.109952926635742188e+00
-6.244825720787048340e-01,1.083515930175781250e+01,1.766814804077148438e+01
1.350173187255859375e+01,1.823319435119628906e+01,8.056582450866699219e+00
1.551315593719482422e+01,1.300448417663574219e+01,-4.724904060363769531e+00
-9.975298494100570679e-02,-5.847379684448242188e+00,9.772475361824035645e-01
-1.069135951995849609e+01,-5.508803367614746094e+00,1.084160041809082031e+01
-1.477095633745193481e-01,-1.283297538757324219e+01,1.383586692810058594e+01
-3.309156656265258789e+00,1.966590690612792969e+01,2.145531892776489258e+00
2.093052101135253906e+01,1.073728275299072266e+01,2.502447843551635742e+00
-4.334270000457763672e+00,-1.305208110809326172e+01,-1.368101119995117188e+00
1.965133285522460938e+01,2.585010766983032227e+00,-1.444945716857910156e+01
1.379235172271728516e+01,1.856347465515136719e+01,7.688665866851806641e+00
8.595570921897888184e-01,3.353631973266601562e+00,-1.013018965721130371e+00
5.206328868865966797e+00,1.120242214202880859e+01,-1.508900165557861328e+00
4.889981746673583984e+00,1.578721809387207031e+01,7.187860012054443359e+00
-1.526012301445007324e+00,8.491788864135742188e+00,-3.192639112472534180e+00
7.590791702270507812e+00,9.678413391113281250e+00,-2.753195047378540039e+00
-2.683535099029541016e+00,6.953567266464233398e-02,1.388113117218017578e+01
4.308465957641601562e+00,6.436807632446289062e+00,-1.779833602905273438e+01
-2.482560157775878906e+00,1.228126063942909241e-01,1.440351295471191406e+01
-9.607349395751953125e+00,-3.340820789337158203e+00,-1.156659221649169922e+01
-2.556979894638061523e+00,3.879742324352264404e-02,1.430561637878417969e+01
1.960620880126953125e+01,2.628469944000244141e+00,-1.448777580261230469e+01
-2.145074009895324707e-01,1.731080436706542969e+01,1.236593914031982422e+01
-2.190482378005981445e+00,3.198852017521858215e-02,1.423573017120361328e+01
6.505269050598144531e+00,2.915050745010375977e+00,9.103497505187988281e+00
2.410214185714721680e+00,5.974014759063720703e+00,-2.447341680526733398e+00
2.979003429412841797e+00,3.113868236541748047e+00,-5.109648704528808594e+00
-1.373340487480163574e+00,-6.106502056121826172e+00,-9.121441841125488281e+00
1.537140369415283203e+01,1.285564613342285156e+01,-4.848051548004150391e+00
-6.726614475250244141e+00,-8.100129127502441406e+00,1.714766693115234375e+01
1.208066177368164062e+01,1.707711601257324219e+01,8.625416755676269531e-01
4.855057239532470703e+00,1.581635856628417969e+01,7.150674819946289062e+00
4.885456085205078125e+00,1.579069805145263672e+01,7.182851314544677734e+00
-6.350310325622558594e+00,-6.858152389526367188e+00,2.887143611907958984e+00
-1.836444288492202759e-01,1.741565704345703125e+01,1.246154880523681641e+01
1.399730682373046875e+01,1.849977302551269531e+01,7.622885227203369141e+00
-1.635844039916992188e+01,7.219764709472656250e+00,8.044652938842773438e+00
2.204943656921386719e+01,9.095025062561035156e+00,-7.189943790435791016e+00
-6.674924373626708984e+00,-8.131804466247558594e+00,1.717936325073242188e+01
-1.645675063133239746e+00,-1.640160560607910156e+00,-2.980976343154907227e+00
4.170368194580078125e+00,6.289103507995605469e+00,-1.769772529602050781e+01
1.963105010986328125e+01,2.563809871673583984e+00,-1.447083187103271484e+01
-9.641893208026885986e-02,1.756282806396484375e+01,1.264067268371582031e+01
-9.491559982299804688e+00,1.366610527038574219e+01,2.673441648483276367e+00
4.022409439086914062e+00,-5.384060859680175781e+00,7.324142932891845703e+00
5.304171085357666016e+00,-6.169079303741455078e+00,1.469561958312988281e+01
-9.609942436218261719e+00,1.397029113769531250e+01,2.877416133880615234e+00
3.967199087142944336e+00,-1.231547260284423828e+01,-9.639732360839843750e+00
5.549136638641357422e+00,-5.291293621063232422e+00,-1.695561981201171875e+01
6.545836448669433594e+00,8.623594045639038086e-01,-1.701431083679199219e+01
3.230427980422973633e+00,-3.058056116104125977e+00,-8.936996459960937500e+00
-5.968257427215576172e+00,1.408835411071777344e+01,-1.475802612304687500e+01
1.771588134765625000e+01,-3.454718291759490967e-01,-4.593202590942382812e+00
1.205715847015380859e+01,1.710040855407714844e+01,8.391707539558410645e-01
-1.645620107650756836e+00,-1.640121936798095703e+00,-2.980923891067504883e+00
-1.243356227874755859e+00,3.909770965576171875e+00,-2.772695779800415039e+00
-6.035915851593017578e+00,1.401344299316406250e+01,-1.452966499328613281e+01
1.372340774536132812e+01,1.867515563964843750e+01,7.388850688934326172e+00
-3.878931701183319092e-01,1.732860374450683594e+01,1.238006973266601562e+01
2.061566162109375000e+01,1.242853999137878418e+00,3.821048021316528320e+00
-1.522457218170166016e+01,4.100430488586425781e+00,-7.683416843414306641e+00
-8.829768747091293335e-02,-5.835929393768310547e+00,9.658087491989135742e-01
3.544540643692016602e+00,4.431809425354003906e+00,-8.516142964363098145e-01
5.832351684570312500e+00,2.114399373531341553e-01,-1.613672375679016113e+00
6.555653572082519531e+00,8.721975684165954590e-01,-1.700435638427734375e+01
1.516001129150390625e+01,9.804586172103881836e-01,7.793253421783447266e+00
-1.159442424774169922e+01,5.418731689453125000e+00,1.463600444793701172e+01
-2.743988990783691406e+00,-7.746940135955810547e+00,9.380343437194824219e+00
8.385655403137207031e+00,1.791381835937500000e+01,-2.756321907043457031e+00
-5.232923030853271484e+00,1.097945117950439453e+01,-5.187480449676513672e+00
9.803061485290527344e+00,-8.873823165893554688e+00,-9.213258743286132812e+00
1.899630546569824219e+01,3.705224275588989258e+00,1.293521213531494141e+01
-1.366308689117431641e+00,-6.076366424560546875e+00,-9.084307670593261719e+00
1.551560688018798828e+01,1.301182746887207031e+01,-4.663238048553466797e+00
1.870191383361816406e+01,-6.997224330902099609e+00,4.742028236389160156e+00
-1.200426483154296875e+01,5.183450579643249512e-01,1.042158412933349609e+01
-1.095337772369384766e+01,2.553020000457763672e+00,-1.591304683685302734e+01
2.747115850448608398e+00,-9.194004058837890625e+00,-1.539680576324462891e+01
-3.793701231479644775e-01,1.102404594421386719e+01,1.751742553710937500e+01
-3.438768982887268066e-01,1.106059741973876953e+01,1.749936676025390625e+01
1.033221721649169922e+01,9.346725463867187500e+00,1.187419700622558594e+01
-6.711775302886962891e+00,1.923184013366699219e+01,-5.162042140960693359e+00
2.935662031173706055e+00,3.206458806991577148e+00,-5.094027996063232422e+00
1.195193290710449219e+00,6.414504051208496094e+00,2.618519306182861328e+00
1.477385997772216797e+00,2.337335586547851562e+01,-6.929646968841552734e+00
1.556500720977783203e+01,1.307350921630859375e+01,-4.706913948059082031e+00
6.546660900115966797e+00,8.635700345039367676e-01,-1.701364135742187500e+01
3.217337369918823242e+00,-3.077250957489013672e+00,-8.954801559448242188e+00
4.064289093017578125e+00,5.937441349029541016e+00,-1.810820579528808594e+00
-4.413326263427734375e+00,-1.013188242912292480e+00,6.247812271118164062e+00
-6.724674701690673828e+00,1.931233215332031250e+01,-5.276495456695556641e+00
-5.498182177543640137e-01,7.674478530883789062e+00,2.122323274612426758e+00
-6.738267898559570312e+00,1.925576782226562500e+01,-5.186099052429199219e+00
-2.693614721298217773e+00,3.184748440980911255e-02,1.381654357910156250e+01
-1.159403133392333984e+01,5.418458461761474609e+00,1.463560771942138672e+01
4.074819684028625488e-01,-7.886076450347900391e+00,-4.526173114776611328e+00
9.781579971313476562e+00,-3.518723964691162109e+00,8.051609039306640625e+00
3.599542617797851562e+00,5.828401565551757812e+00,-1.848952889442443848e+00
1.185389757156372070e+00,-1.182329463958740234e+01,9.082786440849304199e-01
2.858730554580688477e+00,3.451401948928833008e+00,-4.925132751464843750e+00
6.279344558715820312e+00,4.666389942169189453e+00,6.322717189788818359e+00
4.197322368621826172e+00,6.316370010375976562e+00,-1.771619606018066406e+01
1.646806526184082031e+01,-6.642587661743164062e+00,1.166356945037841797e+01
-1.115682601928710938e+01,-6.786687672138214111e-02,-4.653680324554443359e+00
-1.339138031005859375e+01,4.391296863555908203e+00,1.969448804855346680e+00
-4.323523998260498047e+00,-1.288456630706787109e+01,6.276462078094482422e+00
4.496839046478271484e+00,-1.505577468872070312e+01,8.030239105224609375e+00
5.571177482604980469e+00,-5.347373485565185547e+00,-1.697582626342773438e+01
1.066501712799072266e+01,4.654499530792236328e+00,1.827835845947265625e+01
-3.041016459465026855e-01,5.147341251373291016e+00,1.383538126945495605e+00
-9.468927383422851562e-01,3.560863733291625977e-01,3.195672988891601562e+00
-2.643603563308715820e+00,6.481016427278518677e-02,1.390237998962402344e+01
1.111004352569580078e+01,-3.960613727569580078e+00,-5.481756687164306641e+00
-1.088313198089599609e+01,2.622810840606689453e+00,-1.602467727661132812e+01
5.462513446807861328e+00,6.308896541595458984e+00,-2.247329950332641602e+00
-1.635392570495605469e+01,7.215420246124267578e+00,8.040126800537109375e+00
-2.180201560258865356e-01,1.746957778930664062e+01,1.246796321868896484e+01
1.380342674255371094e+01,4.585778236389160156e+00,-1.264247512817382812e+01
3.641338348388671875e-01,-7.929429054260253906e+00,-4.482789993286132812e+00
8.465733528137207031e+00,-1.445280361175537109e+01,1.936884880065917969e+00
-2.780508995056152344e+00,-1.282101345062255859e+01,-9.062938690185546875e+00
-5.955487728118896484e+00,1.403574371337890625e+01,-1.476338863372802734e+01
2.061559677124023438e+01,1.254305601119995117e+00,3.831990003585815430e+00
1.404269886016845703e+01,-2.120433807373046875e+00,1.466606712341308594e+01
8.578819274902343750e+00,1.775871467590332031e+01,-4.178895950317382812e+00
-6.028645515441894531e+00,1.399001598358154297e+01,-1.462191295623779297e+01
1.115043067932128906e+01,-3.922454833984375000e+00,-5.521620750427246094e+00
-1.181937408447265625e+01,-1.163859558105468750e+01,5.573483943939208984e+00
-1.690102005004882812e+01,1.089372539520263672e+01,-2.924619674682617188e+00
8.580092430114746094e+00,1.776028251647949219e+01,-4.177841663360595703e+00
6.203380823135375977e-01,4.992459774017333984e+00,5.004026740789413452e-02
9.092578887939453125e+00,8.079760551452636719e+00,-1.083404827117919922e+01
-1.158161163330078125e+01,5.406195163726806641e+00,1.462335014343261719e+01
-4.325376987457275391e+00,-1.288779067993164062e+01,6.280815124511718750e+00
1.486528205871582031e+01,-8.486242294311523438e+00,-5.895516395568847656e+00
8.685797691345214844e+00,1.890202522277832031e+01,-3.311171054840087891e+00
8.447127342224121094e+00,1.786801528930664062e+01,-2.813405990600585938e+00
-1.386034637689590454e-01,-1.284304046630859375e+01,1.382596683502197266e+01
-1.632350349426269531e+01,7.181805133819580078e+00,8.009651184082031250e+00
1.373667716979980469e+01,4.439059257507324219e+00,-1.278300094604492188e+01
1.639739418029785156e+01,-6.606359958648681641e+00,1.173423004150390625e+01
8.477916717529296875e+00,-1.444018745422363281e+01,1.933207869529724121e+00
-1.074285793304443359e+01,-5.559832572937011719e+00,1.089215087890625000e+01
-5.225730419158935547e+00,1.098034858703613281e+01,-5.182937622070312500e+00
2.540463924407958984e+00,1.803154373168945312e+01,1.247092723846435547e+00
6.463505744934082031e+00,4.659204959869384766e+00,4.828035831451416016e+00
8.578908920288085938e+00,1.776059150695800781e+01,-4.176838874816894531e+00
-6.722144126892089844e+00,1.924725341796875000e+01,-5.178194999694824219e+00
1.218978643417358398e+00,-1.176897716522216797e+01,9.642967581748962402e-01
-4.403757095336914062e+00,-1.003767132759094238e+00,6.255961894989013672e+00
8.580067634582519531e+00,1.776055526733398438e+01,-4.177376270294189453e+00
-1.185798931121826172e+01,-1.157952117919921875e+01,5.517878532409667969e+00
-1.041566753387451172e+01,-8.586010932922363281e+00,-8.005434989929199219e+00
1.372969341278076172e+01,4.488248825073242188e+00,-1.263754272460937500e+01
6.544810295104980469e+00,8.650091886520385742e-01,-1.701235198974609375e+01
-6.739697933197021484e+00,1.924738693237304688e+01,-5.176554203033447266e+00
1.532535171508789062e+01,1.306652832031250000e+01,-5.031052589416503906e+00
1.008799839019775391e+01,-1.115708923339843750e+01,1.002139282226562500e+01
-5.215926095843315125e-03,1.715622901916503906e+01,1.234107875823974609e+01
-1.197133731842041016e+01,5.500570535659790039e-01,1.038900184631347656e+01
5.818490982055664062e+00,1.127903938293457031e+01,1.202826723456382751e-01
-5.965387344360351562e+00,1.409586048126220703e+01,-1.477127838134765625e+01
9.791995048522949219e+00,-8.861474990844726562e+00,-9.201485633850097656e+00
2.201591682434082031e+01,9.061378479003906250e+00,-7.223664283752441406e+00
1.350406265258789062e+01,1.836993408203125000e+01,8.058870315551757812e+00
6.391393184661865234e+00,1.112246799468994141e+01,-6.791129112243652344e+00
6.156536579132080078e+00,5.911157131195068359e+00,5.384980678558349609e+00
8.390493392944335938e+00,-1.853723287582397461e+00,1.460616707801818848e+00
1.222764253616333008e+00,7.042811393737792969e+00,3.309187173843383789e+00
2.888882398605346680e+00,-1.009134054183959961e+00,3.310511350631713867e+00
7.390523552894592285e-01,1.241842842102050781e+01,-2.379645347595214844e+00
-6.717246055603027344e+00,-8.090855598449707031e+00,1.713768386840820312e+01
6.306093215942382812e+00,1.110373020172119141e+01,-6.822747230529785156e+00
1.536164188385009766e+01,1.284628200531005859e+01,-4.856416702270507812e+00
-9.490421295166015625e+00,1.366728782653808594e+01,2.676723241806030273e+00
6.436727046966552734e+00,2.882252693176269531e+00,8.974598884582519531e+00
-1.161703968048095703e+01,5.441582679748535156e+00,1.465875434875488281e+01
6.545431137084960938e+00,8.646545410156250000e-01,-1.701310157775878906e+01
1.352431392669677734e+01,1.826309204101562500e+01,8.032328605651855469e+00
1.568675756454467773e+00,7.498899936676025391e+00,4.356839179992675781e+00
4.830673694610595703e+00,1.577231025695800781e+01,7.096679687500000000e+00
1.215645790100097656e+01,-6.373775482177734375e+00,1.183551073074340820e+00
4.255321025848388672e+00,6.683565139770507812e+00,-1.763120651245117188e+01
-1.076684188842773438e+01,-5.583995342254638672e+00,1.091494846343994141e+01
-1.032275781035423279e-01,1.719668197631835938e+01,1.232116127014160156e+01
1.405033969879150391e+01,4.286000728607177734e+00,-1.267566776275634766e+01
-9.882638931274414062e+00,1.397812175750732422e+01,2.482520341873168945e+00
6.512547016143798828e+00,2.908185482025146484e+00,9.111078262329101562e+00
3.632238507270812988e-01,-7.930471420288085938e+00,-4.481969356536865234e+00
-6.055926799774169922e+00,1.406713485717773438e+01,-1.481488800048828125e+01
2.093534088134765625e+01,1.075031757354736328e+01,2.520802021026611328e+00
2.062519073486328125e+01,1.259310364723205566e+00,3.823982477188110352e+00
-9.571476578712463379e-01,1.251890420913696289e+00,2.250295829772949219e+01
2.175327682495117188e+01,-4.029584884643554688e+00,-1.049394369125366211e+00
-1.107270336151123047e+01,-1.688794791698455811e-01,-4.760533332824707031e+00
6.539205074310302734e+00,4.782531261444091797e+00,5.238531589508056641e+00
5.259967446327209473e-01,1.301030731201171875e+01,2.568736076354980469e+00
-3.332011222839355469e+00,1.964339828491210938e+01,2.168078899383544922e+00
-7.552812248468399048e-02,1.739247512817382812e+01,1.223783779144287109e+01
4.879420280456542969e+00,1.579672336578369141e+01,7.177091598510742188e+00
1.371856689453125000e+01,1.867445182800292969e+01,7.367357254028320312e+00
2.305757999420166016e+00,6.128473758697509766e+00,-2.433629035949707031e+00
-2.505004167556762695e+00,-6.577184051275253296e-02,1.423341178894042969e+01
2.176966094970703125e+01,-4.054190158843994141e+00,-1.069732546806335449e+00
2.324442863464355469e+00,6.123574256896972656e+00,-2.410607814788818359e+00
1.556620693206787109e+01,1.306062126159667969e+01,-4.714715957641601562e+00
-7.039289176464080811e-02,3.967113256454467773e+00,1.712994098663330078e+00
-6.661313533782958984e+00,1.931537628173828125e+01,-5.283017158508300781e+00
-2.959845364093780518e-01,5.166906356811523438e+00,1.381118893623352051e+00
1.529916763305664062e+01,-1.165873718261718750e+01,5.951350688934326172e+00
-5.219667434692382812e+00,5.451967239379882812e+00,-1.836023712158203125e+01
-9.566441535949707031e+00,-3.401769876480102539e+00,-1.160758209228515625e+01
-3.329711437225341797e+00,1.964420890808105469e+01,2.166997909545898438e+00
8.554478645324707031e+00,1.828786468505859375e+01,-3.159467935562133789e+00
3.396140813827514648e+00,6.599372863769531250e+00,-1.748874902725219727e+00
1.215706634521484375e+01,-6.374268054962158203e+00,1.183910012245178223e+00
1.645006752014160156e+01,-6.627404212951660156e+00,1.168157863616943359e+01
2.515021085739135742e+00,1.802704238891601562e+01,1.223514914512634277e+00
-2.747297048568725586e+00,-3.463924676179885864e-02,1.379619503021240234e+01
-2.578845262527465820e+00,8.595718443393707275e-02,1.429510688781738281e+01
-1.184037113189697266e+01,1.063073921203613281e+01,-8.024695396423339844e+00
1.517124176025390625e+01,9.712278246879577637e-01,7.784871578216552734e+00
-1.338948535919189453e+01,4.389067173004150391e+00,1.971952080726623535e+00
-2.224088162183761597e-01,1.748202133178710938e+01,1.230462551116943359e+01
1.208782768249511719e+01,1.706976318359375000e+01,8.697776198387145996e-01
-7.239009439945220947e-02,1.752103996276855469e+01,1.260930347442626953e+01
1.016096591949462891e+01,-1.368595314025878906e+01,-4.215993881225585938e+00
1.537118244171142578e+01,1.285567855834960938e+01,-4.848969459533691406e+00
1.484932327270507812e+01,-8.470376014709472656e+00,-5.911353111267089844e+00
-1.338674068450927734e+01,4.383431434631347656e+00,1.978084206581115723e+00
-1.551863998174667358e-01,-1.282656860351562500e+01,1.384236907958984375e+01
6.528157234191894531e+00,2.900628805160522461e+00,9.129509925842285156e+00
-1.630942153930664062e+01,-4.487093925476074219e+00,-2.467213869094848633e+00
4.313682079315185547e+00,6.415614604949951172e+00,-1.780809783935546875e+01
-1.635880661010742188e+01,7.217068195343017578e+00,8.044940948486328125e+00
-1.376352548599243164e+00,-6.086543560028076172e+00,-9.094495773315429688e+00
3.204695701599121094e+00,-3.071736574172973633e+00,-8.952347755432128906e+00
6.351841926574707031e+00,1.115169715881347656e+01,-6.846231937408447266e+00
5.259917974472045898e-01,1.301029205322265625e+01,2.568775177001953125e+00
-5.237423896789550781e+00,1.100006294250488281e+01,-5.168724060058593750e+00
-5.896987438201904297e+00,1.416132831573486328e+01,-1.477747821807861328e+01
-2.400888204574584961e+00,4.163141846656799316e-01,1.460115432739257812e+01
4.065173625946044922e+00,1.418917179107666016e+01,1.336754679679870605e+00
1.966061782836914062e+01,2.573029279708862305e+00,-1.444120311737060547e+01
-6.005519390106201172e+00,1.398425769805908203e+01,-1.439132595062255859e+01
8.685085296630859375e+00,1.889915084838867188e+01,-3.310178041458129883e+00
3.007128477096557617e+00,3.070369482040405273e+00,-5.242694377899169922e+00
1.899561691284179688e+01,3.704753637313842773e+00,1.293521308898925781e+01
4.366888999938964844e+00,6.475173473358154297e+00,-1.786477661132812500e+01
6.538799285888671875e+00,8.675934076309204102e-01,-1.697500991821289062e+01
2.383317232131958008e+00,3.706340551376342773e+00,1.585877776145935059e+00
8.409313559532165527e-01,2.107322454452514648e+00,-2.440512478351593018e-01
-1.158070755004882812e+01,5.405192375183105469e+00,1.462235927581787109e+01
2.891793012619018555e+00,-1.006202697753906250e+00,3.307612419128417969e+00
8.597583174705505371e-01,3.344677448272705078e+00,-1.005073070526123047e+00
2.686891794204711914e+00,5.658112049102783203e+00,1.983716583251953125e+01
8.616753220558166504e-01,3.348603725433349609e+00,-1.009310364723205566e+00
-5.657675266265869141e-01,1.087807273864746094e+01,1.776176834106445312e+01
1.427854156494140625e+01,1.883174514770507812e+01,7.830410480499267578e+00
7.147459983825683594e+00,9.005137443542480469e+00,-7.604175209999084473e-01
6.537754535675048828e+00,8.725372552871704102e-01,-1.701846313476562500e+01
1.910024070739746094e+01,5.756647586822509766e+00,-2.665567874908447266e+00
-2.688430070877075195e+00,3.614398837089538574e-02,1.398880481719970703e+01
-6.730812549591064453e+00,-8.132689476013183594e+00,1.718010711669921875e+01
-1.691104125976562500e+01,1.090239143371582031e+01,-2.934411764144897461e+00
-2.875279664993286133e+00,-1.272633552551269531e+01,-9.056487083435058594e+00
1.019876670837402344e+01,-1.364629745483398438e+01,-4.176167488098144531e+00
-1.410835981369018555e-01,-1.284093379974365234e+01,1.382793235778808594e+01
-9.759665489196777344e+00,1.386282157897949219e+01,2.483222007751464844e+00
6.513527870178222656e+00,4.756243228912353516e+00,4.978250503540039062e+00
-1.731826812028884888e-01,1.731947898864746094e+01,1.248230552673339844e+01
-1.177538204193115234e+01,-1.163418102264404297e+01,5.544668674468994141e+00
-9.596134185791015625e+00,1.371900463104248047e+01,2.545081615447998047e+00
7.590711593627929688e+00,9.678593635559082031e+00,-2.753136396408081055e+00
-9.901711463928222656e+00,1.397461318969726562e+01,2.391562461853027344e+00
-4.345639228820800781e+00,-1.286716365814208984e+01,6.299566268920898438e+00
1.385775947570800781e+01,4.729856014251708984e+00,-1.252194118499755859e+01
1.683135986328125000e+00,2.316713714599609375e+01,-6.914278030395507812e+00
6.550418853759765625e+00,8.598105311393737793e-01,-1.700368690490722656e+01
-7.096100330352783203e+00,8.406286239624023438e+00,1.189257431030273438e+01
4.302609443664550781e+00,5.399213790893554688e+00,-4.127181053161621094e+00
-1.869393920898437500e+01,2.057568550109863281e+00,-1.316545486450195312e+00
-9.745859146118164062e+00,1.386159896850585938e+01,2.478523731231689453e+00
-2.343837261199951172e+00,-2.192256212234497070e+00,-1.803770256042480469e+01
1.382061386108398438e+01,1.857638740539550781e+01,7.753279209136962891e+00
-9.242563247680664062e-01,1.219275832176208496e+00,2.247011184692382812e+01
-5.236087799072265625e+00,1.097777843475341797e+01,-5.205836296081542969e+00
2.830424070358276367e+00,-9.111691474914550781e+00,-1.531341457366943359e+01
9.792100906372070312e+00,-8.861600875854492188e+00,-9.201594352722167969e+00
2.379271030426025391e+00,3.758507490158081055e+00,1.578859925270080566e+00
1.367768287658691406e+01,4.379339694976806641e+00,-1.264873313903808594e+01
-3.403059840202331543e-01,1.106880474090576172e+01,1.751888084411621094e+01
8.580403327941894531e+00,1.776042747497558594e+01,-4.178106784820556641e+00
-1.181445217132568359e+01,1.060445117950439453e+01,-8.051113128662109375e+00
1.032549762725830078e+01,9.340121269226074219e+00,1.188122940063476562e+01
6.535660266876220703e+00,8.916387557983398438e-01,-1.703745651245117188e+01
-1.032787227630615234e+01,-8.498562812805175781e+00,-7.986475944519042969e+00
1.641479682922363281e+01,-6.552906036376953125e+00,1.171582031250000000e+01
1.387762641906738281e+01,1.852652549743652344e+01,7.685388565063476562e+00
2.168830108642578125e+01,-3.968945980072021484e+00,-1.147717714309692383e+00
4.517282962799072266e+00,3.100142478942871094e+00,-1.245452880859375000e+00
-2.343171358108520508e+00,4.269215464591979980e-01,1.460422420501708984e+01
-4.309801578521728516e+00,-1.302901363372802734e+01,-1.392918109893798828e+00
1.006836795806884766e+01,-1.119906234741210938e+01,1.000174236297607422e+01
-1.118035125732421875e+01,-1.462640464305877686e-01,-4.652958393096923828e+00
-9.753203392028808594e+00,1.373942279815673828e+01,2.259166479110717773e+00
-9.496722221374511719e+00,1.367522144317626953e+01,2.672870159149169922e+00
8.575800895690917969e+00,1.775488281250000000e+01,-4.183926582336425781e+00
-7.514934241771697998e-02,1.739045906066894531e+01,1.248890209197998047e+01
-3.300141572952270508e+00,1.967497444152832031e+01,2.136473655700683594e+00
-5.106994628906250000e+00,3.155766963958740234e+00,1.508419513702392578e+00
6.345665454864501953e+00,1.119191646575927734e+01,-6.899600982666015625e+00
1.391347217559814453e+01,1.864063453674316406e+01,7.780154228210449219e+00
1.387312889099121094e+01,4.729622840881347656e+00,-1.255569171905517578e+01
1.478448271751403809e+00,2.339099884033203125e+01,-6.975015640258789062e+00
-1.073487758636474609e+01,-5.575871944427490234e+00,1.090580940246582031e+01
-6.706016063690185547e+00,-8.101933479309082031e+00,1.714916229248046875e+01
1.571386933326721191e+00,2.328765106201171875e+01,-7.045339107513427734e+00
2.693594694137573242e+00,5.651726245880126953e+00,1.984399223327636719e+01
5.104365348815917969e+00,4.533335685729980469e+00,-4.706194877624511719e+00
-9.912375360727310181e-02,-5.846715927124023438e+00,9.764677882194519043e-01
9.035882540047168732e-03,1.754774475097656250e+01,1.265809726715087891e+01
-2.712355613708496094e+00,-7.488779723644256592e-02,1.456355953216552734e+01
1.368974494934082031e+01,1.842826652526855469e+01,7.841174125671386719e+00
2.319348335266113281e+00,6.113466262817382812e+00,-2.428612232208251953e+00
-2.534070730209350586e+00,-7.859241217374801636e-02,1.411719799041748047e+01
2.055026817321777344e+01,1.320796251296997070e+00,3.897745370864868164e+00
1.356195640563964844e+01,1.827522659301757812e+01,8.019573211669921875e+00
2.066520118713378906e+01,1.205866813659667969e+00,3.782124519348144531e+00
5.170125961303710938e+00,1.125826835632324219e+01,-1.509650707244873047e+00
1.682518720626831055e+00,2.316632270812988281e+01,-6.908800125122070312e+00
-4.707361161708831787e-01,8.955347061157226562e+00,4.359855175018310547e+00
4.283778190612792969e+00,6.629695892333984375e+00,-1.768269348144531250e+01
-2.773633718490600586e+00,-1.352147608995437622e-01,1.464845085144042969e+01
4.463470935821533203e+00,6.577644348144531250e+00,-1.792298889160156250e+01
9.778262138366699219e+00,-3.514177560806274414e+00,8.048236846923828125e+00
1.167989611625671387e+00,-1.184912586212158203e+01,8.962262272834777832e-01
-5.899292826652526855e-01,1.088561916351318359e+01,1.778068733215332031e+01
-6.816082000732421875e-01,9.372783660888671875e+00,4.060988903045654297e+00
-6.070187568664550781e+00,1.418194770812988281e+01,-1.465143680572509766e+01
-2.181360006332397461e+00,6.235977172851562500e+00,-1.848025441169738770e+00
-6.067489147186279297e+00,1.409131336212158203e+01,-1.481904125213623047e+01
4.365251064300537109e+00,-1.503981208801269531e+01,8.048675537109375000e+00
4.304387092590332031e+00,5.403529167175292969e+00,-4.139252662658691406e+00
1.532580494880676270e+00,2.999265432357788086e+00,1.308275818824768066e+00
-7.078007698059082031e+00,8.388340950012207031e+00,1.187364482879638672e+01
-5.211835861206054688e+00,5.440445899963378906e+00,-1.837172889709472656e+01
-1.159255027770996094e+01,5.417011737823486328e+00,1.463414764404296875e+01
1.483149337768554688e+01,-8.452905654907226562e+00,-5.928915023803710938e+00
-2.718353271484375000e+00,-8.250455558300018311e-02,1.457360458374023438e+01
1.561999201774597168e+00,7.375954151153564453e+00,4.114537715911865234e+00
-1.522428989410400391e+01,4.100641250610351562e+00,-7.683215141296386719e+00
6.535607814788818359e+00,8.757494091987609863e-01,-1.702175140380859375e+01
-9.746478080749511719e+00,1.372681045532226562e+01,2.250616312026977539e+00
2.108669471740722656e+01,8.047224044799804688e+00,8.824158668518066406e+00
2.101128196716308594e+01,8.123155593872070312e+00,8.899134635925292969e+00
-1.413075625896453857e-01,-1.284071636199951172e+01,1.382804203033447266e+01
1.382390499114990234e+01,1.858370971679687500e+01,7.714168071746826172e+00
8.141965866088867188e+00,-1.567309945821762085e-01,1.635222434997558594e+01
1.038702201843261719e+01,9.402896881103515625e+00,1.182410049438476562e+01
1.435820293426513672e+01,1.891533851623535156e+01,7.783197402954101562e+00
1.050372123718261719e+01,9.494256019592285156e+00,1.170526218414306641e+01
6.758432865142822266e+00,-7.213189125061035156e+00,-8.479711413383483887e-02
2.092000579833984375e+01,1.076603889465332031e+01,2.506818771362304688e+00
1.414354610443115234e+01,1.875369071960449219e+01,7.740146160125732422e+00
-5.212623596191406250e+00,5.442642211914062500e+00,-1.836948966979980469e+01
2.207243347167968750e+01,9.093138694763183594e+00,-7.233997344970703125e+00
-5.252043724060058594e+00,5.417866706848144531e+00,-1.839441299438476562e+01
3.953191280364990234e+00,-1.232977104187011719e+01,-9.627109527587890625e+00
-8.699179649353027344e+00,-7.133306503295898438e+00,-1.229607105255126953e+00
-1.116391944885253906e+01,-8.344454318284988403e-02,-4.682779788970947266e+00
-6.100161552429199219e+00,1.397768497467041016e+01,-1.469657707214355469e+01
-1.827589392662048340e+00,5.701479434967041016e+00,-3.443413019180297852e+00
-9.581452369689941406e+00,-3.386742115020751953e+00,-1.159241199493408203e+01
-5.999199867248535156e+00,1.402438831329345703e+01,-1.442995643615722656e+01
-2.042945146560668945e+00,6.324832439422607422e+00,-4.282258987426757812e+00
-2.360337495803833008e+00,4.063253998756408691e-01,1.459163188934326172e+01
-1.402859210968017578e+00,-6.112804412841796875e+00,-9.120717048645019531e+00
1.373070907592773438e+01,1.851640319824218750e+01,7.815176486968994141e+00
5.261621475219726562e-01,1.301017189025878906e+01,2.568669795989990234e+00
1.530923461914062500e+01,-1.166920661926269531e+01,5.940728187561035156e+00
6.471293449401855469e+00,9.406655430793762207e-01,-1.694470596313476562e+01
1.106900596618652344e+01,-4.001480579376220703e+00,-5.440690040588378906e+00
-1.185466003417968750e+01,1.064441871643066406e+01,-8.011189460754394531e+00
1.771788215637207031e+01,-3.437594175338745117e-01,-4.581057071685791016e+00
1.515277194976806641e+01,9.908604621887207031e-01,7.804236888885498047e+00
1.076938915252685547e+01,4.758537769317626953e+00,1.829787635803222656e+01
-1.873758316040039062e+01,2.061016559600830078e+00,-1.313013076782226562e+00
5.294713020324707031e+00,-6.171830654144287109e+00,1.468498134613037109e+01
-1.203740215301513672e+01,4.841414391994476318e-01,1.045485305786132812e+01
1.358816909790039062e+01,1.832222747802734375e+01,7.980389595031738281e+00
1.773725128173828125e+01,-3.660793304443359375e-01,-4.612852573394775391e+00
5.296230792999267578e+00,-6.173301219940185547e+00,1.468647193908691406e+01
-1.970296025276184082e+00,8.736438751220703125e+00,-3.468389511108398438e+00
-3.268781423568725586e+00,1.969215393066406250e+01,2.111680746078491211e+00
9.437686920166015625e+00,1.238665866851806641e+01,-1.155245876312255859e+01
-4.503322243690490723e-01,1.094764423370361328e+01,1.787467002868652344e+01
-7.103188991546630859e+00,4.292116641998291016e+00,6.327113628387451172e+00
-5.230407714843750000e+00,5.439939498901367188e+00,-1.837219810485839844e+01
1.365114498138427734e+01,4.368952274322509766e+00,-1.263255214691162109e+01
-1.576685011386871338e-01,1.755985450744628906e+01,1.247209453582763672e+01
1.392772674560546875e+01,4.819395542144775391e+00,-1.247155570983886719e+01
4.553681910037994385e-01,4.720188617706298828e+00,6.536431312561035156e-01
3.397560834884643555e+00,6.586091518402099609e+00,-1.737756490707397461e+00
-8.545402526855468750e+00,5.587693691253662109e+00,-3.182576894760131836e+00
3.632469475269317627e-01,-7.930414676666259766e+00,-4.482049465179443359e+00
1.551651573181152344e+01,1.301917743682861328e+01,-4.758242130279541016e+00
-8.104073405265808105e-01,9.321336746215820312e+00,3.959017038345336914e+00
8.493500947952270508e-01,2.093802928924560547e+00,-2.675200700759887695e-01
-1.182892844080924988e-01,1.735546112060546875e+01,1.246056270599365234e+01
-9.603006362915039062e+00,1.396397113800048828e+01,2.847121000289916992e+00
1.016176700592041016e+01,-1.369088172912597656e+01,-4.216145992279052734e+00
-1.241588211059570312e+01,-2.437040567398071289e+00,4.205239772796630859e+00
1.385010623931884766e+01,4.702105998992919922e+00,-1.255427455902099609e+01
1.561017704010009766e+01,1.310961818695068359e+01,-4.700304031372070312e+00
1.562429547309875488e+00,7.377078056335449219e+00,4.117429256439208984e+00
-8.544606208801269531e+00,5.587364673614501953e+00,-3.181725740432739258e+00
-9.865799546241760254e-02,-5.846290111541748047e+00,9.761483073234558105e-01
3.586877822875976562e+00,5.633977890014648438e+00,-5.077923834323883057e-02
3.622348606586456299e-01,-7.931324958801269531e+00,-4.481071949005126953e+00
-3.287557125091552734e+00,1.968747329711914062e+01,2.123924493789672852e+00
-1.954002678394317627e-01,1.740506362915039062e+01,1.237138271331787109e+01
-1.638198852539062500e+01,7.249579429626464844e+00,8.068006515502929688e+00
9.805756568908691406e+00,-3.531687974929809570e+00,8.073924064636230469e+00
1.718034505844116211e+00,2.313090133666992188e+01,-6.890006542205810547e+00
8.703642845153808594e+00,1.891779899597167969e+01,-3.328855991363525391e+00
-6.094192028045654297e+00,1.411314678192138672e+01,-1.483255672454833984e+01
8.672595977783203125e+00,1.888624954223632812e+01,-3.296851634979248047e+00
1.184854030609130859e+00,-1.182247829437255859e+01,9.104987382888793945e-01
1.208806133270263672e+01,1.706948471069335938e+01,8.700253367424011230e-01
-1.593433499336242676e+00,8.466266632080078125e+00,-3.252052307128906250e+00
-4.283479213714599609e+00,-1.300279235839843750e+01,-1.419340491294860840e+00
-1.094278621673583984e+01,2.546439409255981445e+00,-1.589882659912109375e+01
-2.234731912612915039e+00,6.295643329620361328e+00,-1.768495321273803711e+00
4.476149082183837891e+00,-1.515048313140869141e+01,7.938342571258544922e+00
-6.023058414459228516e+00,1.409873962402343750e+01,-1.480556583404541016e+01
1.211164760589599609e+01,1.704549407958984375e+01,8.939969539642333984e-01
-7.587253451347351074e-01,1.067865085601806641e+01,1.758047866821289062e+01
8.678660392761230469e+00,1.888549232482910156e+01,-3.295459270477294922e+00
9.088826179504394531e+00,8.869620323181152344e+00,2.681978225708007812e+00
-1.116975021362304688e+01,-1.199595853686332703e-01,-4.664558887481689453e+00
5.296309947967529297e+00,-6.173229694366455078e+00,1.468641853332519531e+01
8.419257164001464844e+00,1.790898895263671875e+01,-2.777192354202270508e+00
3.216788291931152344e+00,-3.076641082763671875e+00,-8.954331398010253906e+00
1.107897377014160156e+01,-3.991610050201416016e+00,-5.450622558593750000e+00
-1.159316921234130859e+01,5.417619705200195312e+00,1.463481140136718750e+01
-6.107355594635009766e+00,1.394786357879638672e+01,-1.468213558197021484e+01
1.425839328765869141e+01,1.882493019104003906e+01,7.815297126770019531e+00
-2.878284454345703125e+00,-1.272315788269042969e+01,-8.968111991882324219e+00
8.578837394714355469e+00,1.775518226623535156e+01,-4.187508106231689453e+00
-1.414584070444107056e-01,-1.284058952331542969e+01,1.382815551757812500e+01
3.916144609451293945e+00,-1.229629135131835938e+01,-9.665071487426757812e+00
9.792233467102050781e+00,-8.861645698547363281e+00,-9.201524734497070312e+00
-3.330707550048828125e+00,1.964472389221191406e+01,2.166795015335083008e+00
8.592422604560852051e-01,3.334105014801025391e+00,-9.960856437683105469e-01
-6.826949596405029297e+00,1.922690582275390625e+01,-5.121263504028320312e+00
-3.315839767456054688e+00,1.965942382812500000e+01,2.152087688446044922e+00
-7.089156627655029297e+00,4.306123256683349609e+00,6.310999870300292969e+00
-1.522582435607910156e+01,4.101902484893798828e+00,-7.682674884796142578e+00
1.208086967468261719e+01,1.707771301269531250e+01,8.619098067283630371e-01
-1.688456153869628906e+01,1.087630844116210938e+01,-2.895940303802490234e+00
-9.617250442504882812e+00,-3.350860357284545898e+00,-1.155658912658691406e+01
-2.805987834930419922e+00,-7.685396671295166016e+00,9.317747116088867188e+00
-2.728758335113525391e+00,-9.636330604553222656e-02,1.459421730041503906e+01
-5.810692787170410156e+00,1.424934673309326172e+01,-1.495310974121093750e+01
-1.683168411254882812e+01,1.080050277709960938e+01,-2.832463026046752930e+00
-1.241564178466796875e+01,-2.436991453170776367e+00,4.205384731292724609e+00
4.357533454895019531e+00,6.494401454925537109e+00,-1.783422470092773438e+01
1.223033189773559570e+00,7.042805194854736328e+00,3.309505701065063477e+00
6.349962234497070312e+00,1.118718624114990234e+01,-6.894819259643554688e+00
-9.819340705871582031e+00,1.393244552612304688e+01,2.476592540740966797e+00
-5.312483906745910645e-01,1.078295803070068359e+01,1.740429306030273438e+01
-1.206267070770263672e+01,4.589356184005737305e-01,1.048017024993896484e+01
4.500109672546386719e+00,6.610289096832275391e+00,-1.795304298400878906e+01
1.020650196075439453e+01,-1.364129924774169922e+01,-4.170339584350585938e+00
-9.684860229492187500e+00,1.387295150756835938e+01,2.557657480239868164e+00
-1.517574024200439453e+01,4.048617839813232422e+00,-7.734183788299560547e+00
1.483029270172119141e+01,-8.451635360717773438e+00,-5.930063724517822266e+00
6.593461990356445312e+00,8.186663389205932617e-01,-1.696047592163085938e+01
-1.871384620666503906e+01,2.055515289306640625e+00,-1.318594455718994141e+00
-2.756108283996582031e+00,-7.734454154968261719e+00,9.367557525634765625e+00
-1.202474236488342285e+00,3.225176811218261719e+00,1.958002090454101562e+00
-2.372145891189575195e+00,4.030497372150421143e-01,1.458374023437500000e+01
1.184946417808532715e+00,-1.182233428955078125e+01,9.106317162513732910e-01
3.825822591781616211e+00,-1.245779800415039062e+01,-9.498010635375976562e+00
-9.467245936393737793e-01,3.578545451164245605e-01,3.194901227951049805e+00
9.024264216423034668e-01,2.351888418197631836e+00,1.671602949500083923e-02
-1.635858917236328125e+01,7.217483520507812500e+00,8.044749259948730469e+00
2.062107849121093750e+01,1.249842643737792969e+00,3.826703786849975586e+00
-5.104553222656250000e+00,3.152841806411743164e+00,1.508577585220336914e+00
1.410484886169433594e+01,-2.182639360427856445e+00,1.472856616973876953e+01
-2.678303003311157227e+00,3.722057491540908813e-02,1.385673332214355469e+01
1.376636981964111328e+01,4.635668754577636719e+00,-1.265107727050781250e+01
-1.112360572814941406e+01,-1.262658685445785522e-01,-4.710402488708496094e+00
1.076075458526611328e+01,4.749995231628417969e+00,1.836414146423339844e+01
1.411771583557128906e+01,-2.195389747619628906e+00,1.474137210845947266e+01
-1.110699653625488281e+01,-1.481460332870483398e-01,-4.718977451324462891e+00
-2.816283702850341797e+00,-7.674273014068603516e+00,9.307477951049804688e+00
1.034433746337890625e+01,9.358291625976562500e+00,1.186691379547119141e+01
-2.488872051239013672e+00,7.448014616966247559e-02,1.423559856414794922e+01
7.148133754730224609e+00,9.005739212036132812e+00,-7.611617445945739746e-01
-1.872475624084472656e+01,2.090971708297729492e+00,-1.283199191093444824e+00
1.008338642120361328e+01,-1.116375255584716797e+01,1.001666545867919922e+01
8.581663131713867188e+00,1.776018524169921875e+01,-4.179810047149658203e+00
-1.286326497793197632e-01,1.755544662475585938e+01,1.260925197601318359e+01
1.377548694610595703e+01,4.417187690734863281e+00,-1.281960391998291016e+01
-1.097112941741943359e+01,2.534346818923950195e+00,-1.593598747253417969e+01
-1.637251663208007812e+01,-4.550391674041748047e+00,-2.530123949050903320e+00
5.531579017639160156e+00,-5.310142040252685547e+00,-1.693853187561035156e+01
4.296896934509277344e+00,6.442855834960937500e+00,-1.777283668518066406e+01
3.936717212200164795e-01,-7.900045871734619141e+00,-4.512209892272949219e+00
-1.158120346069335938e+01,5.405762672424316406e+00,1.462297248840332031e+01
-1.631803703308105469e+01,7.183240413665771484e+00,8.004186630249023438e+00
1.387574958801269531e+01,-4.504006862640380859e+00,-1.458179378509521484e+01
1.001017761230468750e+01,-1.123800563812255859e+01,9.943634033203125000e+00
-4.796585738658905029e-01,1.750202178955078125e+01,1.219780540466308594e+01
-5.188778877258300781e+00,-4.418313026428222656e+00,-1.421550655364990234e+01
1.961203384399414062e+01,2.620984792709350586e+00,-1.448970031738281250e+01
-6.269384384155273438e+00,1.377378559112548828e+01,-1.467193984985351562e+01
6.739389419555664062e+00,-7.232330799102783203e+00,-6.578893959522247314e-02
-8.387994766235351562e+00,1.032601928710937500e+01,7.114090442657470703e+00
-4.411255836486816406e+00,-1.012367367744445801e+00,6.249678611755371094e+00
-9.611209869384765625e+00,1.398360824584960938e+01,2.853983640670776367e+00
2.366579055786132812e+00,4.850327491760253906e+00,1.523528456687927246e+00
-9.828674316406250000e+00,1.392513751983642578e+01,2.437947511672973633e+00
6.571236133575439453e+00,4.733038902282714844e+00,5.571942806243896484e+00
1.471749901771545410e+00,2.331955337524414062e+01,-6.943748474121093750e+00
-1.417386829853057861e-01,-1.284035682678222656e+01,1.382837104797363281e+01
-1.635705947875976562e+01,7.216572761535644531e+00,8.043210029602050781e+00
-2.535363435745239258e+00,4.803353920578956604e-02,1.427223110198974609e+01
9.791893959045410156e+00,-8.863040924072265625e+00,-9.202568054199218750e+00
2.091628837585449219e+01,1.076971244812011719e+01,2.526976346969604492e+00
-1.096958351135253906e+01,2.535666465759277344e+00,-1.593665122985839844e+01
1.353202247619628906e+01,1.826470375061035156e+01,8.043487548828125000e+00
1.073294925689697266e+01,4.722128391265869141e+00,1.833762359619140625e+01
1.462294608354568481e-01,4.093976974487304688e+00,1.439783930778503418e+00
-1.183329105377197266e+01,1.062323856353759766e+01,-8.043758392333984375e+00
5.296977043151855469e+00,-6.173629283905029297e+00,1.468723201751708984e+01
2.061911773681640625e+01,1.252046227455139160e+00,3.828678846359252930e+00
-5.190226078033447266e+00,-4.416841983795166016e+00,-1.421698474884033203e+01
2.175227737426757812e+01,-4.034274101257324219e+00,-1.073549389839172363e+00
-6.245655536651611328e+00,1.379726314544677734e+01,-1.468153762817382812e+01
-1.631192398071289062e+01,-4.489603042602539062e+00,-2.469665288925170898e+00
-9.753652572631835938e+00,1.374455642700195312e+01,2.265492916107177734e+00
-2.042839288711547852e+00,6.324727535247802734e+00,-4.282100677490234375e+00
1.363253021240234375e+01,4.368860721588134766e+00,-1.261529636383056641e+01
1.374605941772460938e+01,4.522865295410156250e+00,-1.264558029174804688e+01
1.020542812347412109e+01,-1.369850730895996094e+01,-4.171421051025390625e+00
-2.663328170776367188e+00,5.323873832821846008e-02,1.391090869903564453e+01
1.076421833038330078e+01,4.753246307373046875e+00,1.830617904663085938e+01
-1.241599941253662109e+01,-2.437803506851196289e+00,4.204754829406738281e+00
1.429289340972900391e+01,1.885917282104492188e+01,7.770576477050781250e+00
-3.801663815975189209e-01,1.103687477111816406e+01,1.752905845642089844e+01
1.049190521240234375e+01,9.482856750488281250e+00,1.171849441528320312e+01
4.327742099761962891e+00,6.443902015686035156e+00,-1.780810928344726562e+01
-1.201242879033088684e-01,1.739540863037109375e+01,1.252841854095458984e+01
1.048985385894775391e+01,9.483985900878906250e+00,1.172437667846679688e+01
-5.104212760925292969e+00,3.152755975723266602e+00,1.508468627929687500e+00
-7.086145401000976562e+00,4.308965206146240234e+00,6.311941146850585938e+00
-7.962030917406082153e-02,1.752747535705566406e+01,1.240859127044677734e+01
2.093201065063476562e+01,1.075431060791015625e+01,2.522334814071655273e+00
1.554016017913818359e+01,1.302456188201904297e+01,-4.752819538116455078e+00
2.204753684997558594e+01,9.092607498168945312e+00,-7.193224906921386719e+00
3.631443083286285400e-01,-7.930508613586425781e+00,-4.481756687164306641e+00
1.776864242553710938e+01,-3.974387049674987793e-01,-4.644051551818847656e+00
-6.698690414428710938e+00,-8.128946304321289062e+00,1.717649650573730469e+01
-3.799220174551010132e-02,1.759762763977050781e+01,1.273368453979492188e+01
1.373122787475585938e+01,1.866483306884765625e+01,7.401949405670166016e+00
2.171057319641113281e+01,-3.992305755615234375e+00,-1.012242197990417480e+00
-1.148097589612007141e-01,-1.286728572845458984e+01,1.380151367187500000e+01
2.693602085113525391e+00,5.651753425598144531e+00,1.984399032592773438e+01
-1.113927650451660156e+01,-1.095891818404197693e-01,-4.695668220520019531e+00
-1.337810420989990234e+01,4.377042293548583984e+00,1.981014728546142578e+00
9.977872848510742188e+00,-1.129264450073242188e+01,9.916859626770019531e+00
1.015221405029296875e+01,-1.369575881958007812e+01,-4.224821090698242188e+00
2.096949005126953125e+01,1.071678256988525391e+01,2.557145595550537109e+00
4.025432586669921875e+00,-5.381049633026123047e+00,7.327207565307617188e+00
3.165835380554199219e+00,-3.025057315826416016e+00,-8.902153968811035156e+00
-6.661455154418945312e+00,-8.146953582763671875e+00,1.719503784179687500e+01
8.573356628417968750e+00,1.775061798095703125e+01,-4.192126750946044922e+00
3.214539289474487305e+00,-3.074701786041259766e+00,-8.952166557312011719e+00
-1.097069644927978516e+01,2.534751892089843750e+00,-1.593573665618896484e+01
8.576876640319824219e+00,1.775307273864746094e+01,-4.189752578735351562e+00
-9.423404932022094727e-01,1.237203598022460938e+00,2.248823738098144531e+01
8.579144477844238281e+00,1.828618049621582031e+01,-3.154928445816040039e+00
-1.627614212036132812e+01,-4.483782768249511719e+00,-2.431868553161621094e+00
-1.695439815521240234e-01,1.725634384155273438e+01,1.251659202575683594e+01
1.537191867828369141e+01,1.285633182525634766e+01,-4.847753047943115234e+00
-1.074859905242919922e+01,-5.552727699279785156e+00,1.088347053527832031e+01
1.393354225158691406e+01,4.571995735168457031e+00,-1.279716873168945312e+01
-1.338317966461181641e+01,4.374616146087646484e+00,1.982867717742919922e+00
6.305380821228027344e+00,1.110385131835937500e+01,-6.822637557983398438e+00
2.176753997802734375e+01,-4.049579143524169922e+00,-1.071146965026855469e+00
1.363026523590087891e+01,1.875710296630859375e+01,7.386065959930419922e+00
-9.765332221984863281e+00,1.385528850555419922e+01,2.426016807556152344e+00
1.389757919311523438e+01,-4.525020599365234375e+00,-1.457717037200927734e+01
-6.338864803314208984e+00,-6.869312286376953125e+00,2.875982284545898438e+00
-4.314941883087158203e+00,-1.303405857086181641e+01,-1.387782931327819824e+00
-5.181009292602539062e+00,5.409433364868164062e+00,-1.840275001525878906e+01
6.861512660980224609e+00,4.642855644226074219e+00,4.699567317962646484e+00
2.383103132247924805e+00,3.704307794570922852e+00,1.585608482360839844e+00
-6.827461719512939453e-02,3.969901323318481445e+00,1.710435390472412109e+00
-6.717253208160400391e+00,1.926298522949218750e+01,-5.191746234893798828e+00
1.552544116973876953e+01,1.302248668670654297e+01,-4.704517841339111328e+00
-1.206147098541259766e+01,4.600548446178436279e-01,1.047895240783691406e+01
6.527894020080566406e+00,8.839237689971923828e-01,-1.702192497253417969e+01
4.232794284820556641e+00,6.327542304992675781e+00,-1.774680900573730469e+01
2.201536941528320312e+01,9.058624267578125000e+00,-7.227551937103271484e+00
-8.544504165649414062e+00,5.587327480316162109e+00,-3.181617736816406250e+00
-8.382492065429687500e+00,1.032051753997802734e+01,7.108693599700927734e+00
2.178154182434082031e+01,-4.040946483612060547e+00,-1.084818124771118164e+00
1.358391380310058594e+01,1.831715583801269531e+01,7.968482971191406250e+00
3.528443574905395508e-01,-7.942462921142578125e+00,-4.473077297210693359e+00
-5.190091609954833984e+00,-4.416979312896728516e+00,-1.421684741973876953e+01
-1.182787990570068359e+01,1.061791324615478516e+01,-8.038901329040527344e+00
-3.697273433208465576e-01,1.718291664123535156e+01,1.238695812225341797e+01
6.739390373229980469e+00,-7.232328414916992188e+00,-6.582312285900115967e-02
1.388828849792480469e+01,-4.516097068786621094e+00,-1.457046985626220703e+01
4.854038238525390625e+00,1.582127285003662109e+01,7.149249553680419922e+00
-9.698383331298828125e+00,1.395860481262207031e+01,2.583348989486694336e+00
-9.589076995849609375e+00,1.396024417877197266e+01,2.869855165481567383e+00
-9.922364234924316406e+00,1.405121707916259766e+01,2.539503812789916992e+00
4.805895805358886719e+00,1.586540889739990234e+01,7.101143360137939453e+00
-7.085324287414550781e+00,4.309781074523925781e+00,6.310956954956054688e+00
1.569010543823242188e+01,1.319090175628662109e+01,-4.788748264312744141e+00
1.410636329650878906e+01,-2.184084415435791016e+00,1.473011684417724609e+01
1.373503971099853516e+01,1.847713851928710938e+01,7.850824832916259766e+00
3.622444570064544678e-01,-7.931571483612060547e+00,-4.480977058410644531e+00
4.829292774200439453e+00,1.584373188018798828e+01,7.124718666076660156e+00
2.098647880554199219e+01,1.070019817352294922e+01,2.468313932418823242e+00
4.917022228240966797e+00,1.576013183593750000e+01,7.215388298034667969e+00
3.883907318115234375e+00,-1.239884185791015625e+01,-9.557213783264160156e+00
-4.384720802307128906e+00,-1.283967685699462891e+01,6.337953567504882812e+00
-9.873030662536621094e+00,1.383805561065673828e+01,2.309870958328247070e+00
9.095831871032714844e+00,8.076729774475097656e+00,-1.083775997161865234e+01
-6.002259254455566406e+00,1.407821559906005859e+01,-1.482064056396484375e+01
-2.354737281799316406e+00,-2.203003406524658203e+00,-1.804766464233398438e+01
2.108119964599609375e+01,8.052821159362792969e+00,8.829255104064941406e+00
-1.367616295814514160e+00,-6.077660083770751953e+00,-9.085632324218750000e+00
-1.181619167327880859e+01,1.060583114624023438e+01,-8.050806045532226562e+00
1.342651724815368652e+00,2.350872039794921875e+01,-7.060117721557617188e+00
4.836853981018066406e+00,1.580574321746826172e+01,7.152321815490722656e+00
-2.834348917007446289e+00,-1.276723384857177734e+01,-9.009912490844726562e+00
8.432769775390625000e-01,2.104730367660522461e+00,-2.454089224338531494e-01
-1.081123256683349609e+01,-5.577216625213623047e+00,1.096160411834716797e+01
3.950753927230834961e+00,-1.233205223083496094e+01,-9.624305725097656250e+00
-2.746771812438964844e+00,-1.016603931784629822e-01,1.458154582977294922e+01
4.342864513397216797e+00,6.259519100189208984e+00,-1.777159309387207031e+01
8.126908302307128906e+00,-1.415927857160568237e-01,1.636756706237792969e+01
1.078132438659667969e+01,4.770428657531738281e+00,1.828965377807617188e+01
1.430969238281250000e+01,1.885482597351074219e+01,7.834244728088378906e+00
-4.290737152099609375e+00,-1.301041889190673828e+01,-1.411962509155273438e+00
-1.346235256642103195e-02,1.738806152343750000e+01,1.248085021972656250e+01
-3.334042310714721680e+00,1.964141654968261719e+01,2.170133829116821289e+00
-1.625178146362304688e+01,-4.431391239166259766e+00,-2.409272432327270508e+00
-3.295587062835693359e+00,1.967980575561523438e+01,2.132133960723876953e+00
1.604598164558410645e+00,7.562828540802001953e+00,4.530518054962158203e+00
-1.293594837188720703e-01,1.753274536132812500e+01,1.258636188507080078e+01
-6.348965167999267578e+00,-6.859374046325683594e+00,2.885832071304321289e+00
-4.210937395691871643e-02,1.761337661743164062e+01,1.270125198364257812e+01
9.434125900268554688e+00,1.238319396972656250e+01,-1.154743766784667969e+01
-9.437309503555297852e-01,1.238398432731628418e+00,2.248964500427246094e+01
-1.635698890686035156e+01,7.216701984405517578e+00,8.043199539184570312e+00
5.588689327239990234e+00,-5.346729278564453125e+00,-1.699962997436523438e+01
1.474020099639892578e+01,-8.361214637756347656e+00,-6.020541667938232422e+00
-4.347938060760498047e+00,-1.286665344238281250e+01,6.301107883453369141e+00
-5.248768806457519531e+00,1.096047878265380859e+01,-5.205418109893798828e+00
4.904589176177978516e+00,1.577237510681152344e+01,7.202922344207763672e+00
-1.090149784088134766e+01,2.603858947753906250e+00,-1.586652278900146484e+01
5.939527511596679688e+00,1.019133377075195312e+01,-1.511204957962036133e+00
-1.242458343505859375e+01,-2.428854942321777344e+00,4.196342468261718750e+00
-4.405265808105468750e+00,-1.005171060562133789e+00,6.254515171051025391e+00
-1.860649108886718750e+01,1.971877694129943848e+00,-1.402496457099914551e+00
-1.411795616149902344e-01,-1.284062004089355469e+01,1.382799816131591797e+01
1.546826457977294922e+01,1.296579742431640625e+01,-4.588341236114501953e+00
2.204792594909667969e+01,9.092914581298828125e+00,-7.192903041839599609e+00
5.532850742340087891e+00,-5.310637950897216797e+00,-1.694003868103027344e+01
5.532629966735839844e+00,-5.310662269592285156e+00,-1.693992996215820312e+01
-1.159143829345703125e+01,5.416017055511474609e+00,1.463315296173095703e+01
1.963166236877441406e+01,2.600949287414550781e+00,-1.447029495239257812e+01
-1.181426525115966797e+01,-1.163706588745117188e+01,5.572074413299560547e+00
8.580946922302246094e+00,1.775339889526367188e+01,-4.188521862030029297e+00
-5.240751266479492188e+00,1.099436378479003906e+01,-5.196125030517578125e+00
-1.202989220619201660e+00,3.224851131439208984e+00,1.958147406578063965e+00
-2.711381435394287109e+00,-7.780706405639648438e+00,9.413460731506347656e+00
-7.078263759613037109e+00,8.388458251953125000e+00,1.187346839904785156e+01
6.739348411560058594e+00,-7.232301235198974609e+00,-6.569569557905197144e-02
1.073515415191650391e+01,4.724195480346679688e+00,1.833522605895996094e+01
-5.228252887725830078e+00,1.098190879821777344e+01,-5.185437202453613281e+00
-9.489484786987304688e+00,1.367246150970458984e+01,2.681471824645996094e+00
1.896817970275878906e+01,3.730540990829467773e+00,1.296374702453613281e+01
2.383647441864013672e+00,3.699581384658813477e+00,1.586554765701293945e+00
-6.667234420776367188e+00,1.936940765380859375e+01,-5.317535877227783203e+00
1.728053331375122070e+00,2.312139511108398438e+01,-6.886685371398925781e+00
2.105600357055664062e+01,8.078300476074218750e+00,8.854303359985351562e+00
-5.199430942535400391e+00,1.101506423950195312e+01,-5.153837680816650391e+00
1.966346549987792969e+01,2.568974971771240234e+00,-1.444401741027832031e+01
2.691705703735351562e+00,5.653631687164306641e+00,1.984207725524902344e+01
-8.288925290107727051e-01,9.274142265319824219e+00,3.873151540756225586e+00
9.815960884094238281e+00,-3.489744901657104492e+00,8.084116935729980469e+00
8.618728518486022949e-01,3.353578805923461914e+00,-1.015676856040954590e+00
-6.012983322143554688e+00,1.406253910064697266e+01,-1.471400642395019531e+01
1.636209106445312500e+01,-6.541996479034423828e+00,1.176959991455078125e+01
-6.081391811370849609e+00,1.396020984649658203e+01,-1.461365509033203125e+01
-6.706659317016601562e+00,-8.107123374938964844e+00,1.714948844909667969e+01
4.255208969116210938e+00,6.732760429382324219e+00,-1.760735702514648438e+01
-6.651268005371093750e+00,-8.158462524414062500e+00,1.720532798767089844e+01
4.095295906066894531e+00,3.132108449935913086e-01,2.466158390045166016e+00
9.753945350646972656e+00,-8.901572227478027344e+00,-9.237812995910644531e+00
1.491118335723876953e+01,-8.530485153198242188e+00,-5.849510192871093750e+00
2.091832733154296875e+01,1.078338050842285156e+01,2.510753870010375977e+00
1.521081924438476562e+01,1.035140395164489746e+00,7.841486930847167969e+00
-1.037504005432128906e+01,-8.545853614807128906e+00,-7.941349506378173828e+00
1.372097015380859375e+01,1.869247055053710938e+01,7.330958366394042969e+00
8.406934738159179688e+00,1.783529853820800781e+01,-2.860143423080444336e+00
-6.701866626739501953e+00,-8.107693672180175781e+00,1.715439414978027344e+01
2.510236740112304688e+00,1.803444671630859375e+01,1.218382239341735840e+00
4.315978050231933594e+00,6.449703693389892578e+00,-1.781124305725097656e+01
-1.156105804443359375e+01,5.389881610870361328e+00,1.460902309417724609e+01
-1.096850776672363281e+01,2.536789417266845703e+00,-1.593480587005615234e+01
8.581161499023437500e+00,1.775710487365722656e+01,-4.184895515441894531e+00
1.392063522338867188e+01,1.856484031677246094e+01,7.767056941986083984e+00
1.431579113006591797e+01,1.886116790771484375e+01,7.833796977996826172e+00
1.354855060577392578e+01,1.829279327392578125e+01,8.006418228149414062e+00
1.394453620910644531e+01,1.867607688903808594e+01,7.685431003570556641e+00
-1.339077472686767578e+01,4.390486717224121094e+00,1.970316052436828613e+00
-1.628758758306503296e-01,8.175933837890625000e+00,3.325453042984008789e+00
-5.308047771453857422e+00,5.537836074829101562e+00,-1.827434921264648438e+01
-1.185773849487304688e+01,1.064787578582763672e+01,-8.009238243103027344e+00
-2.810543537139892578e+00,-7.790666580200195312e+00,9.427346229553222656e+00
1.516322135925292969e+01,9.806950688362121582e-01,7.793633937835693359e+00
4.896099090576171875e+00,1.578253650665283203e+01,7.194106578826904297e+00
6.330911636352539062e+00,1.120096778869628906e+01,-6.910127162933349609e+00
1.423681831359863281e+01,1.882710647583007812e+01,7.782188415527343750e+00
1.427092552185058594e+01,1.884566307067871094e+01,7.815239429473876953e+00
4.465789794921875000e+00,-1.514020538330078125e+01,7.943592548370361328e+00
-6.701483726501464844e+00,-8.106369018554687500e+00,1.715303039550781250e+01
-9.660010337829589844e+00,1.379903888702392578e+01,2.521614789962768555e+00
8.571339607238769531e+00,1.774515724182128906e+01,-4.192220211029052734e+00
1.394453048706054688e+01,-4.571918010711669922e+00,-1.461418056488037109e+01
3.223684787750244141e+00,-3.083670854568481445e+00,-8.960135459899902344e+00
-6.322313308715820312e+00,-6.870532512664794922e+00,2.870399236679077148e+00
1.392120933532714844e+01,1.860458946228027344e+01,7.831349849700927734e+00
8.536946296691894531e+00,1.776663589477539062e+01,-4.157279968261718750e+00
-4.233748435974121094e+00,2.009700059890747070e+00,-1.000981616973876953e+01
-1.189542865753173828e+01,-1.171492767333984375e+01,5.493601799011230469e+00
1.537065696716308594e+01,1.285539722442626953e+01,-4.849086761474609375e+00
-1.041348648071289062e+01,-8.579733848571777344e+00,-7.990339756011962891e+00
-6.644085407257080078e+00,-8.050205230712890625e+00,1.721166610717773438e+01
4.910192966461181641e+00,1.576555919647216797e+01,7.209537506103515625e+00
1.016604518890380859e+01,-1.367899608612060547e+01,-4.211111545562744141e+00
2.800760269165039062e+00,-9.141124725341796875e+00,-1.534311866760253906e+01
1.567158889770507812e+01,1.317595577239990234e+01,-4.588295459747314453e+00
8.711831569671630859e-01,2.113656044006347656e+00,-2.374130934476852417e-01
1.527287578582763672e+01,-1.163278675079345703e+01,5.977160453796386719e+00
1.011968231201171875e+01,-1.371574592590332031e+01,-4.253943443298339844e+00
8.124007225036621094e+00,-1.385310590267181396e-01,1.637082481384277344e+01
2.757519960403442383e+00,-9.098178863525390625e+00,-1.538615322113037109e+01
-8.649444580078125000e+00,-7.084018230438232422e+00,-1.180021882057189941e+00
3.215946912765502930e+00,-3.075657367706298828e+00,-8.952792167663574219e+00
4.305127620697021484e+00,6.370216369628906250e+00,-1.786952781677246094e+01
4.351046085357666016e+00,6.435612201690673828e+00,-1.785198402404785156e+01
-4.778173267841339111e-01,1.092519569396972656e+01,1.748227310180664062e+01
-3.294347524642944336e+00,1.968084716796875000e+01,2.130702972412109375e+00
-8.573821187019348145e-02,1.726525497436523438e+01,1.233624744415283203e+01
1.898739624023437500e+01,5.672904968261718750e+00,-2.562791824340820312e+00
-2.323288202285766602e+00,-2.171643972396850586e+00,-1.806114196777343750e+01
1.642465209960937500e+01,-6.599752902984619141e+00,1.170702457427978516e+01
7.159157276153564453e+00,9.018430709838867188e+00,-7.739929556846618652e-01
4.392264842987060547e+00,6.482940673828125000e+00,-1.789576721191406250e+01
4.296634674072265625e+00,6.707553863525390625e+00,-1.767233276367187500e+01
-1.150712776184082031e+01,5.331858634948730469e+00,1.454904079437255859e+01
-1.252019762992858887e+00,3.910519599914550781e+00,-2.780859947204589844e+00
8.445608139038085938e+00,-1.446739292144775391e+01,1.921555399894714355e+00
3.216259002685546875e+00,-3.075741291046142578e+00,-8.952884674072265625e+00
-4.253507137298583984e+00,-1.277208232879638672e+01,6.395670413970947266e+00
2.782483100891113281e+00,-9.155795097351074219e+00,-1.536120891571044922e+01
1.207629203796386719e+01,1.708100509643554688e+01,8.585696220397949219e-01
1.386691570281982422e+01,1.860761070251464844e+01,7.681301593780517578e+00
2.329244852066040039e+00,6.101281166076660156e+00,-2.420075654983520508e+00
1.044294261932373047e+01,9.465478897094726562e+00,1.173077011108398438e+01
8.139731407165527344e+00,-1.542384177446365356e-01,1.635462760925292969e+01
6.152313709259033203e+00,5.914931774139404297e+00,5.387759685516357422e+00
1.365290164947509766e+01,4.374614238739013672e+00,-1.275028991699218750e+01
1.052419662475585938e+01,9.513422966003417969e+00,1.168718910217285156e+01
4.032448768615722656e+00,-5.374033451080322266e+00,7.334239482879638672e+00
1.385346126556396484e+01,-4.481049537658691406e+00,-1.460591793060302734e+01
-1.628808975219726562e+01,-4.467700004577636719e+00,-2.445652246475219727e+00
1.209302234649658203e+01,1.703989219665527344e+01,8.927200436592102051e-01
-6.694883823394775391e+00,-8.095720291137695312e+00,1.715404319763183594e+01
-8.438749909400939941e-01,1.059033966064453125e+01,1.757458496093750000e+01
-5.952106475830078125e+00,1.417645072937011719e+01,-1.473773765563964844e+01
2.177085876464843750e+01,-4.049504756927490234e+00,-1.074429273605346680e+00
1.350422954559326172e+01,1.825494194030761719e+01,8.067435264587402344e+00
-2.355012655258178711e+00,-2.203403949737548828e+00,-1.804834747314453125e+01
1.547615814208984375e+01,1.296683883666992188e+01,-4.711181163787841797e+00
-6.768138885498046875e+00,1.929615592956542969e+01,-5.288198947906494141e+00
-7.404866814613342285e-01,1.069757366180419922e+01,1.759800148010253906e+01
1.380907630920410156e+01,4.564011573791503906e+00,-1.263442611694335938e+01
5.279570102691650391e+00,-6.156536102294921875e+00,1.467022705078125000e+01
-5.047882199287414551e-01,4.631678581237792969e+00,6.950928688049316406e+00
2.106650352478027344e+01,8.067724227905273438e+00,8.843533515930175781e+00
1.056069564819335938e+01,9.550745010375976562e+00,1.164959335327148438e+01
-6.699581623077392578e+00,-8.101674079895019531e+00,1.715526580810546875e+01
-1.116227626800537109e+01,-8.383441716432571411e-02,-4.723351478576660156e+00
4.095074176788330078e+00,3.129583895206451416e-01,2.466435670852661133e+00
1.535940933227539062e+01,-1.171919250488281250e+01,5.890574455261230469e+00
1.184514999389648438e+00,-1.182220458984375000e+01,9.110959172248840332e-01
-6.537399768829345703e+00,-7.934623241424560547e+00,1.698852348327636719e+01
1.361461830139160156e+01,4.345567226409912109e+00,-1.260361003875732422e+01
8.545403480529785156e+00,1.771916770935058594e+01,-4.219694614410400391e+00
6.202293634414672852e-01,4.992362022399902344e+00,5.066607519984245300e-02
-9.920380592346191406e+00,1.401277923583984375e+01,2.407760858535766602e+00
-1.074397182464599609e+01,-5.560615062713623047e+00,1.089574623107910156e+01
2.802878618240356445e+00,3.389451026916503906e+00,-4.901770591735839844e+00
-3.290410518646240234e+00,1.968488502502441406e+01,2.126513719558715820e+00
1.483072566986083984e+01,-8.451686859130859375e+00,-5.929752349853515625e+00
1.432332420349121094e+01,1.887989234924316406e+01,7.847312450408935547e+00
4.024214267730712891e+00,-5.382307529449462891e+00,7.325979232788085938e+00
1.044480800628662109e+01,9.445627212524414062e+00,1.176610565185546875e+01
1.213466930389404297e+01,-6.371510505676269531e+00,1.169566035270690918e+00
3.453997850418090820e+00,-3.550373613834381104e-01,2.894279003143310547e+00
-1.186587905883789062e+01,-1.158864212036132812e+01,5.569482326507568359e+00
1.900675964355468750e+01,5.711365699768066406e+00,-2.573063135147094727e+00
5.532704830169677734e+00,-5.310534954071044922e+00,-1.694010162353515625e+01
1.217013454437255859e+01,-6.385726451873779297e+00,1.169913530349731445e+00
-4.844835996627807617e-01,1.748337364196777344e+01,1.219315147399902344e+01
9.095971107482910156e+00,8.076433181762695312e+00,-1.083791542053222656e+01
8.515024185180664062e+00,1.787726593017578125e+01,-2.877143144607543945e+00
1.106766605377197266e+01,-4.003492832183837891e+00,-5.433174610137939453e+00
1.359970927238464355e+00,2.350313758850097656e+01,-7.029283046722412109e+00
4.255774974822998047e+00,6.364727020263671875e+00,-1.784007072448730469e+01
-5.261878967285156250e+00,5.489354610443115234e+00,-1.832278823852539062e+01
4.496688842773437500e+00,6.612882614135742188e+00,-1.794743347167968750e+01
2.431821346282958984e+00,6.012520313262939453e+00,-2.341215372085571289e+00
-5.127264022827148438e+00,3.134495258331298828e+00,1.523945808410644531e+00
8.750168681144714355e-01,2.056469678878784180e+00,-2.917400002479553223e-01
-9.956043243408203125e+00,1.405169963836669922e+01,2.410622596740722656e+00
1.568852233886718750e+01,1.319485950469970703e+01,-4.566737174987792969e+00
-2.758363246917724609e+00,-7.735127449035644531e+00,9.368631362915039062e+00
2.068217086791992188e+01,1.188712000846862793e+00,3.771128177642822266e+00
-6.084032058715820312e+00,1.402500629425048828e+01,-1.480752849578857422e+01
2.204786491394042969e+01,9.092790603637695312e+00,-7.193058013916015625e+00
-7.077224731445312500e+00,8.387372970581054688e+00,1.187381839752197266e+01
-5.222191333770751953e+00,5.423202991485595703e+00,-1.838894462585449219e+01
1.208806228637695312e+01,1.706818580627441406e+01,8.709094524383544922e-01
4.291969776153564453e+00,6.382523536682128906e+00,-1.788043212890625000e+01
1.410037231445312500e+01,-2.180310487747192383e+00,1.473074722290039062e+01
-9.859658479690551758e-01,1.280670881271362305e+00,2.253156089782714844e+01
9.435608863830566406e+00,1.238467311859130859e+01,-1.154819488525390625e+01
-6.029844284057617188e+00,1.403281307220458984e+01,-1.449584102630615234e+01
-1.011804103851318359e+00,3.181862831115722656e+00,9.386504292488098145e-01
-7.433165311813354492e-01,6.058906555175781250e+00,1.193733662366867065e-01
-1.179635429382324219e+01,-1.161117935180664062e+01,5.546793460845947266e+00
-9.601122856140136719e+00,-3.365217924118041992e+00,-1.157277202606201172e+01
1.870175170898437500e+01,-6.997681140899658203e+00,4.742202281951904297e+00
1.905653190612792969e+01,3.641784667968750000e+00,1.287456130981445312e+01
4.145825386047363281e+00,6.265132427215576172e+00,-1.768077468872070312e+01
1.375920867919921875e+01,1.846555900573730469e+01,7.839164257049560547e+00
4.306822299957275391e+00,6.445020675659179688e+00,-1.778762626647949219e+01
4.903294086456298828e+00,1.577239513397216797e+01,7.202848434448242188e+00
1.894673538208007812e+01,3.648257255554199219e+00,1.299457550048828125e+01
4.114903926849365234e+00,6.235235691070556641e+00,-1.765207481384277344e+01
-5.896753311157226562e+00,1.420871162414550781e+01,-1.477883815765380859e+01
1.375895404815673828e+01,1.844843101501464844e+01,7.810183048248291016e+00
-5.243689060211181641e+00,1.100077342987060547e+01,-5.195386409759521484e+00
1.375153732299804688e+01,1.867382240295410156e+01,7.532065868377685547e+00
5.547685146331787109e+00,-5.286081790924072266e+00,-1.696419334411621094e+01
-4.405137538909912109e+00,-1.005040526390075684e+00,6.254628658294677734e+00
-2.369987964630126953e+00,4.062534272670745850e-01,1.457923698425292969e+01
-8.544968605041503906e+00,5.586657047271728516e+00,-3.182080984115600586e+00
4.064368247985839844e+00,5.930559635162353516e+00,-1.807044982910156250e+00
6.854911804199218750e+00,4.646969318389892578e+00,4.696459293365478516e+00
2.062429237365722656e+01,1.246621727943420410e+00,3.823625802993774414e+00
-9.765959739685058594e+00,1.372102737426757812e+01,2.205807685852050781e+00
-1.115589809417724609e+01,-9.652930498123168945e-02,-4.679893970489501953e+00
6.373796463012695312e+00,2.907233715057373047e+00,8.937238693237304688e+00
-4.307338714599609375e+00,-1.301907444000244141e+01,-1.395030379295349121e+00
-1.872038459777832031e+01,2.087587833404541016e+00,-1.286606073379516602e+00
-1.367659449577331543e+00,-6.077733993530273438e+00,-9.085558891296386719e+00
1.392874336242675781e+01,4.561127662658691406e+00,-1.280274677276611328e+01
1.049579429626464844e+01,9.486727714538574219e+00,1.171586036682128906e+01
2.693722963333129883e+00,5.651600837707519531e+00,1.984412956237792969e+01
5.295181751251220703e+00,-6.171730995178222656e+00,1.468538379669189453e+01
-6.075259208679199219e+00,1.394598674774169922e+01,-1.450466823577880859e+01
-1.096932125091552734e+01,2.535935401916503906e+00,-1.593464279174804688e+01
-1.201970386505126953e+01,5.019307732582092285e-01,1.043719100952148438e+01
2.180995559692382812e+01,-4.011516094207763672e+00,-1.116365194320678711e+00
1.185311913490295410e+00,-1.182175445556640625e+01,9.103114008903503418e-01
1.015599060058593750e+01,-1.369163322448730469e+01,-4.220948696136474609e+00
4.019008159637451172e+00,-5.387457370758056641e+00,7.320889472961425781e+00
2.207318305969238281e+01,9.118120193481445312e+00,-7.167598247528076172e+00
1.896890640258789062e+01,3.726117372512817383e+00,1.294372463226318359e+01
2.108116149902343750e+01,8.052863121032714844e+00,8.829298973083496094e+00
3.617212772369384766e-01,-7.931950092315673828e+00,-4.480669021606445312e+00
-4.357875347137451172e+00,-1.287540435791015625e+01,6.292249679565429688e+00
-9.495365142822265625e+00,1.367043972015380859e+01,2.677383422851562500e+00
-4.358125209808349609e+00,-1.287600326538085938e+01,6.292131423950195312e+00
5.275754451751708984e+00,-6.211633682250976562e+00,1.467971706390380859e+01
8.156137466430664062e+00,-1.517731398344039917e-01,1.633345222473144531e+01
6.555118083953857422e+00,8.564016819000244141e-01,-1.703795623779296875e+01
1.348527526855468750e+01,1.824237060546875000e+01,8.077174186706542969e+00
4.878750324249267578e+00,1.579735946655273438e+01,7.175817012786865234e+00
2.110437011718750000e+01,8.029891967773437500e+00,8.805804252624511719e+00
3.395282030105590820e+00,6.600723743438720703e+00,-1.747798204421997070e+00
8.680356025695800781e+00,1.897151184082031250e+01,-3.218743324279785156e+00
8.684418678283691406e+00,1.889683914184570312e+01,-3.305706024169921875e+00
3.407079935073852539e+00,5.933710098266601562e+00,-1.253696084022521973e+00
-9.721199989318847656e+00,1.398844528198242188e+01,2.565348148345947266e+00
1.902741241455078125e+01,3.667873382568359375e+00,1.292075538635253906e+01
4.371064186096191406e+00,6.494858264923095703e+00,-1.783682441711425781e+01
-1.689194107055664062e+01,1.088269042968750000e+01,-2.913905143737792969e+00
-9.779608726501464844e+00,1.388266849517822266e+01,2.500367164611816406e+00
-1.625179290771484375e+01,7.112112998962402344e+00,7.937962532043457031e+00
2.637455463409423828e+00,6.460544109344482422e+00,2.842556715011596680e+00
-5.222732543945312500e+00,5.452587127685546875e+00,-1.835955619812011719e+01
8.665334701538085938e+00,1.892068099975585938e+01,-3.328373193740844727e+00
-6.666497707366943359e+00,-8.063804626464843750e+00,1.718570137023925781e+01
-1.241639041900634766e+01,-2.436713218688964844e+00,4.204371929168701172e+00
1.395115756988525391e+01,4.624258995056152344e+00,-1.281100749969482422e+01
4.066350460052490234e+00,1.418799114227294922e+01,1.337371945381164551e+00
1.898443984985351562e+01,5.686868190765380859e+00,-2.550326108932495117e+00
1.363474273681640625e+01,4.359764575958251953e+00,-1.275669956207275391e+01
1.113287448883056641e+01,-3.937444210052490234e+00,-5.503748416900634766e+00
-2.236802875995635986e-01,1.730853462219238281e+01,1.241578292846679688e+01
1.401789093017578125e+01,4.329527378082275391e+00,-1.270132827758789062e+01
1.356070613861083984e+01,1.830337715148925781e+01,7.990296840667724609e+00
2.593537330627441406e+00,5.174104690551757812e+00,-3.285596847534179688e+00
1.482978343963623047e+01,-8.450696945190429688e+00,-5.930609703063964844e+00
-1.096598720550537109e+01,2.534213781356811523e+00,-1.593754386901855469e+01
-5.968291282653808594e+00,1.411976242065429688e+01,-1.479428005218505859e+01
1.385258388519287109e+01,-4.480345249176025391e+00,-1.456008911132812500e+01
-5.221997737884521484e+00,5.450864315032958984e+00,-1.836145782470703125e+01
1.373358345031738281e+01,4.437658309936523438e+00,-1.274782752990722656e+01
1.398947429656982422e+01,4.630101680755615234e+00,-1.282124042510986328e+01
-7.799558639526367188e-01,1.065809917449951172e+01,1.762648200988769531e+01
-8.665762901306152344e+00,-7.054051399230957031e+00,-1.150203704833984375e+00
-5.898149490356445312e+00,1.415640449523925781e+01,-1.462343215942382812e+01
1.605175852775573730e+00,7.562872409820556641e+00,4.531370162963867188e+00
-3.739012777805328369e-02,1.710416603088378906e+01,1.227258300781250000e+01
-1.201488304138183594e+01,5.066630244255065918e-01,1.043239879608154297e+01
-6.142570018768310547e+00,1.387420558929443359e+01,-1.450123786926269531e+01
1.382245349884033203e+01,4.698278427124023438e+00,-1.254748725891113281e+01
1.870320510864257812e+01,-6.995994091033935547e+00,4.740913391113281250e+00
-6.020901679992675781e+00,1.406227207183837891e+01,-1.475710487365722656e+01
-1.202935576438903809e+00,3.224812030792236328e+00,1.958256483078002930e+00
2.183906555175781250e+01,-3.989378690719604492e+00,-1.142081975936889648e+00
-5.959845066070556641e+00,1.401129722595214844e+01,-1.431621456146240234e+01
1.905260658264160156e+01,5.754961967468261719e+00,-2.618924379348754883e+00
1.362449645996093750e+01,4.369836330413818359e+00,-1.263348197937011719e+01
-9.234526157379150391e-01,5.161804676055908203e+00,7.056765556335449219e+00
-1.523883247375488281e+01,4.113842487335205078e+00,-7.669138431549072266e+00
1.209220123291015625e+01,1.706418228149414062e+01,8.751844167709350586e-01
1.375552940368652344e+01,4.571402072906494141e+00,-1.262884235382080078e+01
1.369750213623046875e+01,4.406990051269531250e+00,-1.276933479309082031e+01
1.380851268768310547e+01,4.573328971862792969e+00,-1.263411617279052734e+01
1.737932801246643066e+00,2.311518096923828125e+01,-6.898563861846923828e+00
-5.037192106246948242e-01,4.631518840789794922e+00,6.951483249664306641e+00
-9.468809962272644043e-01,3.562527894973754883e-01,3.195539236068725586e+00
6.755163192749023438e+00,-7.215781211853027344e+00,-8.223474025726318359e-02
-9.606423377990722656e+00,1.372385883331298828e+01,2.511861085891723633e+00
1.600937962532043457e+00,7.564918994903564453e+00,4.526250362396240234e+00
-9.719873428344726562e+00,1.400578212738037109e+01,2.599363803863525391e+00
-6.689826965332031250e+00,1.936666297912597656e+01,-5.249152183532714844e+00
-6.739365100860595703e+00,1.930331420898437500e+01,-5.175325870513916016e+00
2.178660392761230469e+01,-4.044943809509277344e+00,-1.090262889862060547e+00
2.177688026428222656e+01,-4.046218872070312500e+00,-1.080536484718322754e+00
3.613009452819824219e-01,-7.932390689849853516e+00,-4.480098247528076172e+00
-6.507990360260009766e-01,1.081421184539794922e+01,1.768067359924316406e+01
6.537947177886962891e+00,8.736057877540588379e-01,-1.701676940917968750e+01
3.950879573822021484e+00,-1.233203983306884766e+01,-9.624279975891113281e+00
-1.635495567321777344e+01,7.214410781860351562e+00,8.041135787963867188e+00
9.088848114013671875e+00,8.869624137878417969e+00,2.681981086730957031e+00
-1.871308326721191406e+01,2.081223011016845703e+00,-1.292925953865051270e+00
-1.061344742774963379e-01,1.757194137573242188e+01,1.221305274963378906e+01
-1.043378067016601562e+01,-8.606773376464843750e+00,-7.963736534118652344e+00
6.343369007110595703e+00,1.119241809844970703e+01,-6.900476932525634766e+00
-2.331889867782592773e+00,-2.180235385894775391e+00,-1.802895545959472656e+01
-1.630699920654296875e+01,-4.486587047576904297e+00,-2.464633703231811523e+00
2.521347761154174805e+00,1.803330421447753906e+01,1.230783224105834961e+00
-1.868247413635253906e+01,2.049963951110839844e+00,-1.324375867843627930e+00
7.576132297515869141e+00,9.695076942443847656e+00,-2.763923168182373047e+00
-1.632875442504882812e+01,-4.508102893829345703e+00,-2.486242771148681641e+00
1.869808197021484375e+01,-7.001078605651855469e+00,4.746152877807617188e+00
-1.096913242340087891e+01,2.535029888153076172e+00,-1.593577957153320312e+01
-7.076108932495117188e+00,8.386139869689941406e+00,1.187501239776611328e+01
-1.934914737939834595e-01,1.743362808227539062e+01,1.248168182373046875e+01
-6.336833350360393524e-03,1.718036270141601562e+01,1.230723381042480469e+01
4.250034809112548828e+00,6.726839542388916016e+00,-1.760424995422363281e+01
-8.380971908569335938e+00,1.031900215148925781e+01,7.107165813446044922e+00
2.183481216430664062e+00,7.539847373962402344e+00,-1.304302096366882324e+00
5.408293247222900391e+00,6.254796981811523438e+00,-2.225746154785156250e+00
4.304012298583984375e+00,5.403301715850830078e+00,-4.139728546142578125e+00
7.149312496185302734e+00,9.008451461791992188e+00,-7.636848688125610352e-01
3.948134183883666992e+00,-1.232048130035400391e+01,-9.635719299316406250e+00
1.184783220291137695e+00,-1.182211780548095703e+01,9.108407497406005859e-01
3.008517503738403320e+00,3.068945884704589844e+00,-5.242977619171142578e+00
-8.530886650085449219e+00,5.595393657684326172e+00,-3.168483018875122070e+00
-4.292875766754150391e+00,-1.300306987762451172e+01,-1.409749150276184082e+00
-1.116937351226806641e+01,-8.240167051553726196e-02,-4.666997909545898438e+00
-6.751866638660430908e-02,1.749716758728027344e+01,1.270326709747314453e+01
8.584654331207275391e-01,3.331016302108764648e+00,-9.934714436531066895e-01
-2.619429349899291992e+00,7.095028460025787354e-02,1.436656856536865234e+01
1.550184249877929688e+01,1.300069999694824219e+01,-4.676375389099121094e+00
1.483871936798095703e+01,-8.459565162658691406e+00,-5.921961784362792969e+00
-4.258638381958007812e+00,-1.297207069396972656e+01,-1.447833538055419922e+00
2.177709197998046875e+01,-4.045522212982177734e+00,-1.080576896667480469e+00
-6.317265510559082031e+00,-6.890354633331298828e+00,2.854702949523925781e+00
2.519698858261108398e+00,1.802143478393554688e+01,1.227386593818664551e+00
9.947948455810546875e+00,9.270045280456542969e+00,1.114833259582519531e+01
2.689779281616210938e+00,1.764834976196289062e+01,1.351479887962341309e+00
-2.358095169067382812e+00,4.149710834026336670e-01,1.459113597869873047e+01
1.529985618591308594e+01,-1.165962314605712891e+01,5.950411796569824219e+00
6.583241462707519531e+00,9.168294668197631836e-01,-1.697202301025390625e+01
-2.726275920867919922e+00,-7.767001628875732422e+00,9.400408744812011719e+00
-6.006103992462158203e+00,1.401371479034423828e+01,-1.475945091247558594e+01
8.425457954406738281e+00,1.791254234313964844e+01,-2.777107715606689453e+00
-5.876322746276855469e+00,1.418130207061767578e+01,-1.486149597167968750e+01
2.061627197265625000e+01,1.256831049919128418e+00,3.833874702453613281e+00
-2.738251447677612305e+00,-1.286498928070068359e+01,-9.107260704040527344e+00
3.037031173706054688e+00,3.046247959136962891e+00,-5.140492439270019531e+00
2.112025260925292969e+01,8.013848304748535156e+00,8.790208816528320312e+00
1.898594093322753906e+01,5.688467502593994141e+00,-2.552004575729370117e+00
-4.829490482807159424e-01,1.088409805297851562e+01,1.746706199645996094e+01
-1.095633697509765625e+01,2.535865783691406250e+00,-1.592312717437744141e+01
1.030501365661621094e+01,9.318752288818359375e+00,1.190610790252685547e+01
7.392537117004394531e+00,7.240589618682861328e+00,8.514970779418945312e+00
3.604182004928588867e-01,-7.933321475982666016e+00,-4.479347229003906250e+00
-9.864342689514160156e+00,1.390464973449707031e+01,2.416344165802001953e+00
1.964941596984863281e+01,2.583066701889038086e+00,-1.445326709747314453e+01
-2.808768749237060547e+00,-1.279268550872802734e+01,-9.033727645874023438e+00
7.449539899826049805e-01,1.241146373748779297e+01,-2.385166168212890625e+00
1.866373443603515625e+01,-6.976493835449218750e+00,4.780268669128417969e+00
1.644586205482482910e+00,7.555785655975341797e+00,4.521804332733154297e+00
1.198164343833923340e+00,6.414253711700439453e+00,2.625369310379028320e+00
-7.096892356872558594e+00,4.298254966735839844e+00,6.321462154388427734e+00
-6.706198692321777344e+00,1.922938156127929688e+01,-5.155263900756835938e+00
6.281391620635986328e+00,1.000248813629150391e+01,-1.555774211883544922e+00
-6.737254142761230469e+00,1.927397537231445312e+01,-5.216718673706054688e+00
-1.202658563852310181e-01,1.733369064331054688e+01,1.225375747680664062e+01
-5.848173141479492188e+00,1.383577442169189453e+01,-1.469941806793212891e+01
-6.836257934570312500e+00,1.919548416137695312e+01,-5.127814769744873047e+00
-9.603987693786621094e+00,1.397486114501953125e+01,2.858983278274536133e+00
6.540818691253662109e+00,8.741251230239868164e-01,-1.701320266723632812e+01
-1.181737995147705078e+01,1.060698032379150391e+01,-8.049880027770996094e+00
3.216378688812255859e+00,-3.075988531112670898e+00,-8.952954292297363281e+00
-9.646221160888671875e+00,1.374767875671386719e+01,2.486469745635986328e+00
-9.900499343872070312e+00,1.401471710205078125e+01,2.465048313140869141e+00
-3.410810828208923340e-01,1.737679481506347656e+01,1.233375549316406250e+01
2.185561370849609375e+01,-4.116423606872558594e+00,-1.158751010894775391e+00
3.963272094726562500e+00,1.802433282136917114e-01,2.559012651443481445e+00
2.207681083679199219e+01,9.121785163879394531e+00,-7.163869857788085938e+00
-3.120357692241668701e-01,1.748289680480957031e+01,1.223842811584472656e+01
-3.881230652332305908e-01,1.721714401245117188e+01,1.239297485351562500e+01
9.771304130554199219e+00,-3.533766746520996094e+00,8.039566040039062500e+00
1.414383411407470703e+01,-2.221774578094482422e+00,1.476821327209472656e+01
1.394680690765380859e+01,4.562061786651611328e+00,-1.283548927307128906e+01
8.444601058959960938e+00,1.788510131835937500e+01,-2.833063840866088867e+00
-3.465136289596557617e-01,1.108302402496337891e+01,1.760480880737304688e+01
1.535025787353515625e+01,1.283592128753662109e+01,-4.857882499694824219e+00
-1.041216373443603516e+01,-8.581614494323730469e+00,-7.997335433959960938e+00
4.094549655914306641e+00,-1.218769550323486328e+01,-9.767907142639160156e+00
9.791093826293945312e+00,-8.863694190979003906e+00,-9.203202247619628906e+00
-5.044990777969360352e-01,1.084658336639404297e+01,1.744372940063476562e+01
-4.808160960674285889e-01,1.094672775268554688e+01,1.783781051635742188e+01
2.067531776428222656e+01,1.196274995803833008e+00,3.772832155227661133e+00
-5.223329544067382812e+00,5.451480388641357422e+00,-1.836068916320800781e+01
-5.777148246765136719e+00,1.426402282714843750e+01,-1.495263957977294922e+01
-1.872358131408691406e+01,2.115118026733398438e+00,-1.259842157363891602e+00
-1.115559577941894531e+01,-1.203300282359123230e-01,-4.668005466461181641e+00
-2.234866142272949219e+00,6.295597553253173828e+00,-1.768505811691284180e+00
1.872592735290527344e+01,-6.972059249877929688e+00,4.764550209045410156e+00
-1.631751060485839844e+01,-4.496512413024902344e+00,-2.475018262863159180e+00
-7.501475214958190918e-01,1.069060420989990234e+01,1.763092422485351562e+01
4.508708953857421875e+00,6.631543159484863281e+00,-1.795066070556640625e+01
-2.234786748886108398e+00,6.295621395111083984e+00,-1.768336415290832520e+00
2.173009872436523438e+01,-4.078794479370117188e+00,-1.087738633155822754e+00
6.279317378997802734e+00,4.666362285614013672e+00,6.323345184326171875e+00
-8.403647422790527344e+00,1.034156894683837891e+01,7.130180835723876953e+00
1.771313095092773438e+01,-3.389520347118377686e-01,-4.587582588195800781e+00
-9.532017707824707031e+00,-3.257527828216552734e+00,-1.165094184875488281e+01
2.744043111801147461e+00,6.380359649658203125e+00,2.721968173980712891e+00
4.018971443176269531e+00,-5.387589931488037109e+00,7.320746421813964844e+00
-6.023552417755126953e+00,1.409683895111083984e+01,-1.479743957519531250e+01
5.295982360839843750e+00,-6.172295570373535156e+00,1.468618011474609375e+01
1.569404125213623047e+01,1.319418716430664062e+01,-4.567763805389404297e+00
4.147363185882568359e+00,6.268260002136230469e+00,-1.768193054199218750e+01
8.571610450744628906e+00,1.774704742431640625e+01,-4.193979263305664062e+00
1.424933815002441406e+01,1.881360435485839844e+01,7.811850547790527344e+00
1.211980247497558594e+01,1.703618812561035156e+01,9.031623601913452148e-01
-1.006233811378479004e+00,3.180123805999755859e+00,9.205592870712280273e-01
1.386172962188720703e+01,4.593706130981445312e+00,-1.271242809295654297e+01
1.390327644348144531e+01,4.774758815765380859e+00,-1.250779247283935547e+01
-9.779354095458984375e+00,1.392430973052978516e+01,2.492340326309204102e+00
-2.713167905807495117e+00,-7.779991149902343750e+00,9.413306236267089844e+00
-8.373445868492126465e-01,9.287989616394042969e+00,3.886442661285400391e+00
-8.386085629463195801e-01,9.289015769958496094e+00,3.885250568389892578e+00
4.281656742095947266e+00,6.407503604888916016e+00,-1.777547073364257812e+01
4.279632091522216797e+00,6.394771575927734375e+00,-1.778069686889648438e+01
1.402472877502441406e+01,4.338583946228027344e+00,-1.270612907409667969e+01
1.867808341979980469e+01,-6.967303276062011719e+00,4.769202709197998047e+00
-6.578899919986724854e-02,1.719279670715332031e+01,1.249760437011718750e+01
-7.085062026977539062e+00,4.310029983520507812e+00,6.310705184936523438e+00
2.600816726684570312e+00,4.465957164764404297e+00,-4.246802330017089844e+00
-5.231556892395019531e+00,1.097989177703857422e+01,-5.189938545227050781e+00
2.935189008712768555e+00,3.172087430953979492e+00,-5.141474723815917969e+00
1.868870162963867188e+01,-6.991763114929199219e+00,4.758372783660888672e+00
-1.179970645904541016e+01,-1.161915302276611328e+01,5.590616226196289062e+00
4.429647445678710938e+00,-1.510456848144531250e+01,7.983803749084472656e+00
-2.456162720918655396e-01,1.730125045776367188e+01,1.242942810058593750e+01
4.258534908294677734e+00,6.759677886962890625e+00,-1.760052108764648438e+01
1.375120830535888672e+01,4.443654060363769531e+00,-1.277041149139404297e+01
-2.631507515907287598e-01,1.736760139465332031e+01,1.242271518707275391e+01
1.979001015424728394e-01,4.080101013183593750e+00,1.351550459861755371e+00
-1.238066196441650391e+01,-2.472564697265625000e+00,4.240184307098388672e+00
-1.353677064180374146e-01,1.730768013000488281e+01,1.243149757385253906e+01
1.483149337768554688e+01,-8.452267646789550781e+00,-5.929001808166503906e+00
-1.691422271728515625e+01,1.089648914337158203e+01,-2.936187505722045898e+00
-2.374979019165039062e+00,-2.223983049392700195e+00,-1.806812667846679688e+01
1.041794395446777344e+01,9.423993110656738281e+00,1.179346275329589844e+01
2.205459976196289062e+01,9.099591255187988281e+00,-7.186133861541748047e+00
-5.245889186859130859e+00,5.472365379333496094e+00,-1.833980369567871094e+01
5.512067317962646484e+00,-5.335540771484375000e+00,-1.690223884582519531e+01
1.536586475372314453e+01,1.280326843261718750e+01,-4.837162017822265625e+00
1.910161972045898438e+01,5.795286178588867188e+00,-2.668422937393188477e+00
-1.420930474996566772e-01,-1.284138298034667969e+01,1.382720661163330078e+01
-1.095110321044921875e+01,2.550963640213012695e+00,-1.591811180114746094e+01
-1.114171695709228516e+01,-1.079901829361915588e-01,-4.693767547607421875e+00
9.089973449707031250e+00,8.081438064575195312e+00,-1.083193778991699219e+01
1.965912246704101562e+01,2.570592880249023438e+00,-1.443761539459228516e+01
8.447092056274414062e+00,-1.447009181976318359e+01,1.924593210220336914e+00
4.427467823028564453e+00,-1.510243511199951172e+01,7.986611843109130859e+00
1.395955753326416016e+01,1.867743301391601562e+01,7.895463943481445312e+00
2.600227355957031250e+00,4.465714931488037109e+00,-4.246143341064453125e+00
7.590589523315429688e+00,9.678806304931640625e+00,-2.752861261367797852e+00
1.427322864532470703e+01,1.882456779479980469e+01,7.833843231201171875e+00
8.446494102478027344e+00,1.788344764709472656e+01,-2.806039810180664062e+00
-1.181836223602294922e+01,1.060811710357666016e+01,-8.050072669982910156e+00
2.060736846923828125e+01,1.229893207550048828e+00,3.840802431106567383e+00
5.295542716979980469e+00,-6.172213554382324219e+00,1.468514823913574219e+01
1.489317512512207031e+01,-8.403268814086914062e+00,-5.867037773132324219e+00
-4.630527794361114502e-01,1.096292209625244141e+01,1.758967781066894531e+01
-5.266108512878417969e+00,5.491406440734863281e+00,-1.832137870788574219e+01
8.568181037902832031e+00,1.776542282104492188e+01,-4.124722480773925781e+00
-1.388047218322753906e+00,-6.058048725128173828e+00,-9.070791244506835938e+00
-1.519519138336181641e+01,4.128669738769531250e+00,-7.712733268737792969e+00
-2.851947546005249023e+00,-1.274956893920898438e+01,-8.990230560302734375e+00
4.449434757232666016e+00,-1.512450885772705078e+01,7.964034080505371094e+00
1.641586685180664062e+01,-6.594104766845703125e+00,1.171577072143554688e+01
-2.377470970153808594e+00,-2.226026773452758789e+00,-1.807020568847656250e+01
2.184205818176269531e+01,-4.109223842620849609e+00,-1.146572589874267578e+00
1.013260746002197266e+01,-1.120273685455322266e+01,1.006591510772705078e+01
8.472848892211914062e+00,1.789542770385742188e+01,-2.820184469223022461e+00
1.404055023193359375e+01,1.871291160583496094e+01,7.749634742736816406e+00
1.073956966400146484e+01,4.728638648986816406e+00,1.833105659484863281e+01
1.212059497833251953e+01,-6.339105606079101562e+00,1.146232485771179199e+00
1.528337669372558594e+01,-1.164329814910888672e+01,5.965670108795166016e+00
1.966051864624023438e+01,2.570559024810791016e+00,-1.444123554229736328e+01
2.093416213989257812e+01,1.075354385375976562e+01,2.519985675811767578e+00
-5.190234661102294922e+00,-4.416797637939453125e+00,-1.421704101562500000e+01
1.516873645782470703e+01,9.756228923797607422e-01,7.788472652435302734e+00
1.005646896362304688e+01,-1.119435214996337891e+01,9.989803314208984375e+00
-6.706707477569580078e+00,-8.088771820068359375e+00,1.714495468139648438e+01
8.173668861389160156e+00,-1.217435002326965332e-01,1.632057952880859375e+01
1.377173614501953125e+01,1.865089416503906250e+01,7.410039901733398438e+00
-1.337035083770751953e+01,4.369788646697998047e+00,1.991080999374389648e+00
2.762410402297973633e+00,-9.107221603393554688e+00,-1.538114166259765625e+01
4.440431594848632812e+00,-1.511530685424804688e+01,7.973395347595214844e+00
1.903265762329101562e+01,3.742531061172485352e+00,1.297859668731689453e+01
9.792012214660644531e+00,-3.504352807998657227e+00,8.057326316833496094e+00
-1.162706661224365234e+01,5.451755046844482422e+00,1.466898250579833984e+01
7.090330123901367188e+00,5.511181831359863281e+00,5.136291980743408203e+00
1.529881000518798828e+01,-1.165774250030517578e+01,5.952178001403808594e+00
9.813568115234375000e+00,-8.885515213012695312e+00,-9.224906921386718750e+00
1.385262870788574219e+01,-4.480101585388183594e+00,-1.460378742218017578e+01
-4.281908988952636719e+00,1.962666273117065430e+00,-1.005668258666992188e+01
6.491683483123779297e+00,9.227368831634521484e-01,-1.706179046630859375e+01
1.073661136627197266e+01,4.725547790527343750e+00,1.833378410339355469e+01
1.479072189331054688e+01,-8.407216072082519531e+00,-5.970170497894287109e+00
1.520614027976989746e+00,2.991943597793579102e+00,1.296682000160217285e+00
6.103388309478759766e+00,1.007713222503662109e+01,-1.523979187011718750e+00
-6.821619033813476562e+00,1.921040916442871094e+01,-5.171177387237548828e+00
-1.167404842376708984e+01,-1.177638244628906250e+01,5.602320671081542969e+00
3.487296700477600098e-01,-7.945203304290771484e+00,-4.469619750976562500e+00
-5.226442813873291016e+00,5.454079151153564453e+00,-1.835811996459960938e+01
2.470778942108154297e+00,1.807392501831054688e+01,1.177659511566162109e+00
8.452655792236328125e+00,1.787471389770507812e+01,-2.816527366638183594e+00
-1.645544171333312988e+00,-1.640038371086120605e+00,-2.980834484100341797e+00
8.381967544555664062e+00,1.793336105346679688e+01,-2.737629890441894531e+00
1.201859951019287109e+01,1.713737297058105469e+01,8.020040392875671387e-01
1.389181804656982422e+01,1.849620437622070312e+01,7.809519290924072266e+00
9.824134826660156250e+00,-3.478390455245971680e+00,8.092114448547363281e+00
6.521103382110595703e+00,2.900869607925415039e+00,9.120308876037597656e+00
-1.098912525177001953e+01,2.512796163558959961e+00,-1.595638656616210938e+01
1.529546642303466797e+01,-1.165506172180175781e+01,5.954874515533447266e+00
-6.368859291076660156e+00,-6.838479518890380859e+00,2.906647920608520508e+00
1.571563911437988281e+01,1.321616172790527344e+01,-4.542423725128173828e+00
3.246432781219482422e+00,-3.110294580459594727e+00,-8.986379623413085938e+00
-9.965062141418457031e+00,1.405601882934570312e+01,2.411125659942626953e+00
2.093407440185546875e+01,1.075370883941650391e+01,2.519957780838012695e+00
2.509499073028564453e+00,1.803762817382812500e+01,1.217134594917297363e+00
-8.642688751220703125e+00,-7.077232360839843750e+00,-1.173374652862548828e+00
8.512331008911132812e+00,1.793144416809082031e+01,-2.753892898559570312e+00
-4.280253410339355469e+00,-1.299755573272705078e+01,-1.422642350196838379e+00
-5.000708103179931641e-01,8.987061500549316406e+00,4.326678752899169922e+00
-1.034018898010253906e+01,-8.509558677673339844e+00,-7.950051784515380859e+00
4.136067390441894531e+00,6.257779121398925781e+00,-1.767017173767089844e+01
-2.608469724655151367e+00,1.161272451281547546e-02,1.423833084106445312e+01
1.205418300628662109e+01,1.705406951904296875e+01,8.596814870834350586e-01
-1.873108863830566406e+01,2.099034786224365234e+00,-1.275653481483459473e+00
8.637389183044433594e+00,1.884759902954101562e+01,-3.258301973342895508e+00
-6.066114425659179688e+00,1.409859466552734375e+01,-1.472476577758789062e+01
4.390935420989990234e+00,6.534378528594970703e+00,-1.776520156860351562e+01
-1.637178659439086914e-01,8.176684379577636719e+00,3.325438737869262695e+00
4.141204833984375000e+00,6.260606765747070312e+00,-1.767723083496093750e+01
-1.243030643463134766e+01,-2.499004840850830078e+00,4.150115013122558594e+00
-9.641318321228027344e+00,-3.337828874588012695e+00,-1.153297233581542969e+01
-1.073487854003906250e+01,-5.555952548980712891e+00,1.090402412414550781e+01
8.574812889099121094e+00,1.876813507080078125e+01,-3.180153369903564453e+00
-1.033740901947021484e+01,-8.505270957946777344e+00,-7.982378482818603516e+00
1.968179130554199219e+01,2.540336370468139648e+00,-1.443231868743896484e+01
1.433946251869201660e+00,2.338434219360351562e+01,-6.905308246612548828e+00
7.582763433456420898e-01,3.422278642654418945e+00,-1.084732294082641602e+00
3.446072101593017578e+00,5.916735172271728516e+00,-1.790829420089721680e+00
1.210930919647216797e+01,1.704644393920898438e+01,8.926805257797241211e-01
1.223290443420410156e+00,7.042872905731201172e+00,3.309745788574218750e+00
-4.594691097736358643e-01,1.748563385009765625e+01,1.219532871246337891e+01
-9.487681388854980469e+00,1.366734218597412109e+01,2.680470943450927734e+00
-9.614790916442871094e+00,1.378661823272705078e+01,2.586290597915649414e+00
-6.824742257595062256e-02,3.969920635223388672e+00,1.710315823554992676e+00
-5.372143536806106567e-02,1.738991355895996094e+01,1.235314083099365234e+01
-8.658027648925781250e+00,-7.092992305755615234e+00,-1.188820600509643555e+00
-2.833079099655151367e+00,-1.276853466033935547e+01,-9.010474205017089844e+00
5.319317340850830078e+00,-6.147964000701904297e+00,1.467846584320068359e+01
1.047654438018798828e+01,9.476142883300781250e+00,1.173391342163085938e+01
-5.800829887390136719e+00,1.425844097137451172e+01,-1.481056499481201172e+01
-8.386878967285156250e-01,9.289073944091796875e+00,3.885237216949462891e+00
-8.672615289688110352e-01,5.104975700378417969e+00,7.004669666290283203e+00
-2.988021671772003174e-01,5.170618534088134766e+00,1.382552027702331543e+00
-6.282143592834472656e+00,1.377075099945068359e+01,-1.468842601776123047e+01
4.254406452178955078e+00,6.755830287933349609e+00,-1.759733390808105469e+01
1.868439102172851562e+01,-6.976797580718994141e+00,4.762583732604980469e+00
6.195396780967712402e-01,4.994195461273193359e+00,5.097787454724311829e-02
2.113409233093261719e+01,8.000288963317871094e+00,8.776159286499023438e+00
1.223550224304199219e+01,-6.453844547271728516e+00,1.112654447555541992e+00
-3.038938641548156738e-01,1.111801624298095703e+01,1.755244827270507812e+01
1.049306297302246094e+01,9.487365722656250000e+00,1.171809482574462891e+01
6.543786525726318359e+00,4.789680957794189453e+00,5.228508949279785156e+00
3.586998701095581055e+00,5.633965492248535156e+00,-5.025037750601768494e-02
6.740135669708251953e+00,5.342205047607421875e+00,5.111798763275146484e+00
7.333041429519653320e-01,1.242535591125488281e+01,-2.370839834213256836e+00
1.393622398376464844e+01,-4.563510894775390625e+00,-1.464492607116699219e+01
1.034937381744384766e+01,9.362467765808105469e+00,1.186201286315917969e+01
-1.181758594512939453e+01,1.060702610015869141e+01,-8.050029754638671875e+00
2.693854093551635742e+00,5.651495456695556641e+00,1.984427070617675781e+01
-3.927941918373107910e-01,1.738262748718261719e+01,1.234296226501464844e+01
3.616404235363006592e-01,-7.932209014892578125e+00,-4.480438232421875000e+00
8.486204743385314941e-01,2.087202548980712891e+00,-2.601964771747589111e-01
-9.136700034141540527e-01,1.190177559852600098e+00,2.244909858703613281e+01
4.636798858642578125e+00,6.024741172790527344e+00,-2.009219646453857422e+00
2.183686733245849609e+00,7.539763450622558594e+00,-1.304371833801269531e+00
1.907284736633300781e+01,3.621694564819335938e+00,1.302101039886474609e+01
1.057902050018310547e+01,9.563671112060546875e+00,1.163092803955078125e+01
-4.572941064834594727e-01,8.614595413208007812e+00,3.529789686203002930e+00
8.680899620056152344e+00,1.889602851867675781e+01,-3.301683664321899414e+00
-5.874620914459228516e+00,1.412563228607177734e+01,-1.463575553894042969e+01
8.525321006774902344e+00,1.779030609130859375e+01,-4.150578022003173828e+00
-6.133269309997558594e+00,1.393068981170654297e+01,-1.449544811248779297e+01
2.782817602157592773e+00,-9.151162147521972656e+00,-1.536049461364746094e+01
-7.106560230255126953e+00,8.416438102722167969e+00,1.184445762634277344e+01
-1.183815193176269531e+01,-1.160577583312988281e+01,5.548828125000000000e+00
9.856019973754882812e+00,-8.801307678222656250e+00,-9.141168594360351562e+00
1.964028358459472656e+01,2.589569568634033203e+00,-1.446267700195312500e+01
8.483731269836425781e+00,1.790331459045410156e+01,-2.767266988754272461e+00
5.261644124984741211e-01,1.301027011871337891e+01,2.568661212921142578e+00
6.418619155883789062e+00,4.551421165466308594e+00,4.588610172271728516e+00
-5.261942863464355469e+00,1.100503635406494141e+01,-5.192419528961181641e+00
-3.456959128379821777e-01,1.108637523651123047e+01,1.761708450317382812e+01
-4.327407836914062500e+00,-1.304413795471191406e+01,-1.375162959098815918e+00
-5.946162223815917969e+00,1.415991878509521484e+01,-1.491451454162597656e+01
1.398884582519531250e+01,1.845534324645996094e+01,7.587223052978515625e+00
1.372712898254394531e+01,1.864735794067382812e+01,7.388298988342285156e+00
1.426626110076904297e+01,1.883323669433593750e+01,7.814659118652343750e+00
-6.752557277679443359e+00,-8.150734901428222656e+00,1.710015869140625000e+01
2.330847263336181641e+00,6.101770877838134766e+00,-2.419101476669311523e+00
8.436928749084472656e+00,-1.449811458587646484e+01,1.951918244361877441e+00
-6.766364574432373047e+00,1.929429244995117188e+01,-5.260909557342529297e+00
-8.116289377212524414e-01,1.062854671478271484e+01,1.761157035827636719e+01
-7.076387882232666016e+00,8.386452674865722656e+00,1.187477684020996094e+01
8.122656822204589844e+00,-1.381042748689651489e-01,1.637197685241699219e+01
1.342491388320922852e+00,2.352290725708007812e+01,-7.048178195953369141e+00
-3.167877197265625000e-01,1.111121940612792969e+01,1.757509994506835938e+01
2.108300971984863281e+01,8.051203727722167969e+00,8.827498435974121094e+00
-9.669107437133789062e+00,1.401653480529785156e+01,2.643776178359985352e+00
-2.833054780960083008e+00,-1.276848125457763672e+01,-9.010428428649902344e+00
-1.691160774230957031e+01,1.081671237945556641e+01,-2.891005754470825195e+00
-1.347070026397705078e+01,4.470754146575927734e+00,2.052651405334472656e+00
4.903467655181884766e+00,1.577398395538330078e+01,7.201332092285156250e+00
-6.595740914344787598e-01,4.370495796203613281e+00,7.518245577812194824e-01
-4.254117965698242188e+00,1.990626811981201172e+00,-1.002896022796630859e+01
-1.635590171813964844e+01,7.215131282806396484e+00,8.041977882385253906e+00
-6.544666886329650879e-01,4.365905284881591797e+00,7.586680054664611816e-01
-1.199507904052734375e+01,5.338246822357177734e-01,1.040521621704101562e+01
1.108030319213867188e+01,-3.990410089492797852e+00,-5.451439380645751953e+00
1.397287559509277344e+01,4.538163661956787109e+00,-1.286493396759033203e+01
2.205338668823242188e+01,9.098347663879394531e+00,-7.187494277954101562e+00
-7.137869358062744141e+00,8.449604034423828125e+00,1.181132507324218750e+01
-4.262570858001708984e+00,-1.297972011566162109e+01,-1.440270662307739258e+00
2.890068531036376953e+00,-1.007720708847045898e+00,3.309130668640136719e+00
1.390747737884521484e+01,4.590318679809570312e+00,-1.278364753723144531e+01
6.203235387802124023e-01,4.992974281311035156e+00,4.978917911648750305e-02
1.209368610382080078e+01,1.706210327148437500e+01,8.770608901977539062e-01
1.104745769500732422e+01,-3.947405099868774414e+00,-5.408370971679687500e+00
-2.833072185516357422e+00,-1.276843452453613281e+01,-9.010288238525390625e+00
2.181996726989746094e+01,-4.093600273132324219e+00,-1.124301075935363770e+00
1.897360038757324219e+01,5.679901599884033203e+00,-2.547034025192260742e+00
-5.952759742736816406e+00,1.402383518218994141e+01,-1.433154201507568359e+01
-5.236056327819824219e+00,1.099559593200683594e+01,-5.185137271881103516e+00
-9.580729484558105469e+00,-3.386196374893188477e+00,-1.159378719329833984e+01
-1.633557128906250000e+01,-4.515201091766357422e+00,-2.493501424789428711e+00
8.566458702087402344e+00,1.775159835815429688e+01,-4.188169479370117188e+00
-5.974037170410156250e+00,1.409878730773925781e+01,-1.470584487915039062e+01
-2.645439505577087402e-01,1.746917343139648438e+01,1.244476413726806641e+01
-4.464157819747924805e-01,1.753038406372070312e+01,1.222853755950927734e+01
-4.299745082855224609e+00,-1.296776676177978516e+01,-1.452385663986206055e+00
-4.305811882019042969e+00,-1.302305984497070312e+01,-1.396921515464782715e+00
2.356558665633201599e-02,1.749505233764648438e+01,1.272247123718261719e+01
9.433407783508300781e+00,1.238232135772705078e+01,-1.154703426361083984e+01
-4.736317396163940430e-01,1.749059867858886719e+01,1.220951080322265625e+01
-3.360900163650512695e+00,1.961461830139160156e+01,2.196985244750976562e+00
-1.177184581756591797e+01,-1.167986869812011719e+01,5.612071990966796875e+00
8.442804336547851562e+00,1.786905860900878906e+01,-2.794821023941040039e+00
2.773001432418823242e+00,6.376541614532470703e+00,2.720039129257202148e+00
8.443496704101562500e+00,1.786479759216308594e+01,-2.796923160552978516e+00
9.432885169982910156e+00,1.238172626495361328e+01,-1.154478931427001953e+01
9.075745582580566406e+00,8.094912528991699219e+00,-1.081781291961669922e+01
-5.215844631195068359e+00,5.443257808685302734e+00,-1.836895561218261719e+01
-1.118884277343750000e+01,-1.565243750810623169e-01,-4.683617115020751953e+00
-1.638891601562500000e+01,7.184342861175537109e+00,8.075095176696777344e+00
1.007437133789062500e+01,-1.117617988586425781e+01,1.000776576995849609e+01
1.409703636169433594e+01,-2.174871206283569336e+00,1.472165393829345703e+01
-2.581381797790527344e+00,1.080050691962242126e-01,1.429298019409179688e+01
4.149191856384277344e+00,6.260403156280517578e+00,-1.768089866638183594e+01
-4.855923652648925781e-01,1.750926208496093750e+01,1.226602172851562500e+01
2.108154106140136719e+01,8.052700042724609375e+00,8.828678131103515625e+00
-4.238092899322509766e+00,2.008804559707641602e+00,-1.001062870025634766e+01
4.899821281433105469e+00,1.577655220031738281e+01,7.198568820953369141e+00
8.498603701591491699e-01,6.255363941192626953e+00,1.883621811866760254e+00
-1.201559543609619141e+01,5.062025189399719238e-01,1.043285942077636719e+01
2.772361755371093750e+00,6.376796722412109375e+00,2.720161199569702148e+00
-1.201562404632568359e+01,5.061128139495849609e-01,1.043282032012939453e+01
9.794280052185058594e+00,-8.862771987915039062e+00,-9.202308654785156250e+00
9.088879585266113281e+00,8.869625091552734375e+00,2.682017803192138672e+00
-6.699172019958496094e+00,-8.100516319274902344e+00,1.715211486816406250e+01
-1.161962032318115234e+01,5.444252490997314453e+00,1.466152667999267578e+01
1.056443977355957031e+01,9.552178382873535156e+00,1.164558124542236328e+01
-6.107329368591308594e+00,1.412781715393066406e+01,-1.470936298370361328e+01
-9.862404316663742065e-02,-5.846271038055419922e+00,9.761847257614135742e-01
8.138986587524414062e+00,-1.520168483257293701e-01,1.635525131225585938e+01
1.215689754486083984e+01,-6.375275135040283203e+00,1.182500481605529785e+00
1.965327835083007812e+01,2.576937675476074219e+00,-1.445036315917968750e+01
-1.181484794616699219e+01,1.060468101501464844e+01,-8.049669265747070312e+00
4.517575740814208984e+00,3.100251913070678711e+00,-1.245176434516906738e+00
-8.390654325485229492e-01,9.289431571960449219e+00,3.885295152664184570e+00
-9.624710679054260254e-02,-5.843996047973632812e+00,9.718915820121765137e-01
1.568712139129638672e+01,1.318922996520996094e+01,-4.806223869323730469e+00
-8.383297920227050781e+00,1.032118415832519531e+01,7.110126972198486328e+00
1.516374111175537109e+01,9.804757833480834961e-01,7.793544769287109375e+00
1.516127204895019531e+01,1.004664897918701172e+00,7.817297458648681641e+00
1.570414638519287109e+01,1.320811176300048828e+01,-4.558566570281982422e+00
-9.744700193405151367e-01,1.267603158950805664e+00,2.251964569091796875e+01
1.005465865135192871e+00,3.165530920028686523e+00,9.023883342742919922e-01
-6.679039955139160156e+00,1.919641876220703125e+01,-5.150146484375000000e+00
-1.340870952606201172e+01,4.408390998840332031e+00,1.958786487579345703e+00
1.641426658630371094e+01,-6.592703342437744141e+00,1.171736907958984375e+01
8.390146255493164062e+00,-1.856888175010681152e+00,1.465191960334777832e+00
-6.767878532409667969e+00,-8.033432960510253906e+00,1.708482742309570312e+01
-1.872213554382324219e+01,2.089850664138793945e+00,-1.284693121910095215e+00
-7.759736180305480957e-01,1.066754245758056641e+01,1.765248107910156250e+01
8.582960963249206543e-01,3.330748319625854492e+00,-9.937314391136169434e-01
-4.409208774566650391e+00,-1.009055018424987793e+00,6.251052379608154297e+00
-4.405415534973144531e+00,-1.005205869674682617e+00,6.254428386688232422e+00
-1.252259492874145508e+00,3.910764217376708984e+00,-2.780858755111694336e+00
8.680672645568847656e+00,1.887039375305175781e+01,-3.282708883285522461e+00
1.552758693695068359e+01,1.302494812011718750e+01,-4.607204914093017578e+00
1.567263603210449219e+01,1.317037487030029297e+01,-4.789159297943115234e+00
-1.346405029296875000e+00,-6.052007675170898438e+00,-9.059934616088867188e+00
1.904789733886718750e+01,5.750224590301513672e+00,-2.614996671676635742e+00
-1.633572959899902344e+01,7.193757534027099609e+00,8.021926879882812500e+00
8.138860702514648438e+00,-1.519489437341690063e-01,1.635546493530273438e+01
1.358621120452880859e+01,1.833916664123535156e+01,7.980499744415283203e+00
1.372861194610595703e+01,1.862526702880859375e+01,7.283975601196289062e+00
1.381387138366699219e+01,-4.454253673553466797e+00,-1.464289093017578125e+01
1.370423507690429688e+01,1.867465209960937500e+01,7.385218143463134766e+00
-1.872227096557617188e+01,2.090176582336425781e+00,-1.284324407577514648e+00
-1.688281250000000000e+01,1.086676979064941406e+01,-2.904035568237304688e+00
-5.336202979087829590e-01,1.086308288574218750e+01,1.751872825622558594e+01
3.005174875259399414e+00,3.072333335876464844e+00,-5.240778923034667969e+00
1.525645923614501953e+01,-1.160725021362304688e+01,6.002454757690429688e+00
1.010672283172607422e+01,-1.114441108703613281e+01,1.004026794433593750e+01
-5.236373901367187500e+00,5.435788154602050781e+00,-1.837646484375000000e+01
-1.414310455322265625e+00,-6.122643470764160156e+00,-9.127564430236816406e+00
1.412769079208374023e+00,2.344004821777343750e+01,-7.099170684814453125e+00
-5.302041172981262207e-01,1.732863616943359375e+01,1.243212795257568359e+01
3.005960226058959961e+00,3.071697235107421875e+00,-5.238985538482666016e+00
-6.332988739013671875e-01,1.085197830200195312e+01,1.782730865478515625e+01
1.073731899261474609e+01,4.726247787475585938e+00,1.833320045471191406e+01
6.740060806274414062e+00,-7.231426239013671875e+00,-6.651385128498077393e-02
-7.368564605712890625e-01,1.070229244232177734e+01,1.763491821289062500e+01
5.409214019775390625e+00,6.257232666015625000e+00,-2.224390745162963867e+00
9.797728538513183594e+00,-3.525518417358398438e+00,8.065668106079101562e+00
-2.591622591018676758e+00,5.481074750423431396e-02,1.430640792846679688e+01
5.832355976104736328e+00,2.116881459951400757e-01,-1.613587975502014160e+00
-9.626249313354492188e+00,-3.357829570770263672e+00,-1.154812335968017578e+01
-1.636461830139160156e+01,7.221877098083496094e+00,8.050752639770507812e+00
-1.174364566802978516e+01,-1.171328735351562500e+01,5.570858478546142578e+00
-5.960358142852783203e+00,1.399342918395996094e+01,-1.431336307525634766e+01
3.002647399902343750e+00,3.075106382369995117e+00,-5.237885951995849609e+00
-2.778889656066894531e+00,-7.708537578582763672e+00,9.332170486450195312e+00
1.209552955627441406e+01,1.704501152038574219e+01,8.941152691841125488e-01
-6.230029463768005371e-01,1.082579708099365234e+01,1.764539527893066406e+01
2.108250045776367188e+01,8.051681518554687500e+00,8.827770233154296875e+00
2.889976263046264648e+00,-1.008155703544616699e+00,3.309389591217041016e+00
-2.128950506448745728e-02,1.759203529357910156e+01,1.269098949432373047e+01
2.062430763244628906e+01,1.243701815605163574e+00,3.823898553848266602e+00
-1.238714694976806641e+01,-2.470390319824218750e+00,4.233364105224609375e+00
-7.923758625984191895e-01,1.065630435943603516e+01,1.763330078125000000e+01
-1.098824787139892578e+01,2.512558460235595703e+00,-1.593462753295898438e+01
-5.767065882682800293e-01,1.089189052581787109e+01,1.777249145507812500e+01
1.126597046852111816e+00,6.585461139678955078e+00,2.825479745864868164e+00
-7.653656005859375000e-01,1.065967273712158203e+01,1.759666442871093750e+01
-5.108139991760253906e+00,3.152829647064208984e+00,1.509912014007568359e+00
2.309550523757934570e+00,6.123296737670898438e+00,-2.437394618988037109e+00
8.491770625114440918e-01,6.255001544952392578e+00,1.879939198493957520e+00
-3.335604667663574219e+00,1.963985824584960938e+01,2.171655416488647461e+00
4.266349792480468750e+00,6.744397640228271484e+00,-1.762006568908691406e+01
-9.468512535095214844e-01,3.562582433223724365e-01,3.195475816726684570e+00
-5.783450603485107422e+00,1.386056709289550781e+01,-1.472495651245117188e+01
-2.173887968063354492e+00,2.786043100059032440e-02,1.423001003265380859e+01
-7.079747200012207031e+00,4.315438747406005859e+00,6.305119991302490234e+00
-5.526055395603179932e-02,1.744792747497558594e+01,1.216980934143066406e+01
-5.121603965759277344e+00,3.144123792648315430e+00,1.507713317871093750e+00
2.093402099609375000e+01,1.075392150878906250e+01,2.520076990127563477e+00
-7.087340354919433594e+00,4.307781219482421875e+00,6.309484481811523438e+00
-2.635728836059570312e+00,4.687704145908355713e-02,1.430563831329345703e+01
1.358197879791259766e+01,1.831825447082519531e+01,7.988438606262207031e+00
4.018869400024414062e+00,-5.387686729431152344e+00,7.320665836334228516e+00
-5.307015419006347656e+00,5.395758152008056641e+00,-1.842070007324218750e+01
-9.466830492019653320e-01,3.565287888050079346e-01,3.195326328277587891e+00
-4.459815979003906250e+00,-1.277269363403320312e+01,6.191060066223144531e+00
1.967408561706542969e+01,2.556603670120239258e+00,-1.443512535095214844e+01
1.011256122589111328e+01,-1.373130893707275391e+01,-4.264469146728515625e+00
-1.216550171375274658e-01,-1.286080169677734375e+01,1.380763435363769531e+01
9.827429771423339844e+00,-3.558811664581298828e+00,8.095482826232910156e+00
1.536883163452148438e+01,1.285130500793457031e+01,-4.853518962860107422e+00
1.562062168121337891e+01,1.311929798126220703e+01,-4.634493827819824219e+00
1.003781890869140625e+01,-1.121356582641601562e+01,9.971061706542968750e+00
-1.042788124084472656e+01,-8.597471237182617188e+00,-7.981072425842285156e+00
3.218107700347900391e+00,-3.077662467956542969e+00,-8.954499244689941406e+00
1.070965957641601562e+01,4.698140144348144531e+00,1.836056327819824219e+01
1.210482025146484375e+01,1.707733917236328125e+01,8.617395162582397461e-01
1.900384330749511719e+01,5.706822872161865234e+00,-2.570262193679809570e+00
2.318052768707275391e+00,6.115063190460205078e+00,-2.428528070449829102e+00
-2.755987644195556641e+00,-7.737011909484863281e+00,9.370100021362304688e+00
-4.294857025146484375e+00,-1.299502658843994141e+01,-1.424796700477600098e+00
-1.241477394104003906e+01,-2.442388772964477539e+00,4.206103324890136719e+00
6.741815567016601562e+00,-7.229827880859375000e+00,-6.827526539564132690e-02
9.436964988708496094e+00,1.238609504699707031e+01,-1.154691791534423828e+01
-6.056775569915771484e+00,1.405681419372558594e+01,-1.487424278259277344e+01
8.681196212768554688e+00,1.889066696166992188e+01,-3.301149368286132812e+00
2.588016986846923828e+00,5.124017715454101562e+00,-3.367126464843750000e+00
8.352087020874023438e+00,1.780220603942871094e+01,-2.703592538833618164e+00
-1.872216796875000000e+01,2.090551614761352539e+00,-1.284021258354187012e+00
1.369716739654541016e+01,1.850258636474609375e+01,7.732026576995849609e+00
-1.177502721548080444e-01,-1.286473178863525391e+01,1.380361175537109375e+01
-2.728086471557617188e+00,-1.218667700886726379e-01,1.460555744171142578e+01
2.757824420928955078e+00,-9.176236152648925781e+00,-1.538587570190429688e+01
-9.860778808593750000e+00,1.393061351776123047e+01,2.438143253326416016e+00
9.788908004760742188e+00,-3.517966032028198242e+00,8.056928634643554688e+00
3.686572313308715820e-01,-7.925134658813476562e+00,-4.487452983856201172e+00
-5.215624332427978516e+00,5.438014030456542969e+00,-1.837441635131835938e+01
1.516821861267089844e+01,9.771440029144287109e-01,7.790007114410400391e+00
-2.827748060226440430e+00,-1.278313064575195312e+01,-9.050154685974121094e+00
-6.122453212738037109e+00,1.392615509033203125e+01,-1.459471988677978516e+01
3.956629037857055664e+00,-1.232506084442138672e+01,-9.628480911254882812e+00
1.532031631469726562e+01,1.307982730865478516e+01,-5.023014068603515625e+00
-6.073808670043945312e+00,1.405137729644775391e+01,-1.482930850982666016e+01
9.789641380310058594e+00,-3.517557382583618164e+00,8.057716369628906250e+00
4.245113432407379150e-01,-7.869239330291748047e+00,-4.543529510498046875e+00
1.212429642677307129e+00,-1.179283905029296875e+01,8.820139169692993164e-01
9.759698867797851562e+00,-3.537757396697998047e+00,8.027705192565917969e+00
3.955695390701293945e+00,-1.232591629028320312e+01,-9.629507064819335938e+00
2.791940450668334961e+00,-9.141250610351562500e+00,-1.535178565979003906e+01
1.374950790405273438e+01,4.547477722167968750e+00,-1.263457012176513672e+01
-5.759640932083129883e-01,1.081041431427001953e+01,1.751481056213378906e+01
1.204040288925170898e+00,2.904818296432495117e+00,8.600472807884216309e-01
-1.942939281463623047e+00,8.717701911926269531e+00,-3.455085754394531250e+00
3.630929589271545410e-01,-7.930585861206054688e+00,-4.481998920440673828e+00
1.538499069213867188e+01,1.287091922760009766e+01,-4.842659950256347656e+00
1.107730293273925781e+01,-3.988849878311157227e+00,-5.447828769683837891e+00
-1.635693359375000000e+01,7.213926792144775391e+00,8.043114662170410156e+00
1.540561580657958984e+01,1.289387989044189453e+01,-4.818278789520263672e+00
3.215948581695556641e+00,-3.075448989868164062e+00,-8.952122688293457031e+00
1.562881374359130859e+01,1.312881183624267578e+01,-4.686781883239746094e+00
2.205585098266601562e+01,9.100833892822265625e+00,-7.184821128845214844e+00
2.183724880218505859e+00,7.540105342864990234e+00,-1.304226636886596680e+00
-6.767195224761962891e+00,1.928347969055175781e+01,-5.247711181640625000e+00
-2.689689874649047852e+00,1.530179008841514587e-02,1.384033679962158203e+01
1.559290409088134766e+01,1.307510280609130859e+01,-4.728403091430664062e+00
1.417251110076904297e+00,2.959704637527465820e+00,1.164326786994934082e+00
1.897601890563964844e+01,3.718543767929077148e+00,1.295421218872070312e+01
1.126911282539367676e+00,6.615731239318847656e+00,2.863862752914428711e+00
-5.105522155761718750e+00,3.151491880416870117e+00,1.508859634399414062e+00
1.638267135620117188e+01,-6.560052394866943359e+00,1.174909687042236328e+01
4.463836193084716797e+00,-1.513902473449707031e+01,7.943734645843505859e+00
6.739968776702880859e+00,-7.231583118438720703e+00,-6.641753017902374268e-02
1.370088577270507812e+01,4.435740947723388672e+00,-1.272741889953613281e+01
3.249978303909301758e+00,-3.112085819244384766e+00,-8.922337532043457031e+00
-1.231726455688476562e+01,-2.540092945098876953e+00,4.304043769836425781e+00
5.528681278228759766e+00,-5.322359085083007812e+00,-1.693998336791992188e+01
8.455014228820800781e+00,-1.446255111694335938e+01,1.916541457176208496e+00
-1.653038740158081055e+00,-1.647687792778015137e+00,-2.987974405288696289e+00
-5.200320720672607422e+00,1.101949691772460938e+01,-5.155006885528564453e+00
-5.235272407531738281e+00,1.097797489166259766e+01,-5.193722248077392578e+00
-5.226018905639648438e+00,1.099647235870361328e+01,-5.178203105926513672e+00
-5.070717930793762207e-01,1.091280555725097656e+01,1.786684036254882812e+01
1.531378364562988281e+01,-1.167410469055175781e+01,5.935171127319335938e+00
4.836651325225830078e+00,1.583542633056640625e+01,7.132802486419677734e+00
1.377801513671875000e+01,1.848575973510742188e+01,7.801640033721923828e+00
4.439626693725585938e+00,-1.511465835571289062e+01,7.973388671875000000e+00
-9.614690780639648438e+00,-3.353505611419677734e+00,-1.155967140197753906e+01
6.342815399169921875e+00,1.118739223480224609e+01,-6.895020961761474609e+00
1.583998799324035645e+00,2.327542304992675781e+01,-7.075565814971923828e+00
2.102881813049316406e+01,8.105824470520019531e+00,8.881041526794433594e+00
1.483363437652587891e+01,-8.449097633361816406e+00,-5.926885604858398438e+00
1.353604507446289062e+01,1.829227638244628906e+01,8.028613090515136719e+00
-1.646188139915466309e+00,-1.640712857246398926e+00,-2.981445550918579102e+00
7.590178012847900391e+00,9.679310798645019531e+00,-2.753253936767578125e+00
1.516478061676025391e+01,9.807624220848083496e-01,7.793672561645507812e+00
1.106263923645019531e+01,-4.003827571868896484e+00,-5.432877540588378906e+00
1.413675689697265625e+01,-2.214709520339965820e+00,1.476119709014892578e+01
1.360455989837646484e+01,4.337300777435302734e+00,-1.259250831604003906e+01
2.631824731826782227e+00,4.497209548950195312e+00,-4.217104911804199219e+00
-9.729075431823730469e+00,1.399277496337890625e+01,2.566044330596923828e+00
-1.347814798355102539e-01,1.760509300231933594e+01,1.264307880401611328e+01
2.600534439086914062e+00,4.466588497161865234e+00,-4.245991230010986328e+00
-5.759580135345458984e+00,1.429819107055664062e+01,-1.491932487487792969e+01
2.117418670654296875e+01,7.960561752319335938e+00,8.735991477966308594e+00
1.376224708557128906e+01,1.857415008544921875e+01,7.691193103790283203e+00
2.178449440002441406e+01,-4.053713321685791016e+00,-1.089261531829833984e+00
-9.582823753356933594e+00,-3.352043151855468750e+00,-1.159146595001220703e+01
-1.520395946502685547e+01,4.079947948455810547e+00,-7.663673877716064453e+00
1.027174472808837891e+01,9.288763999938964844e+00,1.193985176086425781e+01
6.739832878112792969e+00,-7.231645107269287109e+00,-6.635498255491256714e-02
1.354998588562011719e+01,1.830414962768554688e+01,8.006644248962402344e+00
1.508253192901611328e+01,8.972992300987243652e-01,7.709785461425781250e+00
-2.391992092132568359e+00,-2.240369081497192383e+00,-1.801457405090332031e+01
-9.851048469543457031e+00,1.395154094696044922e+01,2.433636665344238281e+00
1.489879226684570312e+01,-8.489215850830078125e+00,-5.862157821655273438e+00
3.427319765090942383e+00,4.579404354095458984e+00,-8.875903487205505371e-01
-1.161453056335449219e+01,5.439212322235107422e+00,1.465639972686767578e+01
-9.622785568237304688e+00,-3.346736669540405273e+00,-1.155426311492919922e+01
4.439017295837402344e+00,-1.511418056488037109e+01,7.973786354064941406e+00
1.348910713195800781e+01,1.823889923095703125e+01,8.070150375366210938e+00
-6.703218936920166016e+00,-8.097028732299804688e+00,1.714849090576171875e+01
1.392094135284423828e+01,1.855484199523925781e+01,7.804091930389404297e+00
2.203182792663574219e+01,9.076890945434570312e+00,-7.208793163299560547e+00
7.138864040374755859e+00,8.764349937438964844e+00,-6.255841851234436035e-01
2.874074935913085938e+00,-1.024231076240539551e+00,3.325440883636474609e+00
-2.501447677612304688e+00,-4.268962144851684570e-02,1.429270648956298828e+01
4.894640445709228516e+00,1.576990127563476562e+01,7.200910091400146484e+00
3.218155384063720703e+00,-3.078255176544189453e+00,-8.953901290893554688e+00
1.008150768280029297e+01,-1.116887760162353516e+01,1.001497459411621094e+01
1.407429122924804688e+01,4.295416355133056641e+00,-1.269402313232421875e+01
9.794570922851562500e+00,-8.859656333923339844e+00,-9.199164390563964844e+00
4.804834842681884766e+00,1.586378860473632812e+01,7.100739479064941406e+00
4.884771347045898438e+00,1.579061985015869141e+01,7.182875156402587891e+00
-1.181382656097412109e+01,-1.165370464324951172e+01,5.585746288299560547e+00
-5.679004639387130737e-02,1.760604476928710938e+01,1.270960044860839844e+01
1.867289733886718750e+01,-6.965160846710205078e+00,4.718279838562011719e+00
1.387562465667724609e+01,1.856448745727539062e+01,7.787979125976562500e+00
1.354528713226318359e+01,1.831084823608398438e+01,7.937317848205566406e+00
5.170112609863281250e+00,1.125818824768066406e+01,-1.509996294975280762e+00
7.591559886932373047e+00,9.712965011596679688e+00,-2.722164154052734375e+00
2.204666900634765625e+01,9.091488838195800781e+00,-7.194384574890136719e+00
1.108088588714599609e+01,-3.985669612884521484e+00,-5.451399803161621094e+00
1.720610618591308594e+00,2.313441848754882812e+01,-6.969858169555664062e+00
-7.077135086059570312e+00,8.387038230895996094e+00,1.187200832366943359e+01
4.483890533447265625e+00,6.605790138244628906e+00,-1.792829132080078125e+01
-8.662090301513671875e+00,-7.096766471862792969e+00,-1.192710995674133301e+00
1.650197219848632812e+01,-6.669307708740234375e+00,1.162977027893066406e+01
8.446929454803466797e-01,3.315709829330444336e+00,-9.790779352188110352e-01
5.817289829254150391e+00,1.127912902832031250e+01,1.204342246055603027e-01
4.252652645111083984e+00,6.311409950256347656e+00,-1.778685379028320312e+01
-1.515855044126510620e-01,-1.282989883422851562e+01,1.383608722686767578e+01
-2.756937742233276367e+00,-7.736044883728027344e+00,9.369087219238281250e+00
4.406026363372802734e+00,-1.508138179779052734e+01,8.006258010864257812e+00
-1.008956193923950195e+00,3.183083057403564453e+00,9.351777434349060059e-01
-2.456778049468994141e+00,1.309485137462615967e-01,1.430942344665527344e+01
-4.237384796142578125e+00,2.007404565811157227e+00,-1.001205921173095703e+01
-9.583061218261718750e+00,-3.385225296020507812e+00,-1.158724975585937500e+01
-8.650167465209960938e+00,-7.106783390045166016e+00,-1.202829599380493164e+00
8.444952964782714844e+00,-1.447382736206054688e+01,1.925128817558288574e+00
-2.847913265228271484e+00,-7.644815444946289062e+00,9.278317451477050781e+00
1.772113990783691406e+01,-3.497112393379211426e-01,-4.596610546112060547e+00
2.206672286987304688e+01,9.111699104309082031e+00,-7.173945426940917969e+00
-3.241890430450439453e+00,1.973356056213378906e+01,2.078036546707153320e+00
-3.302515029907226562e+00,1.967173576354980469e+01,2.139564752578735352e+00
-2.742619991302490234e+00,-7.750402927398681641e+00,9.383584976196289062e+00
-1.873714637756347656e+01,2.105607509613037109e+00,-1.269542813301086426e+00
-2.043090105056762695e+00,6.325770854949951172e+00,-4.283387660980224609e+00
1.522262811660766602e+00,2.991780281066894531e+00,1.298932075500488281e+00
-9.615444183349609375e+00,1.400806808471679688e+01,2.874316215515136719e+00
-9.644486427307128906e+00,1.378729152679443359e+01,2.542174816131591797e+00
2.486481428146362305e+00,1.805945205688476562e+01,1.196215510368347168e+00
-6.722290039062500000e+00,1.928289222717285156e+01,-5.223348617553710938e+00
2.367195129394531250e+00,3.820400953292846680e+00,-4.381968975067138672e+00
-2.123143225908279419e-01,1.756515502929687500e+01,1.242552375793457031e+01
1.415280723571777344e+01,-2.230712413787841797e+00,1.477748680114746094e+01
1.640622138977050781e+01,-6.582983970642089844e+00,1.172550868988037109e+01
6.582164764404296875e+00,8.296121954917907715e-01,-1.697034645080566406e+01
1.390216445922851562e+01,-4.531064033508300781e+00,-1.455552387237548828e+01
-7.078444004058837891e+00,8.388806343078613281e+00,1.187314510345458984e+01
1.388946628570556641e+01,1.859450912475585938e+01,7.784878253936767578e+00
6.734992504119873047e+00,5.344035625457763672e+00,5.107393264770507812e+00
1.899764442443847656e+01,5.700313568115234375e+00,-2.564251184463500977e+00
-1.522709178924560547e+01,4.094733238220214844e+00,-7.681232452392578125e+00
-4.277365684509277344e+00,-1.299357604980468750e+01,-1.426206827163696289e+00
-1.689883422851562500e+01,1.088631439208984375e+01,-2.919947385787963867e+00
-1.872285842895507812e+01,2.091231584548950195e+00,-1.283451318740844727e+00
-3.915951251983642578e-01,1.718827438354492188e+01,1.238544940948486328e+01
-2.069344222545623779e-01,1.755726814270019531e+01,1.249917507171630859e+01
1.369587230682373047e+01,1.866514205932617188e+01,7.377924442291259766e+00
1.355030059814453125e+01,1.829608345031738281e+01,8.029185295104980469e+00
-2.648262381553649902e-01,1.760425186157226562e+01,1.248093605041503906e+01
-2.708709478378295898e+00,1.240762695670127869e-02,1.384626197814941406e+01
2.812022924423217773e+00,-9.166384696960449219e+00,-1.533057880401611328e+01
-1.690556716918945312e+01,1.089329910278320312e+01,-2.926625967025756836e+00
-9.945981979370117188e+00,1.403576946258544922e+01,2.528656244277954102e+00
2.182976150512695312e+01,-4.008097171783447266e+00,-1.133970260620117188e+00
-9.474899291992187500e+00,1.365520286560058594e+01,2.690542459487915039e+00
6.526482105255126953e+00,2.895776271820068359e+00,9.124819755554199219e+00
-1.686087608337402344e+01,1.082169914245605469e+01,-2.869901418685913086e+00
2.062221145629882812e+01,1.246131539344787598e+00,3.825994014739990234e+00
9.824493408203125000e+00,-3.481697797775268555e+00,8.092579841613769531e+00
-1.159108924865722656e+01,5.415687084197998047e+00,1.463293361663818359e+01
1.073566150665283203e+01,4.725519180297851562e+00,1.833580780029296875e+01
-1.338080787658691406e+01,4.380339145660400391e+00,1.985905528068542480e+00
-9.796009063720703125e+00,1.388684368133544922e+01,2.473350524902343750e+00
-1.033534145355224609e+01,-8.503069877624511719e+00,-7.972999572753906250e+00
-1.339590644836425781e+01,4.404053211212158203e+00,1.971247315406799316e+00
-6.869519710540771484e+00,1.917027282714843750e+01,-5.098617553710937500e+00
2.744276523590087891e+00,6.380679607391357422e+00,2.722156524658203125e+00
1.893565535545349121e+00,7.153336048126220703e+00,3.795032739639282227e+00
2.554189920425415039e+00,1.787983131408691406e+01,1.305426955223083496e+00
-2.365099191665649414e+00,4.080545306205749512e-01,1.458792781829833984e+01
5.580296039581298828e+00,-5.262780666351318359e+00,-1.689229583740234375e+01
7.973803520202636719e+00,-1.653710722923278809e+00,1.344499945640563965e+00
1.523096561431884766e+00,2.990925073623657227e+00,1.298531532287597656e+00
-8.287997245788574219e+00,5.670460224151611328e+00,-2.932290315628051758e+00
2.093387031555175781e+01,1.075411987304687500e+01,2.520229339599609375e+00
-8.160571008920669556e-02,3.963518619537353516e+00,1.723166227340698242e+00
6.201834678649902344e-01,4.992938518524169922e+00,5.024164170026779175e-02
-1.443255096673965454e-01,1.747380065917968750e+01,1.253794956207275391e+01
-1.817617416381835938e-01,1.740447616577148438e+01,1.246662330627441406e+01
1.387151527404785156e+01,4.705998897552490234e+00,-1.256387996673583984e+01
4.067699432373046875e+00,5.930500030517578125e+00,-1.810975313186645508e+00
2.063774490356445312e+01,1.230198621749877930e+00,3.810390710830688477e+00
2.791570425033569336e+00,-9.142376899719238281e+00,-1.535212612152099609e+01
8.574256896972656250e+00,1.775192451477050781e+01,-4.184648513793945312e+00
-4.255526065826416016e+00,2.022479534149169922e+00,-9.996958732604980469e+00
6.531461715698242188e+00,8.973899483680725098e-01,-1.703823280334472656e+01
-4.258953094482421875e+00,-1.297494888305664062e+01,-1.444990277290344238e+00
-9.839724004268646240e-02,-5.846097946166992188e+00,9.759070277214050293e-01
-9.809217453002929688e+00,1.386209964752197266e+01,2.341476917266845703e+00
-6.348545551300048828e+00,-6.859232425689697266e+00,2.885735034942626953e+00
-6.349148750305175781e+00,-6.858620166778564453e+00,2.886522293090820312e+00
2.062355232238769531e+01,1.244676828384399414e+00,3.824670076370239258e+00
1.531467819213867188e+01,-1.167424964904785156e+01,5.935375213623046875e+00
-7.474492490291595459e-02,1.747785377502441406e+01,1.261777496337890625e+01
6.364947319030761719e+00,1.120956897735595703e+01,-6.914492607116699219e+00
5.832435607910156250e+00,2.116145640611648560e-01,-1.613587617874145508e+00
2.062576293945312500e+01,1.230504393577575684e+00,3.811330556869506836e+00
2.116341400146484375e+01,7.971495628356933594e+00,8.746400833129882812e+00
-6.045618534088134766e+00,1.404672908782958984e+01,-1.478462028503417969e+01
4.176858425140380859e+00,6.254500389099121094e+00,-1.772082901000976562e+01
2.178699493408203125e+01,-4.050061225891113281e+00,-1.091608047485351562e+00
2.703632116317749023e+00,-9.229540824890136719e+00,-1.543993282318115234e+01
-1.377901077270507812e+00,-6.066183567047119141e+00,-9.094008445739746094e+00
6.748198509216308594e+00,-7.223439216613769531e+00,-7.455481588840484619e-02
1.056128787994384766e+01,9.545253753662109375e+00,1.165023231506347656e+01
8.814313888549804688e+00,1.876218605041503906e+01,-3.407908678054809570e+00
-4.238701820373535156e+00,2.008583784103393555e+00,-1.001089954376220703e+01
-8.615301132202148438e+00,-7.052137374877929688e+00,-1.148263931274414062e+00
-2.356626987457275391e+00,-2.205031156539916992e+00,-1.804868698120117188e+01
1.901298141479492188e+01,5.664242744445800781e+00,-2.579885959625244141e+00
1.902798461914062500e+01,5.729341983795166016e+00,-2.594716310501098633e+00
2.787361145019531250e+00,5.320262908935546875e+00,4.493660852313041687e-02
-7.002609223127365112e-02,3.968373060226440430e+00,1.711479187011718750e+00
-8.387683033943176270e-01,9.289098739624023438e+00,3.885787963867187500e+00
4.312690734863281250e+00,6.423209667205810547e+00,-1.783544921875000000e+01
-8.369411230087280273e-01,9.287235260009765625e+00,3.887394666671752930e+00
-1.872892379760742188e+01,2.056849002838134766e+00,-1.317990541458129883e+00
1.046183872222900391e+01,9.458778381347656250e+00,1.174905586242675781e+01
-2.711104154586791992e+00,-7.781692028045654297e+00,9.414880752563476562e+00
4.163120269775390625e+00,6.279957294464111328e+00,-1.768428421020507812e+01
-5.442695021629333496e-01,7.665676116943359375e+00,2.116108179092407227e+00
2.999620676040649414e+00,3.078006744384765625e+00,-5.235178947448730469e+00
-2.840839922428131104e-01,1.114413166046142578e+01,1.762189292907714844e+01
-1.122398185729980469e+01,-1.914648562669754028e-01,-4.615631580352783203e+00
4.511111736297607422e+00,6.622257232666015625e+00,-1.796434402465820312e+01
1.076252079010009766e+01,4.751562595367431641e+00,1.830855369567871094e+01
-1.077022457122802734e+01,-5.587661266326904297e+00,1.092285060882568359e+01
1.374849796295166016e+01,1.865474891662597656e+01,7.395577907562255859e+00
1.049547672271728516e+01,9.486515045166015625e+00,1.171381950378417969e+01
-8.496116638183593750e+00,5.621388912200927734e+00,-3.139275550842285156e+00
-5.684145092964172363e-01,1.082504844665527344e+01,1.757425308227539062e+01
1.034640502929687500e+01,9.358958244323730469e+00,1.184333896636962891e+01
-5.481034517288208008e-01,1.089053821563720703e+01,1.758131790161132812e+01
-1.790637224912643433e-01,1.755896759033203125e+01,1.218810462951660156e+01
4.064658164978027344e+00,5.931085586547851562e+00,-1.808381319046020508e+00
2.283924818038940430e+00,6.121104717254638672e+00,-2.430290937423706055e+00
-1.589958548545837402e+00,8.470517158508300781e+00,-3.248183965682983398e+00
-2.196225881576538086e+00,4.969736561179161072e-02,1.423777198791503906e+01
9.807597160339355469e+00,-8.848994255065917969e+00,-9.188494682312011719e+00
-3.282480001449584961e+00,1.969267082214355469e+01,2.118839025497436523e+00
-9.483273506164550781e+00,1.366087627410888672e+01,2.685092449188232422e+00
-2.674920797348022461e+00,-5.068963393568992615e-02,1.434851264953613281e+01
-4.915063977241516113e-01,1.753725051879882812e+01,1.215856456756591797e+01
1.554526233673095703e+01,6.248518943786621094e+00,6.109362125396728516e+00
-1.241204929351806641e+01,-2.445125579833984375e+00,4.208868980407714844e+00
9.787969589233398438e+00,-3.518425226211547852e+00,8.056046485900878906e+00
8.446576118469238281e+00,-1.447208404541015625e+01,1.925485372543334961e+00
1.353015041351318359e+01,1.831263351440429688e+01,8.029908180236816406e+00
-6.594009399414062500e-01,4.371054649353027344e+00,7.512217164039611816e-01
-3.304827928543090820e+00,1.967054939270019531e+01,2.140913724899291992e+00
-3.503370657563209534e-02,1.755416107177734375e+01,1.266696453094482422e+01
1.056862068176269531e+01,9.555189132690429688e+00,1.164163494110107422e+01
-1.174685478210449219e+01,1.053608417510986328e+01,-8.120534896850585938e+00
6.739691734313964844e+00,5.339436054229736328e+00,5.105394363403320312e+00
1.046884822845458984e+01,9.467343330383300781e+00,1.174163246154785156e+01
-3.152399659156799316e-01,1.110762500762939453e+01,1.754887008666992188e+01
6.723306179046630859e+00,4.845217704772949219e+00,4.844729423522949219e+00
4.320688724517822266e+00,5.375820636749267578e+00,-4.116065502166748047e+00
1.192426085472106934e+00,2.953346729278564453e+00,8.953272104263305664e-01
7.017358779907226562e+00,5.437500476837158203e+00,5.172413349151611328e+00
1.369752025604248047e+01,4.420964717864990234e+00,-1.273407459259033203e+01
-6.762876033782958984e+00,1.923415184020996094e+01,-5.188467502593994141e+00
1.482316374778747559e+00,2.988538503646850586e+00,1.259243130683898926e+00
2.885006666183471680e+00,3.217835664749145508e+00,-5.057288169860839844e+00
4.304044246673583984e+00,5.403568267822265625e+00,-4.139507770538330078e+00
2.767005443572998047e+00,3.402243614196777344e+00,-4.873861312866210938e+00
1.645226669311523438e+01,-6.629520416259765625e+00,1.167939949035644531e+01
2.593249797821044922e+00,5.173668861389160156e+00,-3.286024570465087891e+00
1.209038829803466797e+01,1.706730651855468750e+01,8.717999458312988281e-01
2.891713142395019531e+00,-1.005538702011108398e+00,3.307870149612426758e+00
2.950093984603881836e+00,3.146360158920288086e+00,-5.126695156097412109e+00
4.319131374359130859e+00,5.379371643066406250e+00,-4.119473457336425781e+00
8.473749160766601562e+00,-1.446481800079345703e+01,1.953149557113647461e+00
8.146947860717773438e+00,-1.566291898488998413e-01,1.634090423583984375e+01
1.391439151763916016e+01,1.867410659790039062e+01,7.703254699707031250e+00
1.195975184440612793e+00,2.902805328369140625e+00,8.483666181564331055e-01
-1.633781051635742188e+01,-4.517162799835205078e+00,-2.495484352111816406e+00
5.410018444061279297e+00,6.257735729217529297e+00,-2.224579572677612305e+00
1.430328941345214844e+01,1.886093330383300781e+01,7.833001136779785156e+00
-6.695457935333251953e+00,-8.068715095520019531e+00,1.711592292785644531e+01
-4.323752880096435547e+00,-1.305498790740966797e+01,-1.471250176429748535e+00
-1.369402766227722168e+00,-6.075437068939208984e+00,-9.085357666015625000e+00
-7.076000213623046875e+00,8.385911941528320312e+00,1.187437152862548828e+01
1.031934642791748047e+01,9.336062431335449219e+00,1.189182662963867188e+01
-6.914024353027343750e-01,1.074690628051757812e+01,1.756266975402832031e+01
1.390946769714355469e+01,4.647555828094482422e+00,-1.261597728729248047e+01
-6.379080772399902344e+00,-6.828237056732177734e+00,2.916906118392944336e+00
2.956805944442749023e+00,3.184865951538085938e+00,-5.115340232849121094e+00
7.397120475769042969e+00,7.244032859802246094e+00,8.520802497863769531e+00
-1.625754714012145996e+00,-1.620263457298278809e+00,-2.960992336273193359e+00
-9.228836894035339355e-01,5.160786151885986328e+00,7.058496952056884766e+00
-5.089729651808738708e-02,1.763358688354492188e+01,1.277029800415039062e+01
-9.693459510803222656e+00,1.378664779663085938e+01,2.405637979507446289e+00
1.383554935455322266e+01,4.506391525268554688e+00,-1.278693771362304688e+01
8.456207275390625000e+00,1.787724494934082031e+01,-2.803691387176513672e+00
7.590039730072021484e+00,9.679354667663574219e+00,-2.752551078796386719e+00
1.387339687347412109e+01,-4.502284526824951172e+00,-1.458487606048583984e+01
2.180819129943847656e+01,-4.050673007965087891e+00,-1.111192107200622559e+00
1.171935677528381348e+00,-1.184382724761962891e+01,9.067578911781311035e-01
1.362537097930908203e+01,4.368375301361083984e+00,-1.278523063659667969e+01
2.338261365890502930e+00,6.087471961975097656e+00,-2.413635015487670898e+00
-3.000745177268981934e-01,5.171771049499511719e+00,1.384444117546081543e+00
1.554603767395019531e+01,6.249263286590576172e+00,6.109997272491455078e+00
1.870012283325195312e+01,-6.992432594299316406e+00,4.745595932006835938e+00
-1.181106472015380859e+01,-1.164263153076171875e+01,5.574071407318115234e+00
-6.000139713287353516e+00,1.412425708770751953e+01,-1.479384231567382812e+01
6.805268287658691406e+00,-7.166367053985595703e+00,-1.316225528717041016e-01
8.505561828613281250e+00,1.780343437194824219e+01,-2.858495473861694336e+00
9.092999458312988281e+00,8.070178985595703125e+00,-1.083355808258056641e+01
1.015503311157226562e+01,-1.369218063354492188e+01,-4.222040176391601562e+00
4.367932319641113281e+00,6.463744640350341797e+00,-1.786484336853027344e+01
-6.098324775695800781e+00,1.397293758392333984e+01,-1.465767192840576172e+01
-3.344482898712158203e+00,1.962955856323242188e+01,2.181743383407592773e+00
-6.871048927307128906e+00,1.915331077575683594e+01,-5.083639621734619141e+00
1.199210643768310547e+00,6.396989822387695312e+00,2.597365140914916992e+00
-6.889881134033203125e+00,1.914187812805175781e+01,-5.070818424224853516e+00
5.832487583160400391e+00,2.114158123731613159e-01,-1.613783597946166992e+00
2.772641897201538086e+00,6.376746654510498047e+00,2.720382690429687500e+00
-2.538002014160156250e+00,1.554584316909313202e-02,1.427256107330322266e+01
1.359718704223632812e+01,4.318905830383300781e+00,-1.260327148437500000e+01
2.524815082550048828e+00,1.803154563903808594e+01,1.200355052947998047e+00
5.535639286041259766e+00,-5.302622318267822266e+00,-1.694886589050292969e+01
-5.841466426849365234e+00,1.422958564758300781e+01,-1.463451766967773438e+01
-1.183831977844238281e+01,1.062804222106933594e+01,-8.028612136840820312e+00
-9.445070624351501465e-01,5.198208332061767578e+00,7.017341613769531250e+00
-9.148402810096740723e-01,5.152716159820556641e+00,7.055888175964355469e+00
-7.086783885955810547e+00,8.396549224853515625e+00,1.186313152313232422e+01
-4.342015266418457031e+00,-1.305878829956054688e+01,-1.362686157226562500e+00
-2.452873945236206055e+00,9.381911903619766235e-02,1.427119255065917969e+01
1.484625244140625000e+01,-8.469515800476074219e+00,-5.934020519256591797e+00
-5.944458007812500000e+00,1.404885959625244141e+01,-1.436267471313476562e+01
-5.915224552154541016e+00,1.414083766937255859e+01,-1.475738239288330078e+01
1.644384956359863281e+01,-6.621744155883789062e+00,1.168786430358886719e+01
2.093393516540527344e+01,1.075443267822265625e+01,2.520277976989746094e+00
-1.632649612426757812e+01,-4.505460262298583984e+00,-2.484123229980468750e+00
8.569397926330566406e+00,1.774812698364257812e+01,-4.190908908843994141e+00
2.746690511703491211e+00,-9.105436325073242188e+00,-1.539688968658447266e+01
1.516254711151123047e+01,9.795913696289062500e-01,7.792459011077880859e+00
1.872567939758300781e+01,-7.017978191375732422e+00,4.720198631286621094e+00
-9.612089157104492188e+00,-3.354859113693237305e+00,-1.156219482421875000e+01
1.647420310974121094e+01,-6.657209873199462891e+00,1.165725421905517578e+01
-1.347441005706787109e+01,4.476783275604248047e+00,1.891206622123718262e+00
-1.157881546020507812e+01,5.403467178344726562e+00,1.462065219879150391e+01
-6.389331817626953125e+00,-6.818352699279785156e+00,2.926841259002685547e+00
-1.182382202148437500e+01,1.061374092102050781e+01,-8.043778419494628906e+00
1.185009121894836426e+00,-1.182172298431396484e+01,9.099077582359313965e-01
-4.405404090881347656e+00,-1.005163073539733887e+00,6.254423618316650391e+00
5.282555103302001953e+00,-6.184735298156738281e+00,1.467123508453369141e+01
-1.522309494018554688e+01,4.098808288574218750e+00,-7.683173656463623047e+00
1.361147594451904297e+01,4.372170925140380859e+00,-1.277472019195556641e+01
2.384044408798217773e+00,4.875072002410888672e+00,1.491782426834106445e+00
6.528967857360839844e+00,2.903222084045410156e+00,9.127336502075195312e+00
-1.155394744873046875e+01,5.378570556640625000e+00,1.459577274322509766e+01
-1.181670570373535156e+01,1.060607433319091797e+01,-8.050737380981445312e+00
-9.473822593688964844e+00,1.365453910827636719e+01,2.690440177917480469e+00
3.544753789901733398e+00,4.432148933410644531e+00,-8.519068360328674316e-01
1.385779476165771484e+01,-4.487275123596191406e+00,-1.456908988952636719e+01
1.483619403839111328e+01,-8.451043128967285156e+00,-5.925373554229736328e+00
-7.069570064544677734e+00,8.377798080444335938e+00,1.187277698516845703e+01
4.438250541687011719e+00,-1.511365318298339844e+01,7.974525928497314453e+00
1.899032211303710938e+01,5.691736221313476562e+00,-2.557230949401855469e+00
-8.636313438415527344e+00,-7.073000907897949219e+00,-1.169172644615173340e+00
-1.034722995758056641e+01,-8.515179634094238281e+00,-7.972040176391601562e+00
1.354586219787597656e+01,1.828637123107910156e+01,7.991924285888671875e+00
1.184929132461547852e+00,-1.182195472717285156e+01,9.102391004562377930e-01
4.834786891937255859e+00,1.583683013916015625e+01,7.128931999206542969e+00
7.142058849334716797e+00,9.004631996154785156e+00,-7.662222981452941895e-01
6.522650241851806641e+00,2.899132728576660156e+00,9.121478080749511719e+00
-7.076694488525390625e+00,8.386481285095214844e+00,1.187262058258056641e+01
4.303843975067138672e+00,5.403740882873535156e+00,-4.139418125152587891e+00
2.204079627990722656e+01,9.085801124572753906e+00,-7.199716091156005859e+00
-6.046218395233154297e+00,1.409789085388183594e+01,-1.481275558471679688e+01
7.590164184570312500e+00,9.686498641967773438e+00,-2.748553276062011719e+00
4.205786705017089844e+00,6.914501190185546875e+00,-1.747305679321289062e+01
1.358133697509765625e+01,1.834917259216308594e+01,7.969141960144042969e+00
1.895473480224609375e+01,5.653041839599609375e+00,-2.543286085128784180e+00
1.008790588378906250e+01,-1.116282081604003906e+01,1.002124500274658203e+01
4.091051101684570312e+00,5.957076549530029297e+00,-1.806615233421325684e+00
1.869992065429687500e+01,-6.994449615478515625e+00,4.745720386505126953e+00
-9.457717537879943848e-01,1.238962769508361816e+00,2.249095535278320312e+01
-1.252274513244628906e+00,3.910850048065185547e+00,-2.780951976776123047e+00
-1.881447982788085938e+01,2.005376100540161133e+00,-1.369894385337829590e+00
8.431353569030761719e+00,1.785077667236328125e+01,-2.832629442214965820e+00
-1.692524147033691406e+01,1.082091331481933594e+01,-2.945967912673950195e+00
6.537474155426025391e+00,8.773677945137023926e-01,-1.701583480834960938e+01
-4.238681793212890625e+00,2.008702278137207031e+00,-1.001066493988037109e+01
1.349733448028564453e+01,1.825544357299804688e+01,8.061839103698730469e+00
8.445250511169433594e+00,-1.447421073913574219e+01,1.924759030342102051e+00
7.590280532836914062e+00,9.679804801940917969e+00,-2.753045797348022461e+00
-7.565791010856628418e-01,1.064462947845458984e+01,1.756235122680664062e+01
-1.688136863708496094e+01,1.086441230773925781e+01,-2.902157306671142578e+00
1.213130378723144531e+01,1.702652168273925781e+01,9.126377701759338379e-01
-1.645201563835144043e+00,-1.639752388000488281e+00,-2.980456829071044922e+00
-3.475522994995117188e-01,1.717252349853515625e+01,1.240296840667724609e+01
-1.689462280273437500e+01,1.086192989349365234e+01,-2.915586471557617188e+00
3.544387817382812500e+00,4.432275295257568359e+00,-8.513146638870239258e-01
-1.645213246345520020e+00,-1.639762043952941895e+00,-2.980448722839355469e+00
1.418456935882568359e+01,1.878222084045410156e+01,7.855587005615234375e+00
6.567206382751464844e+00,8.583045601844787598e-01,-1.701667976379394531e+01
1.413784790039062500e+01,-2.215769529342651367e+00,1.476232433319091797e+01
1.771990585327148438e+01,-3.484015762805938721e-01,-4.595356941223144531e+00
1.074722290039062500e+01,4.737701892852783203e+00,1.831813049316406250e+01
-6.685109436511993408e-02,3.971926450729370117e+00,1.709376811981201172e+00
4.437435626983642578e+00,-1.511285781860351562e+01,7.975260257720947266e+00
-4.237191200256347656e+00,2.010848760604858398e+00,-1.000865554809570312e+01
1.359797477722167969e+01,4.314974784851074219e+00,-1.272062969207763672e+01
6.210451722145080566e-01,4.993636608123779297e+00,4.862514883279800415e-02
8.567055702209472656e+00,1.775396537780761719e+01,-4.184601306915283203e+00
1.410130596160888672e+01,-2.179209709167480469e+00,1.472588825225830078e+01
-4.371672153472900391e+00,-1.284621238708496094e+01,6.283691883087158203e+00
8.542200088500976562e+00,1.792078971862792969e+01,-2.818468570709228516e+00
4.019348144531250000e+00,-1.226249504089355469e+01,-9.692400932312011719e+00
1.715967774391174316e+00,2.313452148437500000e+01,-6.951789379119873047e+00
8.603504180908203125e+00,1.771739578247070312e+01,-4.220233440399169922e+00
-1.181108283996582031e+01,-1.164296054840087891e+01,5.574207782745361328e+00
-1.688155555725097656e+01,1.086318588256835938e+01,-2.902298212051391602e+00
1.554329490661621094e+01,1.301886272430419922e+01,-4.709861755371093750e+00
4.097273826599121094e+00,6.214752197265625000e+00,-1.762895965576171875e+01
1.536926937103271484e+01,1.285669517517089844e+01,-4.850074291229248047e+00
1.373549270629882812e+01,4.584698677062988281e+00,-1.258899497985839844e+01
-2.235821485519409180e+00,6.296599388122558594e+00,-1.767297744750976562e+00
-8.518370389938354492e-01,9.296018600463867188e+00,3.872365474700927734e+00
-5.849941730499267578e+00,1.421506977081298828e+01,-1.491318893432617188e+01
-1.067755985260009766e+01,-5.495315551757812500e+00,1.096197986602783203e+01
-1.339360141754150391e+01,4.397973537445068359e+00,1.969696760177612305e+00
-4.765681922435760498e-01,8.962809562683105469e+00,4.352480888366699219e+00
-8.228244781494140625e-01,9.272369384765625000e+00,3.878254175186157227e+00
3.228201150894165039e+00,-3.067973375320434570e+00,-8.943731307983398438e+00
6.538556098937988281e+00,8.764821290969848633e-01,-1.701652145385742188e+01
6.537571907043457031e+00,8.773154616355895996e-01,-1.701719665527343750e+01
1.905209732055664062e+01,3.759587764739990234e+00,1.300843811035156250e+01
-1.645217299461364746e+00,-1.639804601669311523e+00,-2.980477809906005859e+00
-6.134257793426513672e+00,1.388873100280761719e+01,-1.453631973266601562e+01
8.685369491577148438e+00,1.888683509826660156e+01,-3.303295135498046875e+00
5.378174304962158203e+00,-6.264676570892333984e+00,1.477375888824462891e+01
-5.945974826812744141e+00,1.401875686645507812e+01,-1.430762004852294922e+01
1.222267866134643555e+00,-1.178325366973876953e+01,8.794853091239929199e-01
-1.169301629066467285e+00,4.000292301177978516e+00,-2.692852735519409180e+00
-1.325280308723449707e+00,4.221445083618164062e+00,-2.874336004257202148e+00
-6.026178836822509766e+00,1.387181472778320312e+01,-1.450645732879638672e+01
1.386008262634277344e+01,1.858698081970214844e+01,7.818572044372558594e+00
3.863070011138916016e+00,5.091008186340332031e+00,-2.036776065826416016e+00
-2.710074186325073242e+00,4.714876040816307068e-02,1.390488624572753906e+01
-1.240995121002197266e+01,-2.447352886199951172e+00,4.211339473724365234e+00
-1.630953598022460938e+01,-4.488815307617187500e+00,-2.467196941375732422e+00
1.209497165679931641e+01,1.706412506103515625e+01,8.752368092536926270e-01
-1.034374141693115234e+01,-8.502944946289062500e+00,-7.932531356811523438e+00
6.537642478942871094e+00,8.770655989646911621e-01,-1.701700782775878906e+01
5.534077167510986328e+00,-5.308774948120117188e+00,-1.694006919860839844e+01
8.419457435607910156e+00,1.783303070068359375e+01,-2.769356727600097656e+00
1.360241889953613281e+01,1.837416839599609375e+01,7.933789730072021484e+00
6.346270084381103516e+00,1.119192981719970703e+01,-6.899734020233154297e+00
1.899409866333007812e+01,3.701893091201782227e+00,1.294317817687988281e+01
-2.729522287845611572e-01,1.115300083160400391e+01,1.761689949035644531e+01
-2.697927713394165039e+00,-6.963313370943069458e-02,1.455160617828369141e+01
-2.175812244415283203e+00,3.325746953487396240e-02,1.423864746093750000e+01
1.870077514648437500e+01,-6.993680000305175781e+00,4.744903564453125000e+00
-1.611687690019607544e-01,-1.282158374786376953e+01,1.384060096740722656e+01
-9.479857087135314941e-01,1.240986824035644531e+00,2.249319839477539062e+01
2.784610271453857422e+00,-9.170201301574707031e+00,-1.536180019378662109e+01
1.384838867187500000e+01,-4.474974632263183594e+00,-1.460985183715820312e+01
2.101393699645996094e+01,1.067520999908447266e+01,2.602952480316162109e+00
1.359759521484375000e+01,1.834672546386718750e+01,7.976598262786865234e+00
4.894375324249267578e+00,1.578232192993164062e+01,7.192648887634277344e+00
1.106284427642822266e+01,-4.003662586212158203e+00,-5.433291912078857422e+00
4.018759727478027344e+00,-5.387739181518554688e+00,7.320556163787841797e+00
-1.114749622344970703e+01,-1.135212257504463196e-01,-4.691309452056884766e+00
-1.074299907684326172e+01,-5.560359954833984375e+00,1.089715766906738281e+01
1.073672962188720703e+01,4.726010799407958984e+00,1.833366394042968750e+01
5.261975526809692383e-01,1.301018333435058594e+01,2.568621635437011719e+00
-9.678447842597961426e-01,1.247522473335266113e+00,2.251289367675781250e+01
-5.228222846984863281e+00,5.450116157531738281e+00,-1.836231613159179688e+01
6.351637840270996094e+00,1.119023799896240234e+01,-6.897967338562011719e+00
-5.856885433197021484e+00,1.420885753631591797e+01,-1.489637088775634766e+01
-2.802552938461303711e+00,-1.279902744293212891e+01,-8.980090141296386719e+00
1.381947326660156250e+01,1.853862762451171875e+01,7.747945785522460938e+00
9.785888671875000000e+00,-3.517182588577270508e+00,8.053959846496582031e+00
8.650603294372558594e+00,1.885118865966796875e+01,-3.283791303634643555e+00
-1.203312397003173828e+00,3.224319219589233398e+00,1.958926081657409668e+00
-1.043059253692626953e+01,-8.598408699035644531e+00,-7.886858940124511719e+00
8.514323234558105469e+00,1.780576705932617188e+01,-4.130705833435058594e+00
-4.717968031764030457e-02,1.735317993164062500e+01,1.236889934539794922e+01
-6.346919387578964233e-02,1.755634880065917969e+01,1.266631603240966797e+01
-1.183086490631103516e+01,1.058875274658203125e+01,-8.051844596862792969e+00
6.756989955902099609e+00,-7.214660167694091797e+00,-8.339070528745651245e-02
8.130943298339843750e+00,-1.441280841827392578e-01,1.635617446899414062e+01
1.436115646362304688e+01,1.891920471191406250e+01,7.919063568115234375e+00
-7.613133192062377930e-01,1.064190864562988281e+01,1.764850234985351562e+01
1.373122119903564453e+01,1.867164802551269531e+01,7.377522468566894531e+00
-5.968407154083251953e+00,1.404011821746826172e+01,-1.469259262084960938e+01
1.471683382987976074e+00,2.335413932800292969e+01,-7.127965450286865234e+00
1.012693691253662109e+01,-1.113392639160156250e+01,1.006024360656738281e+01
-9.115038067102432251e-02,1.733346176147460938e+01,1.222653293609619141e+01
1.519244289398193359e+01,-1.155222225189208984e+01,6.057301044464111328e+00
1.032543182373046875e+01,9.338523864746093750e+00,1.188553047180175781e+01
1.403624248504638672e+01,-2.114048242568969727e+00,1.466070556640625000e+01
3.958460092544555664e+00,-1.232369899749755859e+01,-9.629127502441406250e+00
1.421968555450439453e+01,1.879105758666992188e+01,7.767025470733642578e+00
-5.396197363734245300e-02,1.741189002990722656e+01,1.221894264221191406e+01
1.385789108276367188e+01,1.857929611206054688e+01,7.694438934326171875e+00
1.538288712501525879e+00,2.331544494628906250e+01,-7.013151168823242188e+00
-1.114702510833740234e+01,-1.146461218595504761e-01,-4.691954135894775391e+00
2.178856086730957031e+01,-4.051295280456542969e+00,-1.092828035354614258e+00
2.092227554321289062e+01,1.076696681976318359e+01,2.518401861190795898e+00
6.395757675170898438e+00,4.799893379211425781e+00,6.495696544647216797e+00
1.902997970581054688e+01,3.670446157455444336e+00,1.297929000854492188e+01
-1.344787120819091797e+01,4.444662094116210938e+00,1.921964645385742188e+00
-3.261782646179199219e+00,1.971374130249023438e+01,2.097983837127685547e+00
-2.428424358367919922e-01,1.757773017883300781e+01,1.233919429779052734e+01
3.396769046783447266e+00,5.928029537200927734e+00,-1.285139083862304688e+00
8.482231140136718750e+00,1.785058403015136719e+01,-2.789248704910278320e+00
1.209487533569335938e+01,1.706368827819824219e+01,8.755011558532714844e-01
1.263664841651916504e+00,-1.174171066284179688e+01,9.906257390975952148e-01
-1.440092027187347412e-01,-1.285857486724853516e+01,1.380826759338378906e+01
8.504320144653320312e+00,1.782571601867675781e+01,-2.778213024139404297e+00
-1.236133480072021484e+01,-2.495639801025390625e+00,4.260045051574707031e+00
-1.129347801208496094e+00,3.190149784088134766e+00,1.327742815017700195e+00
4.095043182373046875e+00,3.129362165927886963e-01,2.466483592987060547e+00
-1.252698421478271484e+00,3.911523818969726562e+00,-2.781448364257812500e+00
5.817282676696777344e+00,1.127906990051269531e+01,1.203904449939727783e-01
4.094966411590576172e+00,3.128366172313690186e-01,2.466573238372802734e+00
-1.342513179779052734e+01,4.428113460540771484e+00,1.998767495155334473e+00
5.612909317016601562e+00,-5.229631423950195312e+00,-1.688451576232910156e+01
3.849712014198303223e-01,-7.908861160278320312e+00,-4.503709793090820312e+00
-1.158931064605712891e+01,5.413961887359619141e+00,1.463114643096923828e+01
1.389911079406738281e+01,-4.527629375457763672e+00,-1.461515808105468750e+01
-4.238481044769287109e+00,2.009504556655883789e+00,-1.001000976562500000e+01
2.108180046081542969e+01,8.064408302307128906e+00,8.827801704406738281e+00
-5.190384387969970703e+00,5.412744998931884766e+00,-1.839970970153808594e+01
1.898948860168457031e+01,5.691082477569580078e+00,-2.556337594985961914e+00
1.897138023376464844e+01,5.673418998718261719e+00,-2.538232088088989258e+00
1.360662174224853516e+01,1.835251808166503906e+01,8.024534225463867188e+00
1.589739203453063965e+00,7.576610565185546875e+00,4.514129638671875000e+00
1.377763652801513672e+01,1.850983428955078125e+01,7.790156364440917969e+00
1.387066459655761719e+01,-4.499232292175292969e+00,-1.458694362640380859e+01
1.504205584526062012e+00,2.336708259582519531e+01,-7.094557762145996094e+00
7.136338233947753906e+00,5.543727397918701172e+00,5.129129886627197266e+00
1.036330509185791016e+01,9.373707771301269531e+00,1.184801006317138672e+01
1.559073829650878906e+01,1.307128143310546875e+01,-4.640112400054931641e+00
1.216593647003173828e+01,-6.384235382080078125e+00,1.180283308029174805e+00
6.348155021667480469e+00,1.118847274780273438e+01,-6.895502090454101562e+00
1.005510425567626953e+01,-1.119642639160156250e+01,9.988402366638183594e+00
3.639782071113586426e-01,-7.929735660552978516e+00,-4.482891559600830078e+00
1.355269432067871094e+01,1.831044769287109375e+01,8.010128021240234375e+00
-1.872615623474121094e+01,2.088801860809326172e+00,-1.286015987396240234e+00
-1.522333621978759766e+01,4.098977565765380859e+00,-7.683121204376220703e+00
1.556260776519775391e+01,6.265432834625244141e+00,6.094528675079345703e+00
2.062366104125976562e+01,1.243277430534362793e+00,3.823383808135986328e+00
7.467821121215820312e+00,9.486964225769042969e+00,-2.644320726394653320e+00
1.393236351013183594e+01,1.858744621276855469e+01,7.779823780059814453e+00
1.870080757141113281e+01,-6.993663787841796875e+00,4.744864463806152344e+00
1.641492652893066406e+01,-6.592902183532714844e+00,1.171686077117919922e+01
1.372061634063720703e+01,1.866815185546875000e+01,7.372490406036376953e+00
5.170552253723144531e+00,1.125777053833007812e+01,-1.509863018989562988e+00
1.367969417572021484e+01,1.868222618103027344e+01,7.342682838439941406e+00
1.965794181823730469e+01,2.571376562118530273e+00,-1.444541931152343750e+01
-4.378037452697753906e+00,-1.309459781646728516e+01,-1.326238751411437988e+00
-9.640519142150878906e+00,-3.390897512435913086e+00,-1.153601169586181641e+01
-6.338564872741699219e+00,-6.851242542266845703e+00,2.894192695617675781e+00
6.713378906250000000e+00,4.901073455810546875e+00,4.929502010345458984e+00
-9.205250144004821777e-01,1.234955906867980957e+00,2.245503997802734375e+01
-1.238975429534912109e+01,-2.447744131088256836e+00,4.231767177581787109e+00
-9.838654518127441406e+00,1.399293136596679688e+01,2.373641729354858398e+00
3.004983901977539062e+00,3.072555303573608398e+00,-5.240492820739746094e+00
-2.622824907302856445e+00,1.185284033417701721e-01,1.431679344177246094e+01
2.178752517700195312e+01,-4.051202297210693359e+00,-1.091695547103881836e+00
-9.843122482299804688e+00,1.394731330871582031e+01,2.389389991760253906e+00
-8.248626440763473511e-02,1.760426521301269531e+01,1.266040706634521484e+01
1.424098968505859375e+00,2.337485122680664062e+01,-6.854081630706787109e+00
-3.930493295192718506e-01,1.734989929199218750e+01,1.242090988159179688e+01
1.107691001892089844e+01,-3.989518880844116211e+00,-5.447350978851318359e+00
3.380741834640502930e+00,5.959295749664306641e+00,-1.325367569923400879e+00
5.410206794738769531e+00,6.257742404937744141e+00,-2.224664926528930664e+00
5.412867069244384766e+00,6.259590148925781250e+00,-2.226099014282226562e+00
1.208683204650878906e+01,1.705279731750488281e+01,8.862284421920776367e-01
1.008726024627685547e+01,-1.116415405273437500e+01,1.002050590515136719e+01
1.008684349060058594e+01,-1.116456985473632812e+01,1.002011680603027344e+01
-1.094766139984130859e+01,2.553905248641967773e+00,-1.591401767730712891e+01
1.555695819854736328e+01,1.304836463928222656e+01,-4.672036647796630859e+00
-4.647939801216125488e-01,1.094809627532958984e+01,1.785132598876953125e+01
2.692549943923950195e+00,5.652964115142822266e+00,1.984331130981445312e+01
6.522983074188232422e+00,2.900427579879760742e+00,9.122099876403808594e+00
-9.474275588989257812e+00,1.365117454528808594e+01,2.683687210083007812e+00
1.537263679504394531e+01,1.286004638671875000e+01,-4.847359657287597656e+00
-1.874107170104980469e+01,2.104564666748046875e+00,-1.280761957168579102e+00
1.539411735534667969e+01,1.288311195373535156e+01,-4.831449508666992188e+00
-2.634449005126953125e+00,7.131639122962951660e-02,1.392605018615722656e+01
6.098614215850830078e+00,1.007939052581787109e+01,-1.519363403320312500e+00
2.557184457778930664e+00,1.797856903076171875e+01,1.268805146217346191e+00
-6.860813617706298828e+00,1.914048004150390625e+01,-5.070197105407714844e+00
9.842062950134277344e+00,-8.820793151855468750e+00,-9.208178520202636719e+00
-8.307086944580078125e+00,5.727231502532958984e+00,-2.929243803024291992e+00
3.995067119598388672e+00,-5.410909652709960938e+00,7.295202732086181641e+00
8.384493827819824219e+00,-1.851056694984436035e+00,1.459173679351806641e+00
4.305718898773193359e+00,6.439414501190185547e+00,-1.773747634887695312e+01
-3.887873888015747070e-01,1.727297401428222656e+01,1.244550609588623047e+01
2.691462993621826172e+00,5.653949737548828125e+00,1.984192085266113281e+01
-8.538923263549804688e+00,5.592199325561523438e+00,-3.176069021224975586e+00
3.349617719650268555e-01,4.158834934234619141e+00,1.116146802902221680e+00
1.678726792335510254e+00,2.316820335388183594e+01,-6.905935287475585938e+00
1.002185535430908203e+01,-1.110379695892333984e+01,9.955156326293945312e+00
3.219307661056518555e+00,-3.077233791351318359e+00,-8.952893257141113281e+00
1.554861640930175781e+01,6.251715183258056641e+00,6.109187126159667969e+00
9.804141044616699219e+00,-3.501296758651733398e+00,8.072202682495117188e+00
-5.213898658752441406e+00,1.100503158569335938e+01,-5.166346073150634766e+00
8.449522972106933594e+00,1.785061073303222656e+01,-2.815170526504516602e+00
4.017142295837402344e+00,-5.389264583587646484e+00,7.318869113922119141e+00
8.683893203735351562e+00,1.888609886169433594e+01,-3.302467346191406250e+00
-5.243237018585205078e+00,1.097464656829833984e+01,-5.196612358093261719e+00
2.786390781402587891e+00,-9.145242691040039062e+00,-1.535741806030273438e+01
-1.684325599670410156e+01,1.087172317504882812e+01,-2.864105701446533203e+00
2.061343383789062500e+01,1.253221631050109863e+00,3.833521604537963867e+00
-8.657946586608886719e+00,-7.094469547271728516e+00,-1.190436482429504395e+00
-1.239407157897949219e+01,-2.461595296859741211e+00,4.227617263793945312e+00
-8.391534686088562012e-01,9.288825035095214844e+00,3.883746385574340820e+00
1.425796031951904297e+01,1.882144165039062500e+01,7.817827224731445312e+00
4.273680686950683594e+00,6.383506774902343750e+00,-1.778022193908691406e+01
-5.287077650427818298e-02,1.740466117858886719e+01,1.216922664642333984e+01
-1.636017036437988281e+01,7.206816196441650391e+00,8.046793937683105469e+00
-1.179386711120605469e+01,-1.162665176391601562e+01,5.592339515686035156e+00
4.016299247741699219e+00,-5.390217304229736328e+00,7.318073749542236328e+00
8.405122756958007812e+00,-1.451362991333007812e+01,1.899898886680603027e+00
8.147353172302246094e+00,-1.568168699741363525e-01,1.634656524658203125e+01
1.015414237976074219e+01,-1.369843101501464844e+01,-4.222935199737548828e+00
-1.179810237884521484e+01,-1.165831661224365234e+01,5.560948848724365234e+00
-1.182911014556884766e+01,1.058137989044189453e+01,-8.028528213500976562e+00
-2.781962633132934570e+00,-7.710990905761718750e+00,9.344239234924316406e+00
3.545050859451293945e+00,4.431552886962890625e+00,-8.520343899726867676e-01
1.556431770324707031e+01,1.305635261535644531e+01,-4.696831226348876953e+00
8.464693069458007812e+00,1.788015174865722656e+01,-2.802702665328979492e+00
4.065422534942626953e+00,1.418894386291503906e+01,1.336705684661865234e+00
-5.538771152496337891e-01,7.666942596435546875e+00,2.113781452178955078e+00
-1.117493152618408203e+01,-8.692181855440139771e-02,-4.664163112640380859e+00
-4.322411537170410156e+00,-1.303962612152099609e+01,-1.381569862365722656e+00
-1.036186695098876953e+01,-8.530265808105468750e+00,-7.956768035888671875e+00
2.062405967712402344e+01,1.242803215980529785e+00,3.823070526123046875e+00
3.396548271179199219e+00,6.596521377563476562e+00,-1.746969103813171387e+00
-2.601351976394653320e+00,6.317608058452606201e-02,1.420640754699707031e+01
2.512836217880249023e+00,1.803972244262695312e+01,1.225266695022583008e+00
2.511294841766357422e+00,1.803215026855468750e+01,1.219209790229797363e+00
-1.041072177886962891e+01,-8.603556632995605469e+00,-8.031609535217285156e+00
1.641232872009277344e+01,-6.592906951904296875e+00,1.171926689147949219e+01
6.887533187866210938e+00,3.794600248336791992e+00,5.114606380462646484e+00
8.386744499206542969e+00,-1.855373740196228027e+00,1.463489174842834473e+00
3.440573453903198242e+00,5.956894397735595703e+00,-1.865125536918640137e+00
-6.796060562133789062e+00,1.923136138916015625e+01,-5.237858295440673828e+00
6.886831283569335938e+00,3.813011884689331055e+00,5.104393005371093750e+00
5.804973125457763672e+00,1.113342761993408203e+01,-4.421976860612630844e-03
-6.737693786621093750e+00,1.924660301208496094e+01,-5.208934307098388672e+00
1.904654312133789062e+01,5.640780448913574219e+00,-2.613131284713745117e+00
4.533074855804443359e+00,6.638942241668701172e+00,-1.798198318481445312e+01
-6.743340969085693359e+00,1.924825668334960938e+01,-5.175095558166503906e+00
-2.758033514022827148e+00,-7.734976291656494141e+00,9.368130683898925781e+00
2.267882525920867920e-01,4.541204929351806641e+00,1.174224495887756348e+00
-9.462689399719238281e+00,1.364775085449218750e+01,2.700385808944702148e+00
1.599062561988830566e+00,7.566832065582275391e+00,4.525984764099121094e+00
1.525558567047119141e+01,-1.161568069458007812e+01,5.993931293487548828e+00
1.383237552642822266e+01,4.540912151336669922e+00,-1.276754951477050781e+01
-9.752860069274902344e+00,1.372618579864501953e+01,2.242112398147583008e+00
5.314712524414062500e+00,-6.192494869232177734e+00,1.470406246185302734e+01
1.019508743286132812e+01,-1.364932250976562500e+01,-4.181802749633789062e+00
-9.713184356689453125e+00,1.408925533294677734e+01,2.625571966171264648e+00
1.765625000000000000e+01,-2.871287465095520020e-01,-4.536196231842041016e+00
-5.818267822265625000e+00,1.423349857330322266e+01,-1.490854644775390625e+01
7.591739177703857422e+00,9.680335998535156250e+00,-2.752400875091552734e+00
1.423881626129150391e+01,1.878626441955566406e+01,7.793368339538574219e+00
6.522859096527099609e+00,2.900594711303710938e+00,9.121938705444335938e+00
2.181498718261718750e+01,-4.080741882324218750e+00,-1.112703323364257812e+00
-5.188352108001708984e+00,1.103300666809082031e+01,-5.140651702880859375e+00
-1.590239405632019043e+00,8.470321655273437500e+00,-3.248511075973510742e+00
-1.039079761505126953e+01,-8.496694564819335938e+00,-7.991479396820068359e+00
-4.255728721618652344e+00,-1.296696281433105469e+01,-1.457117080688476562e+00
1.774160194396972656e+01,-3.703403174877166748e-01,-4.617464542388916016e+00
-5.259558200836181641e+00,1.095019435882568359e+01,-5.225756168365478516e+00
1.967561721801757812e+01,2.553556680679321289e+00,-1.442860317230224609e+01
1.563418030738830566e+00,7.365447521209716797e+00,4.104463100433349609e+00
-6.697435379028320312e+00,1.925500106811523438e+01,-5.215172290802001953e+00
1.405596542358398438e+01,-2.133842468261718750e+00,1.468072700500488281e+01
1.515384078025817871e+00,2.990228652954101562e+00,1.289955019950866699e+00
1.444406390190124512e+00,3.030720472335815430e+00,1.262661218643188477e+00
1.192916870117187500e+00,2.908960580825805664e+00,8.521685004234313965e-01
1.598629713058471680e+00,7.567350387573242188e+00,4.526196956634521484e+00
8.627525568008422852e-01,2.088654994964599609e+00,-2.622503340244293213e-01
-9.813778877258300781e+00,1.394013118743896484e+01,2.455359697341918945e+00
-9.676098823547363281e+00,1.379189205169677734e+01,2.508762359619140625e+00
-8.051343262195587158e-02,1.756077384948730469e+01,1.226375293731689453e+01
-3.648568391799926758e-01,1.729483032226562500e+01,1.236173629760742188e+01
-6.259263515472412109e+00,1.383409690856933594e+01,-1.464727592468261719e+01
-1.156733855605125427e-01,1.751090049743652344e+01,1.259481143951416016e+01
1.369195175170898438e+01,1.868935012817382812e+01,7.322439670562744141e+00
6.740031719207763672e+00,-7.230627059936523438e+00,-6.580317765474319458e-02
-9.692719459533691406e+00,1.383576869964599609e+01,2.532176733016967773e+00
-1.176825809478759766e+01,-1.168202018737792969e+01,5.616714954376220703e+00
-1.691316604614257812e+01,1.089708614349365234e+01,-2.933768749237060547e+00
-1.357507556676864624e-01,1.739229011535644531e+01,1.246602916717529297e+01
-1.872736358642578125e+01,2.091130495071411133e+00,-1.283776283264160156e+00
9.797496795654296875e+00,-8.859826087951660156e+00,-9.201219558715820312e+00
-5.729673862457275391e+00,1.392901611328125000e+01,-1.481614589691162109e+01
-9.756895065307617188e+00,1.373545455932617188e+01,2.247081518173217773e+00
5.832593441009521484e+00,2.113309800624847412e-01,-1.613835811614990234e+00
2.891354799270629883e+00,-1.006875157356262207e+00,3.308128118515014648e+00
-1.181624412536621094e+01,1.060251235961914062e+01,-8.050705909729003906e+00
-5.936012744903564453e+00,1.408603763580322266e+01,-1.471528911590576172e+01
-6.161025524139404297e+00,1.384446048736572266e+01,-1.450702953338623047e+01
-5.949481010437011719e+00,1.401873683929443359e+01,-1.431188106536865234e+01
-7.066018104553222656e+00,8.375560760498046875e+00,1.188299179077148438e+01
6.741890430450439453e+00,-7.229676246643066406e+00,-6.830920279026031494e-02
-4.198536396026611328e+00,1.972014546394348145e+00,-1.004782485961914062e+01
2.888914346694946289e+00,-1.008918523788452148e+00,3.310225725173950195e+00
6.551560163497924805e-01,4.846222877502441406e+00,-4.965678974986076355e-02
-1.200122356414794922e+00,3.228825330734252930e+00,1.951415538787841797e+00
1.899389457702636719e+01,3.701701402664184570e+00,1.294358825683593750e+01
3.219217061996459961e+00,-3.077521085739135742e+00,-8.953133583068847656e+00
-7.082687854766845703e+00,8.392139434814453125e+00,1.186637973785400391e+01
-4.517685174942016602e-01,5.087280750274658203e+00,1.057354807853698730e+00
-1.630927276611328125e+01,-4.488428115844726562e+00,-2.466900825500488281e+00
2.723813056945800781e+00,-9.195299148559570312e+00,-1.541985988616943359e+01
-4.264180183410644531e+00,-1.298039722442626953e+01,-1.440857172012329102e+00
1.902066612243652344e+01,5.719983577728271484e+00,-2.587392091751098633e+00
3.219323158264160156e+00,-3.077387809753417969e+00,-8.953056335449218750e+00
-4.354068279266357422e+00,-1.286493015289306641e+01,6.296355724334716797e+00
-1.180771636962890625e+01,-1.164446544647216797e+01,5.576506614685058594e+00
6.497355937957763672e+00,9.172171354293823242e-01,-1.697715187072753906e+01
-5.276301383972167969e+00,1.103989887237548828e+01,-5.232824325561523438e+00
3.952730417251586914e+00,-1.228450584411621094e+01,-9.670125007629394531e+00
1.640141105651855469e+01,-6.579522132873535156e+00,1.173039722442626953e+01
8.419064521789550781e+00,-1.450036430358886719e+01,1.968917489051818848e+00
-1.338599491119384766e+01,4.406188011169433594e+00,1.979850769042968750e+00
-4.721216261386871338e-01,1.087111091613769531e+01,1.744962882995605469e+01
1.073635768890380859e+01,4.725625514984130859e+00,1.833410072326660156e+01
2.104642868041992188e+01,8.088758468627929688e+00,8.863595962524414062e+00
4.017932891845703125e+00,-5.388468742370605469e+00,7.319630146026611328e+00
2.774963855743408203e+00,6.375243186950683594e+00,2.719544649124145508e+00
5.817194938659667969e+00,1.127918052673339844e+01,1.204790174961090088e-01
-1.317515373229980469e-01,-1.285229873657226562e+01,1.381539344787597656e+01
-1.181420707702636719e+01,1.060124588012695312e+01,-8.052977561950683594e+00
-7.026259899139404297e-01,4.172057628631591797e+00,7.820447683334350586e-01
1.965612030029296875e+01,2.573253393173217773e+00,-1.444790458679199219e+01
1.398950958251953125e+01,-2.067266225814819336e+00,1.461412525177001953e+01
-1.029976177215576172e+01,-8.464379310607910156e+00,-8.021723747253417969e+00
1.073675632476806641e+01,4.726031303405761719e+00,1.833372688293457031e+01
1.107655620574951172e+01,-3.990191459655761719e+00,-5.447311401367187500e+00
2.780011653900146484e+00,-9.162349700927734375e+00,-1.536584758758544922e+01
-2.042777776718139648e+00,6.324759483337402344e+00,-4.282215118408203125e+00
2.178927803039550781e+01,-4.052846908569335938e+00,-1.092448353767395020e+00
2.093428421020507812e+01,1.075434398651123047e+01,2.521981239318847656e+00
-2.539236545562744141e+00,7.535371929407119751e-02,1.432050228118896484e+01
1.959504127502441406e+00,7.059098720550537109e+00,3.584805011749267578e+00
-4.340373039245605469e+00,-1.285046291351318359e+01,6.312021255493164062e+00
-9.816738128662109375e+00,1.399187088012695312e+01,2.453005075454711914e+00
1.385999774932861328e+01,4.659399509429931641e+00,-1.258707332611083984e+01
-1.034998321533203125e+01,-8.515024185180664062e+00,-7.953154087066650391e+00
5.251407623291015625e+00,-6.220039367675781250e+00,1.464058971405029297e+01
1.562092900276184082e+00,7.377973556518554688e+00,4.115101814270019531e+00
2.385062694549560547e+00,4.872938632965087891e+00,1.510470509529113770e+00
-9.466534256935119629e-01,3.564224541187286377e-01,3.195435285568237305e+00
-6.349827766418457031e+00,-6.856160163879394531e+00,2.888994693756103516e+00
-8.381583213806152344e+00,1.031949615478515625e+01,7.108088970184326172e+00
-7.742383331060409546e-02,1.741164779663085938e+01,1.255216598510742188e+01
-1.630218124389648438e+01,-4.479671478271484375e+00,-2.459681272506713867e+00
4.392622470855712891e+00,6.459743022918701172e+00,-1.788973808288574219e+01
1.551823902130126953e+01,6.221119403839111328e+00,6.137174606323242188e+00
-1.101925754547119141e+01,2.477632999420166016e+00,-1.599147796630859375e+01
4.519395828247070312e+00,6.630567073822021484e+00,-1.796568298339843750e+01
-1.689533805847167969e+01,1.087870883941650391e+01,-2.916239500045776367e+00
-1.339769554138183594e+01,4.400264263153076172e+00,1.982772469520568848e+00
-2.042771100997924805e+00,6.324875354766845703e+00,-4.282393932342529297e+00
1.895926666259765625e+01,3.734760761260986328e+00,1.297703933715820312e+01
-6.017806529998779297e+00,1.407071018218994141e+01,-1.480461788177490234e+01
-5.808120727539062500e+00,1.424459362030029297e+01,-1.493303871154785156e+01
6.754125118255615234e+00,-7.217344284057617188e+00,-8.052244037389755249e-02
-6.301034927368164062e+00,1.373730182647705078e+01,-1.465908908843994141e+01
2.205275154113769531e+01,9.097759246826171875e+00,-7.187854290008544922e+00
2.374186992645263672e+00,3.699145793914794922e+00,1.576876401901245117e+00
-5.964181423187255859e+00,1.399984645843505859e+01,-1.431593990325927734e+01
6.489114761352539062e+00,9.242315292358398438e-01,-1.697831153869628906e+01
-5.214409351348876953e+00,1.100076103210449219e+01,-5.168750286102294922e+00
-9.882400512695312500e+00,1.397016429901123047e+01,2.366039991378784180e+00
-6.269708633422851562e+00,1.376907730102539062e+01,-1.466249656677246094e+01
-5.860966205596923828e+00,1.418360137939453125e+01,-1.487398433685302734e+01
-2.557285785675048828e+00,3.736852109432220459e-02,1.427770996093750000e+01
1.981127500534057617e+00,7.090728282928466797e+00,3.668996334075927734e+00
2.094298934936523438e+01,1.077992248535156250e+01,2.547950267791748047e+00
1.545048475265502930e+00,2.330995178222656250e+01,-6.996973037719726562e+00
6.525067806243896484e+00,2.898719310760498047e+00,9.124185562133789062e+00
-7.485595941543579102e-01,6.055850982666015625e+00,1.154152974486351013e-01
2.230670452117919922e+00,3.619573593139648438e+00,1.526277542114257812e+00
-1.692401504516601562e+01,1.082448291778564453e+01,-2.944776773452758789e+00
4.393648147583007812e+00,6.389647006988525391e+00,-1.796479034423828125e+01
2.183546781539916992e+00,7.540490627288818359e+00,-1.303901195526123047e+00
1.382826328277587891e+00,2.342599296569824219e+01,-6.879159927368164062e+00
-9.848939895629882812e+00,1.388128185272216797e+01,2.354053497314453125e+00
-9.487420082092285156e+00,1.366395950317382812e+01,2.677167177200317383e+00
-1.202483177185058594e+01,4.969469606876373291e-01,1.044203948974609375e+01
-6.076736450195312500e+00,1.402918243408203125e+01,-1.467489337921142578e+01
-1.369870305061340332e+00,-6.075952529907226562e+00,-9.085877418518066406e+00
-1.098898220062255859e+01,2.495895624160766602e+00,-1.597698688507080078e+01
4.186042308807373047e+00,6.304336547851562500e+00,-1.770700263977050781e+01
2.184599304199218750e+01,-4.000753879547119141e+00,-1.147552371025085449e+00
8.480207443237304688e+00,1.785598182678222656e+01,-2.826108217239379883e+00
1.016434574127197266e+01,-1.368355464935302734e+01,-4.212727546691894531e+00
-1.630585479736328125e+01,-4.484575748443603516e+00,-2.463511466979980469e+00
-9.762321472167968750e+00,1.384235572814941406e+01,2.398849487304687500e+00
4.281761646270751953e+00,6.377197265625000000e+00,-1.780348587036132812e+01
3.005237340927124023e+00,3.072251081466674805e+00,-5.240865707397460938e+00
5.835670471191406250e+00,2.073260843753814697e-01,-1.616427779197692871e+00
4.068374156951904297e+00,5.932298660278320312e+00,-1.807097077369689941e+00
1.867966651916503906e+01,-6.962714195251464844e+00,4.713352203369140625e+00
7.585013389587402344e+00,9.679184913635253906e+00,-2.759386062622070312e+00
4.183793544769287109e+00,6.290287017822265625e+00,-1.770772933959960938e+01
-1.117335605621337891e+01,-1.394948661327362061e-01,-4.663749694824218750e+00
7.584917545318603516e+00,9.674188613891601562e+00,-2.758744239807128906e+00
7.271190285682678223e-01,1.243027400970458984e+01,-2.368058204650878906e+00
1.391021156311035156e+01,1.865630149841308594e+01,7.798446655273437500e+00
-1.675803565979003906e+01,1.071613597869873047e+01,-2.774118423461914062e+00
7.592847824096679688e+00,9.679436683654785156e+00,-2.751002073287963867e+00
1.492702603340148926e+00,2.335439300537109375e+01,-6.963190555572509766e+00
-2.358833074569702148e+00,-2.204097032546997070e+00,-1.804226875305175781e+01
-5.190297603607177734e+00,-4.416749000549316406e+00,-1.421707916259765625e+01
-1.630865287780761719e+01,-4.487545490264892578e+00,-2.466255187988281250e+00
3.598018646240234375e+00,5.829915523529052734e+00,-1.844361186027526855e+00
-1.200452709197998047e+01,5.171811580657958984e-01,1.042187976837158203e+01
1.415623903274536133e+00,2.339460754394531250e+01,-6.895760059356689453e+00
5.170446872711181641e+00,1.125779247283935547e+01,-1.510099649429321289e+00
1.375171852111816406e+01,1.859035301208496094e+01,7.479161739349365234e+00
-1.526721858978271484e+01,4.140772819519042969e+00,-7.639597415924072266e+00
1.554638385772705078e+01,6.249405860900878906e+00,6.109329223632812500e+00
1.385491847991943359e+01,-4.483530521392822266e+00,-1.460202026367187500e+01
-8.656755447387695312e+00,-7.092555999755859375e+00,-1.188643813133239746e+00
5.333039283752441406e+00,-6.214124679565429688e+00,1.471692943572998047e+01
-5.865412235260009766e+00,1.415234088897705078e+01,-1.461266899108886719e+01
-5.799121379852294922e+00,1.424807071685791016e+01,-1.485290431976318359e+01
-5.949837207794189453e+00,1.401539325714111328e+01,-1.430725765228271484e+01
-1.109320259094238281e+01,-6.098284199833869934e-02,-4.747313976287841797e+00
9.439958572387695312e+00,1.238903236389160156e+01,-1.154939556121826172e+01
-5.827761650085449219e+00,1.417504405975341797e+01,-1.465066719055175781e+01
-6.266916275024414062e+00,1.378073883056640625e+01,-1.468704128265380859e+01
9.460473060607910156e+00,1.240954971313476562e+01,-1.152901744842529297e+01
2.202806282043457031e+01,9.073252677917480469e+00,-7.205324172973632812e+00
8.465614318847656250e+00,1.786878395080566406e+01,-2.808939218521118164e+00
9.439621925354003906e+00,1.238869190216064453e+01,-1.154914188385009766e+01
5.344426155090332031e+00,-6.235311985015869141e+00,1.473444080352783203e+01
8.594991683959960938e+00,1.777874755859375000e+01,-4.157952785491943359e+00
1.385565948486328125e+01,4.620509624481201172e+00,-1.264676189422607422e+01
4.091883182525634766e+00,3.117093443870544434e-01,2.468485832214355469e+00
9.106781959533691406e+00,8.078194618225097656e+00,-1.085091495513916016e+01
9.438858985900878906e+00,1.238792419433593750e+01,-1.155006980895996094e+01
3.218368291854858398e+00,-3.076471567153930664e+00,-8.952241897583007812e+00
1.520050144195556641e+01,9.423688650131225586e-01,7.755039691925048828e+00
9.090301513671875000e+00,8.080498695373535156e+00,-1.083092975616455078e+01
-9.774673461914062500e+00,1.388346958160400391e+01,2.432626485824584961e+00
8.569663047790527344e+00,1.775095748901367188e+01,-4.188173294067382812e+00
1.010630130767822266e+01,-1.118424415588378906e+01,1.003953075408935547e+01
9.091967582702636719e+00,8.079969406127929688e+00,-1.083391475677490234e+01
1.215883636474609375e+01,-6.377166748046875000e+00,1.183733463287353516e+00
2.179204940795898438e+01,-4.051788330078125000e+00,-1.094619750976562500e+00
4.253888130187988281e+00,6.373555183410644531e+00,-1.776742744445800781e+01
-1.241867542266845703e+01,-2.440770864486694336e+00,4.203033924102783203e+00
9.838319778442382812e+00,-8.819640159606933594e+00,-9.160977363586425781e+00
1.205418777465820312e+01,1.710230636596679688e+01,8.369937539100646973e-01
8.570039749145507812e+00,1.775321006774902344e+01,-4.185453414916992188e+00
-5.190327167510986328e+00,-4.416731357574462891e+00,-1.421706962585449219e+01
5.298284053802490234e+00,-6.180438041687011719e+00,1.468461608886718750e+01
3.534518182277679443e-01,-7.940199851989746094e+00,-4.472298145294189453e+00
1.373903560638427734e+01,1.856807327270507812e+01,7.609884262084960938e+00
1.425505447387695312e+01,1.882230377197265625e+01,7.815861701965332031e+00
3.675789758563041687e-02,1.765651893615722656e+01,1.276090908050537109e+01
1.375232696533203125e+01,1.848219490051269531e+01,7.813129425048828125e+00
-3.332958698272705078e+00,1.964255714416503906e+01,2.168981552124023438e+00
3.603700876235961914e+00,5.824626922607421875e+00,-1.844107508659362793e+00
1.536554336547851562e+01,1.285560894012451172e+01,-4.861675262451171875e+00
6.741591930389404297e+00,4.835533618927001953e+00,4.860661983489990234e+00
8.384750366210937500e+00,-1.851540684700012207e+00,1.459634900093078613e+00
-6.727243900299072266e+00,1.931114578247070312e+01,-5.268377780914306641e+00
-8.382748603820800781e+00,1.032064247131347656e+01,7.109363079071044922e+00
3.407238006591796875e+00,5.933814048767089844e+00,-1.253849029541015625e+00
-1.040005588531494141e+01,-8.564675331115722656e+00,-8.001352310180664062e+00
-1.409048438072204590e-01,-1.284292316436767578e+01,1.382494831085205078e+01
1.516513919830322266e+01,9.772048592567443848e-01,7.790038108825683594e+00
-4.293049812316894531e+00,-1.300941467285156250e+01,-1.412134647369384766e+00
1.394080448150634766e+01,1.848850250244140625e+01,7.550068855285644531e+00
-1.180402851104736328e+01,-1.164722061157226562e+01,5.585271835327148438e+00
1.504621744155883789e+00,2.334542655944824219e+01,-6.988438606262207031e+00
5.534890651702880859e+00,-5.307822227478027344e+00,-1.694056320190429688e+01
-6.754252910614013672e+00,1.928270149230957031e+01,-5.233536243438720703e+00
2.228522777557373047e+00,3.617535829544067383e+00,1.525214672088623047e+00
1.524035811424255371e+00,2.335533142089843750e+01,-7.120720386505126953e+00
-4.354269981384277344e+00,-1.286333847045898438e+01,6.314379215240478516e+00
1.411877059936523438e+01,-2.196645021438598633e+00,1.474316310882568359e+01
-2.759248256683349609e+00,-7.733866214752197266e+00,9.367122650146484375e+00
-1.159131908416748047e+01,5.415955543518066406e+00,1.463316631317138672e+01
-6.154103279113769531e+00,1.392265605926513672e+01,-1.471605491638183594e+01
1.035512924194335938e+01,9.375836372375488281e+00,1.180764865875244141e+01
-1.634064292907714844e+01,-4.519473552703857422e+00,-2.498235702514648438e+00
2.433584690093994141e+00,3.751931667327880859e+00,-4.462494850158691406e+00
7.397146224975585938e+00,7.244100093841552734e+00,8.520853042602539062e+00
9.451778411865234375e+00,1.240087509155273438e+01,-1.155897331237792969e+01
2.516828536987304688e+00,1.803009223937988281e+01,1.222225189208984375e+00
1.046290397644042969e+01,9.461741447448730469e+00,1.174764442443847656e+01
7.397191524505615234e+00,7.244195938110351562e+00,8.520952224731445312e+00
-6.349918365478515625e+00,-6.856041908264160156e+00,2.889220714569091797e+00
1.048078823089599609e+01,9.472147941589355469e+00,1.172829341888427734e+01
1.005743694305419922e+01,-1.119356536865234375e+01,9.990680694580078125e+00
1.965816879272460938e+01,2.570818424224853516e+00,-1.444576930999755859e+01
1.034284400939941406e+01,9.356198310852050781e+00,1.186812210083007812e+01
6.354389667510986328e+00,1.118599700927734375e+01,-6.893937110900878906e+00
2.178976249694824219e+01,-4.054168224334716797e+00,-1.091546773910522461e+00
1.423037815093994141e+01,1.879723358154296875e+01,7.789847373962402344e+00
-7.360811233520507812e-01,1.067067527770996094e+01,1.758199882507324219e+01
1.387445545196533203e+01,1.854349136352539062e+01,7.798333644866943359e+00
1.432638835906982422e+01,1.889428901672363281e+01,7.890210628509521484e+00
-1.639070153236389160e+00,-1.634174823760986328e+00,-2.982151031494140625e+00
-1.096986579895019531e+01,2.529335498809814453e+00,-1.593970489501953125e+01
-6.593364477157592773e-01,4.365868568420410156e+00,7.504708766937255859e-01
1.382516384124755859e+01,4.498574256896972656e+00,-1.282115173339843750e+01
1.400126552581787109e+01,4.335461616516113281e+00,-1.270733070373535156e+01
2.181452560424804688e+01,-4.069954872131347656e+00,-1.102412581443786621e+00
-6.134798005223274231e-02,1.729084205627441406e+01,1.239763832092285156e+01
-1.628329849243164062e+01,-4.454703807830810547e+00,-2.440655946731567383e+00
8.569976806640625000e+00,1.775400543212890625e+01,-4.183141231536865234e+00
-2.737567186355590820e+00,-1.046313494443893433e-01,1.459911251068115234e+01
7.127483367919921875e+00,8.990413665771484375e+00,-7.728309035301208496e-01
4.146445751190185547e+00,1.403644847869873047e+01,1.292007803916931152e+00
8.139678001403808594e+00,-1.525665968656539917e-01,1.635400962829589844e+01
-2.678982496261596680e+00,3.156009130179882050e-03,1.384473991394042969e+01
-8.128468990325927734e-01,9.328969955444335938e+00,3.975982189178466797e+00
4.261487960815429688e+00,6.687535762786865234e+00,-1.763575744628906250e+01
8.170819282531738281e+00,-1.867568194866180420e-01,1.631952667236328125e+01
3.217014312744140625e+00,-3.051024436950683594e+00,-8.926733970642089844e+00
9.799360275268554688e+00,-8.858120918273925781e+00,-9.199563026428222656e+00
-2.777036905288696289e+00,-7.715872287750244141e+00,9.349410057067871094e+00
1.643394088745117188e+01,-6.612459659576416016e+00,1.169775867462158203e+01
-6.743940353393554688e+00,-8.083624839782714844e+00,1.710729789733886719e+01
-4.269936561584472656e+00,-1.298689842224121094e+01,-1.430319190025329590e+00
-1.693148612976074219e+01,1.091178989410400391e+01,-2.951989173889160156e+00
-6.349946975708007812e+00,-6.856027126312255859e+00,2.889269590377807617e+00
-1.117472743988037109e+01,-1.463603675365447998e-01,-4.670742034912109375e+00
-1.691474467515945435e-01,-1.281657218933105469e+01,1.385100460052490234e+01
8.497189879417419434e-01,6.255031108856201172e+00,1.882422327995300293e+00
1.386749649047851562e+01,1.846097946166992188e+01,7.690759181976318359e+00
8.140233039855957031e+00,-1.537889391183853149e-01,1.635324096679687500e+01
-8.388287544250488281e+00,1.032612705230712891e+01,7.115096569061279297e+00
1.188285946846008301e+00,-1.181794071197509766e+01,9.111865758895874023e-01
1.891142463684082031e+01,3.781780481338500977e+00,1.302132606506347656e+01
-1.369255661964416504e+00,-6.075778961181640625e+00,-9.085448265075683594e+00
4.323133945465087891e+00,6.463035583496093750e+00,-1.781810188293457031e+01
1.376828575134277344e+01,4.465568065643310547e+00,-1.275271320343017578e+01
1.573485136032104492e+00,2.331149673461914062e+01,-7.125859260559082031e+00
-9.749528884887695312e+00,1.373892402648925781e+01,2.256303787231445312e+00
-3.295694589614868164e+00,1.967982101440429688e+01,2.131757497787475586e+00
8.140162467956542969e+00,-1.536680907011032104e-01,1.635350608825683594e+01
1.532195186614990234e+01,1.306080150604248047e+01,-5.002377510070800781e+00
-4.294255733489990234e+00,-1.301104164123535156e+01,-1.409416794776916504e+00
-7.082670211791992188e+00,4.312528610229492188e+00,6.309331893920898438e+00
7.137075424194335938e+00,5.544190406799316406e+00,5.129142761230468750e+00
1.047905158996582031e+01,9.468593597412109375e+00,1.173102188110351562e+01
-6.883313655853271484e+00,1.913463783264160156e+01,-5.091984748840332031e+00
-4.723711311817169189e-01,8.951281547546386719e+00,4.342312335968017578e+00
8.689600944519042969e+00,1.889286613464355469e+01,-3.307951688766479492e+00
-9.464883804321289062e+00,1.364941501617431641e+01,2.699077129364013672e+00
-9.704240798950195312e+00,1.385025119781494141e+01,2.552085399627685547e+00
2.365019321441650391e+00,4.849402427673339844e+00,1.522647261619567871e+00
6.490297794342041016e+00,9.230083227157592773e-01,-1.698707199096679688e+01
1.383739757537841797e+01,-4.465554714202880859e+00,-1.461977767944335938e+01
-4.265814781188964844e+00,2.037713289260864258e+00,-9.981515884399414062e+00
-6.349854469299316406e+00,-6.856185436248779297e+00,2.889030933380126953e+00
-8.656584739685058594e+00,-7.092964649200439453e+00,-1.188967108726501465e+00
-9.826015472412109375e+00,1.392258930206298828e+01,2.450323581695556641e+00
-1.594398170709609985e-01,1.751016807556152344e+01,1.259032917022705078e+01
-5.228388309478759766e+00,5.450511455535888672e+00,-1.836191749572753906e+01
1.649241447448730469e+01,-6.670926570892333984e+00,1.163937664031982422e+01
-1.118263721466064453e+01,-1.519844532012939453e-01,-4.722340106964111328e+00
-1.645220160484313965e+00,-1.639792442321777344e+00,-2.980456590652465820e+00
-6.718278408050537109e+00,-8.083162307739257812e+00,1.713309288024902344e+01
2.063463592529296875e+01,1.234312891960144043e+00,3.817772865295410156e+00
1.507772159576416016e+01,1.065481066703796387e+00,7.878036022186279297e+00
6.535517692565917969e+00,8.780966401100158691e-01,-1.701361656188964844e+01
-5.860764384269714355e-01,1.082808303833007812e+01,1.757128524780273438e+01
1.425883769989013672e+01,1.878196716308593750e+01,7.852913856506347656e+00
1.547218036651611328e+01,1.298206138610839844e+01,-4.635169506072998047e+00
4.533242225646972656e+00,6.645293235778808594e+00,-1.797831153869628906e+01
8.193588256835937500e-01,2.267998933792114258e+00,-1.530856788158416748e-01
3.395807981491088867e+00,6.595266342163085938e+00,-1.743745565414428711e+00
6.433981895446777344e+00,4.563895702362060547e+00,4.609909057617187500e+00
8.579331040382385254e-01,3.336752414703369141e+00,-9.976771473884582520e-01
2.364058732986450195e+00,4.848503112792968750e+00,1.522522330284118652e+00
-6.693433761596679688e+00,1.922984886169433594e+01,-5.181705474853515625e+00
-7.818561047315597534e-02,1.747399711608886719e+01,1.214280319213867188e+01
1.053087711334228516e+01,9.518447875976562500e+00,1.167959499359130859e+01
-9.060420393943786621e-01,1.219266295433044434e+00,2.245116615295410156e+01
-6.402759999036788940e-02,3.974199056625366211e+00,1.709755301475524902e+00
-1.689939880371093750e+01,1.085042095184326172e+01,-2.920071363449096680e+00
-8.533888816833496094e+00,5.594549179077148438e+00,-3.171380043029785156e+00
9.783458709716796875e+00,-3.513823032379150391e+00,8.051625251770019531e+00
-4.893150925636291504e-01,1.088067913055419922e+01,1.747927474975585938e+01
-3.981453478336334229e-01,1.099877834320068359e+01,1.746097183227539062e+01
3.005511522293090820e+00,3.071789979934692383e+00,-5.241354942321777344e+00
-3.299156129360198975e-01,1.109549427032470703e+01,1.759357833862304688e+01
3.005281686782836914e+00,3.072044610977172852e+00,-5.241063594818115234e+00
3.005477428436279297e+00,3.071894168853759766e+00,-5.241295814514160156e+00
-1.438609808683395386e-01,-1.284026622772216797e+01,1.382741928100585938e+01
1.639033889770507812e+01,-6.568618297576904297e+00,1.174143028259277344e+01
9.801309585571289062e+00,-3.531505584716796875e+00,8.069373130798339844e+00
8.436223983764648438e+00,-1.448567771911621094e+01,1.926218271255493164e+00
-1.173814201354980469e+01,1.052499198913574219e+01,-8.128952026367187500e+00
-2.123670838773250580e-02,4.010924816131591797e+00,1.645284056663513184e+00
1.147886991500854492e+00,-1.185721588134765625e+01,9.500277042388916016e-01
1.215770816802978516e+01,-6.376097202301025391e+00,1.182556748390197754e+00
-9.176948666572570801e-01,1.210624814033508301e+00,2.246293640136718750e+01
1.009564304351806641e+01,-1.119886684417724609e+01,1.002761173248291016e+01
-4.779631197452545166e-01,7.996121406555175781e+00,-1.203365549445152283e-01
6.534561157226562500e+00,8.789432048797607422e-01,-1.701683616638183594e+01
4.517651557922363281e+00,3.100312709808349609e+00,-1.245167374610900879e+00
4.517666339874267578e+00,3.100246429443359375e+00,-1.245087981224060059e+00
7.494639396667480469e+00,9.579534530639648438e+00,-2.357514619827270508e+00
1.636941528320312500e+01,-6.549513816833496094e+00,1.176234722137451172e+01
4.894053936004638672e+00,1.578031921386718750e+01,7.193980216979980469e+00
6.533548831939697266e+00,8.799859881401062012e-01,-1.701624870300292969e+01
-1.240641593933105469e+01,-2.445772409439086914e+00,4.215152263641357422e+00
2.180273437500000000e+01,-4.063567638397216797e+00,-1.099753975868225098e+00
1.355776119232177734e+01,1.829473876953125000e+01,8.025239944458007812e+00
-1.872695159912109375e+01,2.092780828475952148e+00,-1.282618403434753418e+00
4.908876419067382812e+00,1.576795673370361328e+01,7.207308769226074219e+00
1.369988536834716797e+01,4.447639465332031250e+00,-1.267348957061767578e+01
1.007485675811767578e+01,-1.117599868774414062e+01,1.000812530517578125e+01
8.596126556396484375e+00,1.775677871704101562e+01,-4.206215858459472656e+00
1.013453483581542969e+01,-1.370116710662841797e+01,-4.243873119354248047e+00
-6.133748531341552734e+00,1.387854671478271484e+01,-1.451443481445312500e+01
-5.229680538177490234e+00,1.099682044982910156e+01,-5.174955844879150391e+00
3.219208002090454102e+00,-3.075430393218994141e+00,-8.951123237609863281e+00
9.088914871215820312e+00,8.869623184204101562e+00,2.682021617889404297e+00
1.491183042526245117e+00,2.338334655761718750e+01,-7.118033409118652344e+00
2.405796051025390625e+00,4.945020675659179688e+00,1.596003174781799316e+00
5.492565155029296875e+00,1.895163774490356445e+00,-4.313499927520751953e+00
-4.304107129573822021e-01,1.096520042419433594e+01,1.789686584472656250e+01
1.400765800476074219e+01,4.617338180541992188e+00,-1.287463092803955078e+01
1.361183524131774902e-01,4.051757812500000000e+00,1.600444793701171875e+00
8.384729385375976562e+00,-1.851526618003845215e+00,1.459616422653198242e+00
5.492684364318847656e+00,1.895019292831420898e+00,-4.313511848449707031e+00
1.546876811981201172e+01,1.296780681610107422e+01,-4.625873565673828125e+00
-6.721311092376708984e+00,1.925959968566894531e+01,-5.243624210357666016e+00
-4.615966603159904480e-02,1.739671325683593750e+01,1.217539978027343750e+01
1.638103485107421875e+01,-6.601361274719238281e+00,1.175062274932861328e+01
-1.627929878234863281e+01,-4.457593441009521484e+00,-2.437048673629760742e+00
-1.634471511840820312e+01,7.198915958404541016e+00,8.031261444091796875e+00
-1.767521500587463379e-01,1.747247695922851562e+01,1.247790050506591797e+01
-2.604418694972991943e-01,1.751438522338867188e+01,1.247986698150634766e+01
5.296830654144287109e+00,-6.179141998291015625e+00,1.468555068969726562e+01
1.048386478424072266e+01,9.473696708679199219e+00,1.172624301910400391e+01
-1.237126290798187256e-01,1.732012367248535156e+01,1.245124626159667969e+01
-2.733166933059692383e+00,-9.739618003368377686e-02,1.458653926849365234e+01
-1.440195143222808838e-01,1.755166435241699219e+01,1.219918632507324219e+01
-5.051822066307067871e-01,8.993959426879882812e+00,4.319859981536865234e+00
6.735867977142333984e+00,5.347391605377197266e+00,5.109508991241455078e+00
1.208393383026123047e+01,1.707306289672851562e+01,8.664576411247253418e-01
6.278451919555664062e+00,4.665784835815429688e+00,6.325453758239746094e+00
1.047518253326416016e+01,9.473101615905761719e+00,1.173515224456787109e+01
-5.768537044525146484e+00,1.388089656829833984e+01,-1.474973964691162109e+01
3.595402956008911133e+00,5.815638065338134766e+00,-1.844640493392944336e+00
1.555913734436035156e+01,1.303005218505859375e+01,-4.684628009796142578e+00
-8.551208496093750000e+00,5.584120750427246094e+00,-3.188124179840087891e+00
-8.551397323608398438e+00,5.582446575164794922e+00,-3.188862562179565430e+00
3.586882114410400391e+00,5.634039878845214844e+00,-5.064244568347930908e-02
3.993075132369995117e+00,5.219403743743896484e+00,-2.052943229675292969e+00
3.885727167129516602e+00,5.136199951171875000e+00,-2.044159889221191406e+00
1.421208953857421875e+01,1.877151679992675781e+01,7.890586376190185547e+00
7.146524429321289062e+00,9.004994392395019531e+00,-7.625547051429748535e-01
4.081877171993255615e-01,1.174501609802246094e+01,-2.400964975357055664e+00
-9.726969718933105469e+00,1.380020046234130859e+01,2.518386363983154297e+00
-8.546432495117187500e+00,5.585176467895507812e+00,-3.183573246002197266e+00
-3.153787553310394287e-01,1.762268447875976562e+01,1.229070091247558594e+01
1.530232191085815430e+00,2.331716346740722656e+01,-6.965504169464111328e+00
1.771903610229492188e+01,-3.477703332901000977e-01,-4.594952106475830078e+00
8.571522235870361328e-01,3.324490547180175781e+00,-9.885303378105163574e-01
-1.024550795555114746e+00,1.317422986030578613e+00,2.256967353820800781e+01
9.788318634033203125e+00,-3.518453598022460938e+00,8.056407928466796875e+00
-1.179927062988281250e+01,-1.165309810638427734e+01,5.570038795471191406e+00
1.410107994079589844e+01,-2.178867816925048828e+00,1.472563457489013672e+01
1.383672428131103516e+01,4.570585250854492188e+00,-1.276239299774169922e+01
-9.616266250610351562e+00,1.399808979034423828e+01,2.855967760086059570e+00
-8.271164894104003906e-01,9.285174369812011719e+00,3.886768341064453125e+00
1.123497962951660156e+00,6.551014423370361328e+00,2.750467300415039062e+00
1.568224430084228516e+01,1.318327426910400391e+01,-4.794453144073486328e+00
-6.041793346405029297e+00,1.394348621368408203e+01,-1.439473915100097656e+01
-1.074270343780517578e+01,-5.560155868530273438e+00,1.089671134948730469e+01
-6.824978351593017578e+00,1.934036827087402344e+01,-5.306929588317871094e+00
-9.680329322814941406e+00,1.400087356567382812e+01,2.580001354217529297e+00
-1.819558292627334595e-01,-1.280248832702636719e+01,1.386509990692138672e+01
-1.158975410461425781e+01,5.414422988891601562e+00,1.463159275054931641e+01
6.210829019546508789e-01,4.992990493774414062e+00,4.932557791471481323e-02
8.639303207397460938e+00,1.893844032287597656e+01,-3.253217935562133789e+00
-4.307199001312255859e+00,-1.291136264801025391e+01,6.345854282379150391e+00
-1.522436237335205078e+01,4.099416732788085938e+00,-7.682157993316650391e+00
4.079491496086120605e-01,1.174475574493408203e+01,-2.400875806808471680e+00
-1.115065479278564453e+01,-1.178643181920051575e-01,-4.692566871643066406e+00
1.563197898864746094e+01,1.312341880798339844e+01,-4.733451843261718750e+00
8.630905151367187500e+00,1.875034523010253906e+01,-3.360868215560913086e+00
4.063670635223388672e+00,1.419081687927246094e+01,1.338346600532531738e+00
8.671905517578125000e+00,1.888998794555664062e+01,-3.298303604125976562e+00
4.094922542572021484e+00,3.135107755661010742e-01,2.466220378875732422e+00
-2.599384069442749023e+00,7.355035841464996338e-02,1.434833621978759766e+01
-1.240763378143310547e+01,-2.447183370590209961e+00,4.213716983795166016e+00
5.297789573669433594e+00,-6.178128719329833984e+00,1.468657875061035156e+01
5.548243522644042969e+00,-5.294262409210205078e+00,-1.694044113159179688e+01
8.540635108947753906e+00,1.791500091552734375e+01,-2.889543056488037109e+00
-2.402628660202026367e+00,4.173848628997802734e-01,1.460234260559082031e+01
2.179071807861328125e+01,-4.058076858520507812e+00,-1.090848088264465332e+00
8.491860389709472656e+00,1.784121704101562500e+01,-2.839566469192504883e+00
1.640890121459960938e+01,-6.589684963226318359e+00,1.172288131713867188e+01
-4.273726463317871094e+00,-1.298882484436035156e+01,-1.429465174674987793e+00
-1.370216965675354004e+00,-6.076670646667480469e+00,-9.086587905883789062e+00
-1.523180198669433594e+01,4.090619564056396484e+00,-7.672692298889160156e+00
-1.240759944915771484e+01,-2.447124481201171875e+00,4.213889122009277344e+00
1.403123092651367188e+01,1.848415756225585938e+01,7.608739852905273438e+00
-8.656577110290527344e+00,-7.093001842498779297e+00,-1.189002513885498047e+00
1.642665863037109375e+01,-6.607416152954101562e+00,1.170511627197265625e+01
-6.760471820831298828e+00,1.926324844360351562e+01,-5.252544879913330078e+00
-6.919476985931396484e+00,1.913649559020996094e+01,-5.058487892150878906e+00
-6.306169927120208740e-02,1.760938262939453125e+01,1.219067478179931641e+01
3.973213672637939453e+00,-1.230944442749023438e+01,-9.644485473632812500e+00
-8.598210334777832031e+00,-7.034743785858154297e+00,-1.130851864814758301e+00
1.535055065155029297e+01,1.308421707153320312e+01,-4.982298851013183594e+00
4.263931751251220703e+00,6.721597671508789062e+00,-1.762443161010742188e+01
-5.109056085348129272e-02,1.756874847412109375e+01,1.274023151397705078e+01
1.516272163391113281e+01,9.794657230377197266e-01,7.792335510253906250e+00
1.215469455718994141e+01,-6.373029708862304688e+00,1.180171370506286621e+00
-6.887270450592041016e+00,1.913764762878417969e+01,-5.099378108978271484e+00
2.719317197799682617e+00,5.626022338867187500e+00,1.986980056762695312e+01
1.529390335083007812e+01,-1.165365314483642578e+01,5.956230640411376953e+00
-1.329568004608154297e+01,4.360005378723144531e+00,1.873695373535156250e+00
-3.032610416412353516e-01,1.112068367004394531e+01,1.762663078308105469e+01
1.379289722442626953e+01,1.848698425292968750e+01,7.785885334014892578e+00
-1.181416511535644531e+01,1.060055065155029297e+01,-8.052946090698242188e+00
-1.875015449523925781e+01,2.114538908004760742e+00,-1.260936260223388672e+00
9.808145523071289062e+00,-3.499537467956542969e+00,8.074969291687011719e+00
6.158675193786621094e+00,5.909185886383056641e+00,5.384154319763183594e+00
-4.315298557281494141e+00,-1.303280353546142578e+01,-1.386300802230834961e+00
6.167063236236572266e+00,5.890202045440673828e+00,5.378968715667724609e+00
4.102216720581054688e+00,3.214809298515319824e-01,2.459970474243164062e+00
1.351303291320800781e+01,1.825238037109375000e+01,8.060497283935546875e+00
3.413348674774169922e+00,4.566947937011718750e+00,-8.825362920761108398e-01
6.531074523925781250e+00,4.769362926483154297e+00,5.243898391723632812e+00
-9.543417930603027344e+00,1.402692699432373047e+01,2.938728570938110352e+00
1.509562253952026367e+00,2.337257003784179688e+01,-7.123203754425048828e+00
-9.661971092224121094e+00,1.390512371063232422e+01,2.602266550064086914e+00
1.056627464294433594e+01,9.555506706237792969e+00,1.164378738403320312e+01
1.055969142913818359e+01,9.549959182739257812e+00,1.165079593658447266e+01
-1.186782307922840118e-02,1.715790176391601562e+01,1.233696269989013672e+01
1.568142700195312500e+01,1.318377685546875000e+01,-4.577085018157958984e+00
4.892898082733154297e+00,1.578332901000976562e+01,7.191208362579345703e+00
6.520977497100830078e+00,2.902060985565185547e+00,9.119524002075195312e+00
-1.203912067413330078e+01,4.818816184997558594e-01,1.045712947845458984e+01
-9.757965087890625000e+00,1.374464988708496094e+01,2.259641647338867188e+00
4.292652130126953125e+00,6.419973850250244141e+00,-1.779381179809570312e+01
-5.970591068267822266e+00,1.410180950164794922e+01,-1.476452827453613281e+01
4.460959911346435547e+00,6.568661212921142578e+00,-1.795712661743164062e+01
1.866991233825683594e+01,-6.960138797760009766e+00,4.772922515869140625e+00
2.772056102752685547e+00,-9.159255027770996094e+00,-1.537166976928710938e+01
-9.163938760757446289e-01,5.150923728942871094e+00,7.049186706542968750e+00
1.392944812774658203e+01,4.580906391143798828e+00,-1.281579113006591797e+01
8.575603485107421875e+00,1.827224540710449219e+01,-3.153344392776489258e+00
-4.493558108806610107e-01,1.094072246551513672e+01,1.787620735168457031e+01
-1.523614025115966797e+01,4.095109462738037109e+00,-7.667616844177246094e+00
-6.816600322723388672e+00,1.921292304992675781e+01,-5.165861606597900391e+00
-4.278460979461669922e+00,-1.293522262573242188e+01,6.375816822052001953e+00
6.345670700073242188e+00,1.120102882385253906e+01,-6.909048080444335938e+00
-6.684915542602539062e+00,1.930652999877929688e+01,-5.209567546844482422e+00
-1.201709556579589844e+01,5.046994686126708984e-01,1.043432521820068359e+01
3.236477613449096680e+00,-3.058112621307373047e+00,-8.933856010437011719e+00
-2.509020805358886719e+00,7.478951662778854370e-02,1.427957248687744141e+01
3.999661684036254883e+00,1.436307334899902344e+01,1.306519865989685059e+00
5.801826000213623047e+00,9.736027717590332031e+00,-5.536835670471191406e+00
9.781265258789062500e+00,-3.524193286895751953e+00,8.049264907836914062e+00
-2.759073257446289062e+00,-7.733884334564208984e+00,9.366703033447265625e+00
-2.729922294616699219e+00,-7.762953281402587891e+00,9.396436691284179688e+00
1.485164070129394531e+01,-8.435836791992187500e+00,-5.909549713134765625e+00
-1.629607772827148438e+01,7.155249118804931641e+00,7.982327461242675781e+00
1.535321807861328125e+01,1.284159946441650391e+01,-4.877740383148193359e+00
8.577170372009277344e+00,1.773575782775878906e+01,-4.204258918762207031e+00
7.146896362304687500e+00,9.004450798034667969e+00,-7.624285817146301270e-01
4.915112495422363281e+00,1.576079273223876953e+01,7.213775634765625000e+00
1.383833599090576172e+01,1.865760231018066406e+01,7.844170093536376953e+00
-8.545446395874023438e+00,5.592953205108642578e+00,-3.182709455490112305e+00
-5.756447792053222656e+00,1.422874164581298828e+01,-1.496757411956787109e+01
-4.364354133605957031e+00,-1.308531475067138672e+01,-1.332050919532775879e+00
-9.739970207214355469e+00,1.384834289550781250e+01,2.540661811828613281e+00
8.442979812622070312e+00,-1.447651290893554688e+01,1.924544811248779297e+00
-9.470806121826171875e-01,1.240507602691650391e+00,2.249230003356933594e+01
1.515540695190429688e+01,9.875945448875427246e-01,7.800279140472412109e+00
2.093562126159667969e+01,1.075432014465332031e+01,2.523412227630615234e+00
-1.240539932250976562e+01,-2.444658279418945312e+00,4.216519832611083984e+00
-9.819226711988449097e-02,-5.845882892608642578e+00,9.755418300628662109e-01
4.437652587890625000e+00,-1.511308670043945312e+01,7.974978446960449219e+00
9.091287612915039062e+00,8.080433845520019531e+00,-1.083318805694580078e+01
-2.765133619308471680e+00,-1.078288108110427856e-01,1.464469814300537109e+01
6.503560543060302734e+00,9.085068702697753906e-01,-1.698651313781738281e+01
1.634013175964355469e+01,-6.521052837371826172e+00,1.179159832000732422e+01
1.485761737823486328e+01,-8.469569206237792969e+00,-5.968844413757324219e+00
-8.464050889015197754e-01,9.286496162414550781e+00,3.879186630249023438e+00
2.606620788574218750e+00,1.780905532836914062e+01,1.305150985717773438e+00
-9.778870582580566406e+00,1.370221138000488281e+01,2.206750154495239258e+00
2.176103210449218750e+01,-4.022939205169677734e+00,-1.061358809471130371e+00
-1.240541267395019531e+01,-2.444659471511840820e+00,4.216527462005615234e+00
4.332715034484863281e+00,6.418962001800537109e+00,-1.785269355773925781e+01
-7.068111896514892578e+00,8.377533912658691406e+00,1.188010406494140625e+01
-6.792322635650634766e+00,1.929085731506347656e+01,-5.252138137817382812e+00
-7.067262649536132812e+00,8.376547813415527344e+00,1.188022804260253906e+01
9.812518119812011719e+00,-8.844767570495605469e+00,-9.186223030090332031e+00
-1.521239566802978516e+01,4.084925651550292969e+00,-7.687911987304687500e+00
-9.598183631896972656e-01,1.241099238395690918e+00,2.250507545471191406e+01
-9.756065368652343750e+00,1.371296882629394531e+01,2.214942693710327148e+00
-4.214698791503906250e+00,2.035810947418212891e+00,-9.983604431152343750e+00
1.770487403869628906e+01,-3.335525393486022949e-01,-4.580952167510986328e+00
2.087857055664062500e+01,1.081373119354248047e+01,2.581522703170776367e+00
-1.360883831977844238e+00,-6.081351757049560547e+00,-9.085554122924804688e+00
-1.870306205749511719e+01,2.121474266052246094e+00,-1.254079461097717285e+00
8.540961265563964844e+00,1.779915046691894531e+01,-2.800765275955200195e+00
1.048339080810546875e+01,9.480697631835937500e+00,1.172720241546630859e+01
-1.036228084564208984e+01,-8.527135848999023438e+00,-7.963903427124023438e+00
1.901445388793945312e+01,3.679379940032958984e+00,1.296414661407470703e+01
-1.367568612098693848e+00,-6.075972557067871094e+00,-9.085065841674804688e+00
-2.839229822158813477e+00,-1.276003837585449219e+01,-8.986409187316894531e+00
-1.648137807846069336e+00,-1.642942428588867188e+00,-2.983366250991821289e+00
8.495061874389648438e+00,1.785121154785156250e+01,-2.842364549636840820e+00
4.253822326660156250e+00,6.762348175048828125e+00,-1.759468841552734375e+01
1.014015388488769531e+01,-1.370634555816650391e+01,-4.237083911895751953e+00
-5.189663887023925781e+00,-4.417325973510742188e+00,-1.421673011779785156e+01
-9.539226889610290527e-01,3.523870706558227539e-01,3.198604106903076172e+00
1.422349095344543457e+00,2.343375587463378906e+01,-6.980970859527587891e+00
7.146972656250000000e+00,9.004378318786621094e+00,-7.624164819717407227e-01
6.557476997375488281e+00,2.866930484771728516e+00,9.156382560729980469e+00
-1.201649284362792969e+01,5.053026080131530762e-01,1.043377494812011719e+01
-1.238391685485839844e+01,-2.420607805252075195e+00,4.238096237182617188e+00
-8.383170127868652344e+00,1.032101249694824219e+01,7.110063552856445312e+00
1.016747093200683594e+01,-1.367954254150390625e+01,-4.209649085998535156e+00
-4.349745750427246094e+00,-1.286819267272949219e+01,6.302949428558349609e+00
-1.180566310882568359e+01,-1.164689826965332031e+01,5.577744960784912109e+00
1.210528182983398438e+01,1.707807731628417969e+01,8.612472414970397949e-01
-3.275200843811035156e+00,1.970038032531738281e+01,2.111320018768310547e+00
-2.710941791534423828e+00,-7.697450369596481323e-02,1.455530452728271484e+01
-6.261872291564941406e+00,1.377882862091064453e+01,-1.467120456695556641e+01
4.884354114532470703e+00,1.579187583923339844e+01,7.182549476623535156e+00
-3.287258625030517578e+00,1.968614768981933594e+01,2.125054597854614258e+00
2.177016448974609375e+01,-4.035212516784667969e+00,-1.068557024002075195e+00
-2.613256692886352539e+00,5.578666180372238159e-02,1.429858684539794922e+01
9.833005905151367188e+00,-8.828553199768066406e+00,-9.166142463684082031e+00
2.062695503234863281e+01,1.239441394805908203e+00,3.820590019226074219e+00
6.937413811683654785e-01,4.868700027465820312e+00,-8.927608281373977661e-02
8.485203742980957031e+00,1.785614585876464844e+01,-2.801369905471801758e+00
-4.314127445220947266e+00,-1.283175086975097656e+01,6.257842540740966797e+00
1.405593299865722656e+01,4.301680564880371094e+00,-1.272435379028320312e+01
6.554865837097167969e+00,2.869404315948486328e+00,9.153787612915039062e+00
-1.115076160430908203e+01,-1.176848709583282471e-01,-4.692266464233398438e+00
-2.358853340148925781e+00,4.143818914890289307e-01,1.459732913970947266e+01
2.501481771469116211e+00,1.804916191101074219e+01,1.200744867324829102e+00
1.626632094383239746e+00,7.574979782104492188e+00,4.525388240814208984e+00
1.980276346206665039e+00,7.091434955596923828e+00,3.670101165771484375e+00
-6.247547920793294907e-03,1.746033668518066406e+01,1.270420074462890625e+01
8.443056106567382812e+00,-1.447652816772460938e+01,1.925367474555969238e+00
-5.228596210479736328e+00,5.450864315032958984e+00,-1.836152076721191406e+01
9.787693977355957031e+00,-3.518255710601806641e+00,8.055665016174316406e+00
-2.742854595184326172e+00,-1.034619286656379700e-01,1.461528587341308594e+01
1.013671016693115234e+01,-1.111483383178710938e+01,1.006995677947998047e+01
-2.724328041076660156e+00,2.723513729870319366e-02,1.383189392089843750e+01
-8.454509377479553223e-01,1.058583641052246094e+01,1.757462501525878906e+01
-1.633227157592773438e+01,7.188842296600341797e+00,8.018518447875976562e+00
1.899096870422363281e+01,5.689582824707031250e+00,-2.557521104812622070e+00
1.900476837158203125e+01,5.671707630157470703e+00,-2.571202993392944336e+00
5.336960315704345703e+00,-6.218665122985839844e+00,1.472571182250976562e+01
3.252505779266357422e+00,-3.059290885925292969e+00,-8.926647186279296875e+00
-2.358324050903320312e+00,-2.206359148025512695e+00,-1.804896163940429688e+01
9.800873756408691406e+00,-8.856890678405761719e+00,-9.198443412780761719e+00
-5.217791557312011719e+00,1.100256538391113281e+01,-5.173954486846923828e+00
5.272698998451232910e-01,1.300916004180908203e+01,2.567585229873657227e+00
6.365057945251464844e+00,1.117295265197753906e+01,-6.881084918975830078e+00
1.401600360870361328e+01,1.850236511230468750e+01,7.568201541900634766e+00
2.105963134765625000e+01,8.079185485839843750e+00,8.849126815795898438e+00
-7.128382682800292969e+00,8.439006805419921875e+00,1.193009376525878906e+01
1.373079490661621094e+01,1.847584152221679688e+01,7.807367801666259766e+00
-1.579133272171020508e+00,8.476270675659179688e+00,-3.238440990447998047e+00
-1.633503150939941406e+01,7.231179237365722656e+00,8.021240234375000000e+00
-6.745895862579345703e+00,1.930557823181152344e+01,-5.253472805023193359e+00
-5.898140430450439453e+00,1.408194065093994141e+01,-1.459627723693847656e+01
1.428875160217285156e+01,1.883193206787109375e+01,7.848219394683837891e+00
-2.357961177825927734e+00,-2.206089735031127930e+00,-1.804837608337402344e+01
1.529972934722900391e+01,-1.166004562377929688e+01,5.933084964752197266e+00
2.096287345886230469e+01,1.072790431976318359e+01,2.556847333908081055e+00
-9.607002258300781250e+00,1.399120998382568359e+01,2.873290061950683594e+00
-5.189208030700683594e+00,5.491587638854980469e+00,-1.832082366943359375e+01
-9.725476264953613281e+00,1.381974315643310547e+01,2.457920312881469727e+00
-2.556512117385864258e+00,-1.139666587114334106e-01,1.440617465972900391e+01
-9.581023216247558594e+00,-3.393115758895874023e+00,-1.159362792968750000e+01
1.386572647094726562e+01,1.855990600585937500e+01,7.757750034332275391e+00
-2.715697526931762695e+00,-7.777222156524658203e+00,9.410492897033691406e+00
-9.512017250061035156e+00,1.368304252624511719e+01,2.664195537567138672e+00
-2.677449941635131836e+00,4.881345480680465698e-02,1.382087707519531250e+01
1.773043632507324219e+01,-3.591624796390533447e-01,-4.606357097625732422e+00
-5.190392017364501953e+00,5.413013458251953125e+00,-1.839940071105957031e+01
1.512775802612304688e+01,1.020443081855773926e+00,7.832974433898925781e+00
-1.415501713752746582e+00,-6.124333381652832031e+00,-9.133783340454101562e+00
-3.202444076538085938e+00,1.972096252441406250e+01,2.025797843933105469e+00
-1.880989037454128265e-02,1.739617347717285156e+01,1.214872550964355469e+01
-3.418291360139846802e-02,1.734459495544433594e+01,1.256507015228271484e+01
1.518276119232177734e+01,9.587814211845397949e-01,7.771380424499511719e+00
-7.073829174041748047e+00,4.321309089660644531e+00,6.295596599578857422e+00
-5.084393024444580078e-01,1.093492794036865234e+01,1.771660995483398438e+01
-9.483758211135864258e-01,1.240725398063659668e+00,2.249363327026367188e+01
2.695399045944213867e+00,5.649987220764160156e+00,1.984609413146972656e+01
-9.802302718162536621e-02,-5.845687866210937500e+00,9.753364324569702148e-01
-4.100815206766128540e-02,1.735702323913574219e+01,1.220828723907470703e+01
1.215709590911865234e+01,-6.375493049621582031e+00,1.182247877120971680e+00
2.062592315673828125e+01,1.240642905235290527e+00,3.821625471115112305e+00
-1.799604445695877075e-01,1.759699440002441406e+01,1.211200046539306641e+01
-1.878041076660156250e+01,2.149310350418090820e+00,-1.226030230522155762e+00
1.393969345092773438e+01,-4.568908691406250000e+00,-1.451615333557128906e+01
8.506280899047851562e+00,1.768475151062011719e+01,-4.256057739257812500e+00
8.479784011840820312e+00,1.784277153015136719e+01,-2.847647428512573242e+00
-1.252425670623779297e+00,3.911180496215820312e+00,-2.781139850616455078e+00
-5.227426528930664062e+00,1.098369884490966797e+01,-5.187314033508300781e+00
-6.635752916336059570e-01,9.207290649414062500e+00,4.068865299224853516e+00
9.436108589172363281e+00,1.238494777679443359e+01,-1.154768085479736328e+01
-8.640610575675964355e-01,9.315279960632324219e+00,3.909674406051635742e+00
4.310385704040527344e+00,6.443967342376708984e+00,-1.778643798828125000e+01
-2.042785167694091797e+00,6.325970172882080078e+00,-4.283715248107910156e+00
2.599908828735351562e+00,4.467685699462890625e+00,-4.245084762573242188e+00
-5.258534431457519531e+00,1.095662689208984375e+01,-5.185962200164794922e+00
1.868489265441894531e+01,-7.006252765655517578e+00,4.758029460906982422e+00
1.016936779022216797e+01,-1.367763614654541016e+01,-4.207805633544921875e+00
5.256579518318176270e-01,1.301104927062988281e+01,2.569222927093505859e+00
-1.252741456031799316e+00,3.911777257919311523e+00,-2.781686067581176758e+00
-1.097786617279052734e+01,2.513033151626586914e+00,-1.595648765563964844e+01
-3.282254457473754883e+00,1.969326972961425781e+01,2.118422031402587891e+00
-6.098224163055419922e+00,1.389966678619384766e+01,-1.445985603332519531e+01
-6.118112087249755859e+00,1.387610435485839844e+01,-1.441257095336914062e+01
-9.388151764869689941e-02,1.745191192626953125e+01,1.257176589965820312e+01
-5.230713367462158203e+00,1.098893833160400391e+01,-5.187785148620605469e+00
1.870100021362304688e+01,-6.990223407745361328e+00,4.741709709167480469e+00
-6.637625694274902344e+00,-8.163706779479980469e+00,1.719939613342285156e+01
-1.498442292213439941e+00,8.507689476013183594e+00,-3.168392181396484375e+00
-5.862732887268066406e+00,1.420311832427978516e+01,-1.490675830841064453e+01
1.536029720306396484e+01,1.280450057983398438e+01,-4.827095031738281250e+00
-5.188254117965698242e-01,9.015818595886230469e+00,4.299558639526367188e+00
1.604552984237670898e+00,7.563562870025634766e+00,4.528899192810058594e+00
4.332551956176757812e+00,6.466779708862304688e+00,-1.777759170532226562e+01
1.403345203399658203e+01,1.871015357971191406e+01,7.578587055206298828e+00
-1.339309597015380859e+01,4.400126934051513672e+00,1.968490242958068848e+00
3.899532318115234375e+00,5.834655284881591797e+00,-1.796943187713623047e+00
-9.711013793945312500e+00,1.382248783111572266e+01,2.470016002655029297e+00
1.373555946350097656e+01,4.445878982543945312e+00,-1.276284503936767578e+01
-4.348164558410644531e+00,-1.286785316467285156e+01,6.299559116363525391e+00
-1.071528911590576172e+01,-5.533334732055664062e+00,1.092156124114990234e+01
1.389370346069335938e+01,1.865783309936523438e+01,7.747088909149169922e+00
-5.747101306915283203e-01,1.078834724426269531e+01,1.747427749633789062e+01
1.049218273162841797e+01,9.485933303833007812e+00,1.171834659576416016e+01
-6.297937631607055664e-01,1.083963108062744141e+01,1.770458602905273438e+01
2.205168342590332031e+01,9.096768379211425781e+00,-7.188575744628906250e+00
2.205279731750488281e+01,9.097880363464355469e+00,-7.187351703643798828e+00
-3.435601294040679932e-01,1.108490371704101562e+01,1.757632064819335938e+01
-4.213805198669433594e-01,1.098894882202148438e+01,1.753976631164550781e+01
1.970848464965820312e+01,2.512727022171020508e+00,-1.450487041473388672e+01
-2.947071492671966553e-01,1.741344070434570312e+01,1.227739810943603516e+01
3.005332946777343750e+00,3.072022199630737305e+00,-5.242012977600097656e+00
-1.339277648925781250e+01,4.399738311767578125e+00,1.968980431556701660e+00
6.532022953033447266e+00,8.810022473335266113e-01,-1.701576232910156250e+01
-1.863976478576660156e+01,2.157960891723632812e+00,-1.216022968292236328e+00
-1.628479194641113281e+01,7.278189659118652344e+00,7.971040725708007812e+00
-3.289683341979980469e+00,1.968449592590332031e+01,2.126838445663452148e+00
-4.175003051757812500e+00,1.948399901390075684e+00,-1.007101726531982422e+01
1.008417224884033203e+01,-1.116719341278076172e+01,1.001745033264160156e+01
2.892804622650146484e+00,-1.005632996559143066e+00,3.306772232055664062e+00
3.195814609527587891e+00,-3.101066589355468750e+00,-8.976809501647949219e+00
-2.318674802780151367e+00,-2.166700363159179688e+00,-1.800852775573730469e+01
-1.205189609527587891e+01,4.698488116264343262e-01,1.046922969818115234e+01
-1.462165266275405884e-01,-1.284514331817626953e+01,1.382181930541992188e+01
-6.754804134368896484e+00,1.931448364257812500e+01,-5.269317626953125000e+00
8.495326638221740723e-01,2.086314678192138672e+00,-2.613426446914672852e-01
4.351387500762939453e+00,6.477913856506347656e+00,-1.782730865478515625e+01
8.471080780029296875e+00,1.786831474304199219e+01,-2.816235780715942383e+00
-1.006893515586853027e+00,3.179509162902832031e+00,9.189063906669616699e-01
2.744280338287353516e+00,6.379041194915771484e+00,2.720733165740966797e+00
1.216353416442871094e+01,1.699493980407714844e+01,9.444245100021362305e-01
2.470759391784667969e+00,1.807521820068359375e+01,1.177124142646789551e+00
9.786436080932617188e+00,-3.519788026809692383e+00,8.054405212402343750e+00
-2.737454652786254883e+00,-1.071649119257926941e-01,1.460132598876953125e+01
1.647989749908447266e+00,2.320089721679687500e+01,-6.908156871795654297e+00
1.194529175758361816e+00,6.409873485565185547e+00,2.613559961318969727e+00
4.245238780975341797e+00,6.415599346160888672e+00,-1.772829437255859375e+01
1.571451187133789062e+01,1.321532821655273438e+01,-4.779652118682861328e+00
1.618439793586730957e+00,2.323274230957031250e+01,-6.978970050811767578e+00
1.367303276062011719e+01,1.870756149291992188e+01,7.314846038818359375e+00
1.416960239410400391e+01,1.874411964416503906e+01,7.749491214752197266e+00
-2.234352111816406250e+00,6.294417858123779297e+00,-1.778983235359191895e+00
-2.101336978375911713e-02,1.728360366821289062e+01,1.232505893707275391e+01
-4.294431686401367188e+00,-1.288089752197265625e+01,6.355843544006347656e+00
-1.109482669830322266e+01,-6.426883488893508911e-02,-4.748462200164794922e+00
1.538839721679687500e+01,1.286617755889892578e+01,-4.825041770935058594e+00
-2.825773954391479492e+00,-7.667143821716308594e+00,9.300733566284179688e+00
2.183682918548583984e+00,7.540094852447509766e+00,-1.304188370704650879e+00
6.888298034667968750e+00,3.793993473052978516e+00,5.110933303833007812e+00
1.055314445495605469e+01,9.538269996643066406e+00,1.165700244903564453e+01
-6.913556575775146484e+00,1.913005256652832031e+01,-5.067865848541259766e+00
5.615521907806396484e+00,-5.226645946502685547e+00,-1.702131080627441406e+01
-1.635329627990722656e+01,7.224555969238281250e+00,8.039227485656738281e+00
-8.540027141571044922e-01,9.301589965820312500e+00,3.871331453323364258e+00
1.384941577911376953e+01,4.539363861083984375e+00,-1.277052021026611328e+01
-6.750850200653076172e+00,1.924609375000000000e+01,-5.191157341003417969e+00
-6.692046672105789185e-02,3.972243070602416992e+00,1.709779858589172363e+00
1.212089157104492188e+01,-6.340559005737304688e+00,1.224786639213562012e+00
-3.654055297374725342e-02,1.758393859863281250e+01,1.274448490142822266e+01
1.410642910003662109e+01,-2.184287786483764648e+00,1.473079872131347656e+01
-1.181342124938964844e+01,1.060029888153076172e+01,-8.053275108337402344e+00
-9.448394775390625000e+00,1.363161087036132812e+01,2.708609342575073242e+00
-9.690754890441894531e+00,1.400400257110595703e+01,2.591421365737915039e+00
-1.630615806579589844e+01,-4.484679698944091797e+00,-2.463810205459594727e+00
9.091196060180664062e+00,8.080320358276367188e+00,-1.083314418792724609e+01
1.215531063079833984e+01,-6.373830795288085938e+00,1.184268474578857422e+00
8.432326316833496094e+00,1.782406806945800781e+01,-2.856731414794921875e+00
9.440352439880371094e+00,1.238944339752197266e+01,-1.155144691467285156e+01
2.104136276245117188e+01,8.094226837158203125e+00,8.868333816528320312e+00
-4.252269268035888672e+00,-1.297038650512695312e+01,-1.445486187934875488e+00
-1.172183418273925781e+01,1.069113445281982422e+01,-8.144186019897460938e+00
3.622981905937194824e-01,-7.931487083435058594e+00,-4.481145381927490234e+00
2.088834381103515625e+01,1.080224227905273438e+01,2.573129177093505859e+00
8.114588737487792969e+00,-1.285127401351928711e-01,1.636143112182617188e+01
1.533896541595458984e+01,-1.169981288909912109e+01,5.910019874572753906e+00
-1.209489250183105469e+01,4.270068407058715820e-01,1.051209545135498047e+01
2.211873054504394531e+01,9.163853645324707031e+00,-7.121257305145263672e+00
1.112234306335449219e+01,-3.937676906585693359e+00,-5.403872489929199219e+00
1.370032691955566406e+01,1.842495727539062500e+01,7.933536052703857422e+00
1.356053161621093750e+01,1.831117439270019531e+01,8.004166603088378906e+00
2.062562179565429688e+01,1.241022229194641113e+00,3.821934938430786133e+00
-1.171795463562011719e+01,1.050772571563720703e+01,-8.148056983947753906e+00
1.483934497833251953e+01,-8.454213142395019531e+00,-5.958223819732666016e+00
-2.832399368286132812e+00,-1.276908016204833984e+01,-9.007011413574218750e+00
1.365768909454345703e+01,1.839386177062988281e+01,7.946369171142578125e+00
-1.097105598449707031e+01,2.528841257095336914e+00,-1.594016075134277344e+01
7.592151641845703125e+00,9.680858612060546875e+00,-2.753615617752075195e+00
-9.612298965454101562e+00,-3.359237909317016602e+00,-1.156209468841552734e+01
-1.522074222564697266e+01,4.093703746795654297e+00,-7.684909820556640625e+00
2.862125873565673828e+00,-9.068467140197753906e+00,-1.528175640106201172e+01
-4.241724491119384766e+00,-1.295887660980224609e+01,-1.459493041038513184e+00
-1.870490837097167969e+01,2.135216236114501953e+00,-1.239831209182739258e+00
-1.036756420135498047e+01,-8.531908988952636719e+00,-7.957701206207275391e+00
9.788087844848632812e+00,-3.521922588348388672e+00,8.056023597717285156e+00
2.784514427185058594e+00,-9.146657943725585938e+00,-1.535927772521972656e+01
-1.667845547199249268e-01,1.733281135559082031e+01,1.248483657836914062e+01
1.373916053771972656e+01,4.508740425109863281e+00,-1.272002506256103516e+01
-8.666492462158203125e+00,-7.103178024291992188e+00,-1.199125647544860840e+00
-8.316280692815780640e-02,1.755497550964355469e+01,1.264277553558349609e+01
1.480750203132629395e+00,2.337063789367675781e+01,-7.042416095733642578e+00
1.365526103973388672e+01,4.445673942565917969e+00,-1.273905658721923828e+01
5.416779994964599609e+00,6.259400367736816406e+00,-2.215625524520874023e+00
-3.858105838298797607e-01,1.726612472534179688e+01,1.227743816375732422e+01
-3.263010978698730469e+00,1.971232414245605469e+01,2.099161386489868164e+00
-3.884311392903327942e-02,1.747280502319335938e+01,1.270691394805908203e+01
5.538680076599121094e+00,-5.303962230682373047e+00,-1.694274139404296875e+01
-1.186139678955078125e+01,1.063271141052246094e+01,-8.006746292114257812e+00
-8.666154861450195312e+00,-7.102792263031005859e+00,-1.198802947998046875e+00
1.965885734558105469e+01,2.569801568984985352e+00,-1.444946765899658203e+01
2.059441184997558594e+01,1.210082411766052246e+00,3.854822874069213867e+00
-4.282958507537841797e+00,-1.300099372863769531e+01,-1.397740244865417480e+00
1.366883945465087891e+01,4.377918720245361328e+00,-1.277727508544921875e+01
5.825653076171875000e+00,1.126897430419921875e+01,1.085019856691360474e-01
-5.960143566131591797e+00,1.413770103454589844e+01,-1.475307846069335938e+01
-4.269041538238525391e+00,-1.298780727386474609e+01,-1.428335785865783691e+00
1.356800651550292969e+01,1.831839561462402344e+01,7.999007225036621094e+00
1.364238452911376953e+01,4.339736461639404297e+00,-1.260595798492431641e+01
-6.707129955291748047e+00,-8.093632698059082031e+00,1.714320755004882812e+01
8.577299118041992188e+00,1.827655982971191406e+01,-3.149600744247436523e+00
-4.754319787025451660e-01,1.746387672424316406e+01,1.224011898040771484e+01
1.186229228973388672e+00,-1.181970310211181641e+01,9.126145243644714355e-01
1.563448309898376465e+00,2.328780746459960938e+01,-6.980058670043945312e+00
-2.172361850738525391e+00,1.845855265855789185e-02,1.422507858276367188e+01
3.981380939483642578e+00,-1.230153656005859375e+01,-9.652175903320312500e+00
-2.373750507831573486e-02,1.715729713439941406e+01,1.232537746429443359e+01
-9.611519813537597656e+00,-3.358176231384277344e+00,-1.156289196014404297e+01
1.640651512145996094e+01,-6.584993362426757812e+00,1.172671699523925781e+01
-4.237526416778564453e+00,2.011222124099731445e+00,-1.000827503204345703e+01
2.054576110839843750e+01,1.316879153251647949e+00,3.901565313339233398e+00
8.138895988464355469e+00,-1.527258604764938354e-01,1.635446548461914062e+01
-4.209534645080566406e+00,1.975370645523071289e+00,-1.004407119750976562e+01
-2.368081808090209961e+00,4.080671370029449463e-01,1.458928680419921875e+01
2.589724063873291016e+00,1.786969184875488281e+01,1.275618314743041992e+00
8.476449012756347656e+00,1.786315727233886719e+01,-2.805444240570068359e+00
4.375197887420654297e+00,6.500534057617187500e+00,-1.777657699584960938e+01
9.088308334350585938e+00,8.079831123352050781e+00,-1.082962322235107422e+01
8.651140213012695312e+00,1.887716674804687500e+01,-3.272043704986572266e+00
-2.778168916702270508e+00,-1.336261928081512451e-01,1.464539909362792969e+01
-1.809966087341308594e+00,5.649002075195312500e+00,-3.403051137924194336e+00
2.507634639739990234e+00,1.803502082824707031e+01,1.214143514633178711e+00
4.093128681182861328e+00,3.115017116069793701e-01,2.468477249145507812e+00
1.003421211242675781e+01,-1.121562290191650391e+01,9.967294692993164062e+00
1.137794137001037598e+00,-1.186708736419677734e+01,8.665695786476135254e-01
-9.484535217285156250e+00,1.366510105133056641e+01,2.695295572280883789e+00
-1.630919456481933594e+01,-4.487289905548095703e+00,-2.466745138168334961e+00
8.631387710571289062e+00,1.886146163940429688e+01,-3.249023437500000000e+00
2.588938474655151367e+00,6.499068260192871094e+00,2.876614570617675781e+00
3.544768095016479492e+00,4.431445598602294922e+00,-8.520770072937011719e-01
3.005010604858398438e+00,3.071756362915039062e+00,-5.238723278045654297e+00
1.549291038513183594e+01,1.298331832885742188e+01,-4.784145355224609375e+00
1.516163945198059082e+00,2.990360975265502930e+00,1.290471315383911133e+00
-8.383450508117675781e+00,1.032116127014160156e+01,7.111752033233642578e+00
6.503761291503906250e+00,4.778285980224609375e+00,5.222165584564208984e+00
6.164319038391113281e+00,5.909922599792480469e+00,5.383361816406250000e+00
3.819045305252075195e+00,5.185131549835205078e+00,-2.029704570770263672e+00
1.351249098777770996e+00,2.352148056030273438e+01,-7.066944122314453125e+00
-3.520078063011169434e-01,1.106306362152099609e+01,1.758938789367675781e+01
4.017117500305175781e+00,-5.389350414276123047e+00,7.318805694580078125e+00
-5.215310096740722656e+00,5.438460350036621094e+00,-1.837396049499511719e+01
-2.747657775878906250e+00,-7.745392322540283203e+00,9.378809928894042969e+00
6.352253437042236328e+00,1.118564987182617188e+01,-6.893826961517333984e+00
1.374832439422607422e+01,4.423585891723632812e+00,-1.271275043487548828e+01
6.215228557586669922e+00,1.100920391082763672e+01,-6.730380058288574219e+00
3.586856126785278320e+00,5.636977195739746094e+00,-4.876488074660301208e-02
6.877022266387939453e+00,4.634536266326904297e+00,4.679310798645019531e+00
8.573030233383178711e-01,3.337479829788208008e+00,-9.990775585174560547e-01
1.386617469787597656e+01,1.856128692626953125e+01,7.808901309967041016e+00
6.844004631042480469e+00,4.673339366912841797e+00,4.731183528900146484e+00
1.558954906463623047e+01,1.301408672332763672e+01,-4.656288146972656250e+00
1.200474739074707031e+01,1.715379524230957031e+01,7.854544520378112793e-01
-4.369033813476562500e+00,-1.294956398010253906e+01,-1.467224597930908203e+00
6.888224124908447266e+00,4.035084724426269531e+00,4.977034091949462891e+00
-1.073083114624023438e+01,-5.548840999603271484e+00,1.090650463104248047e+01
4.263693332672119141e+00,6.379018783569335938e+00,-1.776535034179687500e+01
1.514260053634643555e+00,2.988637208938598633e+00,1.289681673049926758e+00
-1.102402210235595703e+01,2.474318265914916992e+00,-1.599532032012939453e+01
1.542006254196166992e+00,2.332415580749511719e+01,-7.126214027404785156e+00
8.382441520690917969e+00,-1.848993301391601562e+00,1.456390261650085449e+00
8.384518623352050781e+00,-1.851292729377746582e+00,1.459295630455017090e+00
-8.506463050842285156e+00,5.614268779754638672e+00,-3.149227380752563477e+00
4.924467086791992188e+00,1.575319671630859375e+01,7.222299098968505859e+00
-9.759046554565429688e+00,1.406962394714355469e+01,2.595432758331298828e+00
7.147603511810302734e+00,9.028370857238769531e+00,-7.853062748908996582e-01
1.353112792968750000e+01,1.829990959167480469e+01,8.032516479492187500e+00
-8.544769287109375000e+00,5.587554931640625000e+00,-3.181868314743041992e+00
4.332535743713378906e+00,-1.501165103912353516e+01,8.077502250671386719e+00
-1.177625370025634766e+01,1.056541538238525391e+01,-8.089775085449218750e+00
1.420677947998046875e+01,1.878488159179687500e+01,7.834151268005371094e+00
1.206823921203613281e+01,1.709031295776367188e+01,8.490654826164245605e-01
1.865251731872558594e+01,-7.024532794952392578e+00,4.776429653167724609e+00
1.873715591430664062e+01,-7.027401924133300781e+00,4.709059715270996094e+00
1.770404243469238281e+01,-3.326836526393890381e-01,-4.579847812652587891e+00
1.373641109466552734e+01,1.871974563598632812e+01,7.331059455871582031e+00
3.258574962615966797e+00,-3.117677211761474609e+00,-8.993230819702148438e+00
-9.868112564086914062e+00,1.394634056091308594e+01,2.416074514389038086e+00
4.303962230682373047e+00,5.403606414794921875e+00,-4.139495849609375000e+00
1.214709854125976562e+01,-6.365533351898193359e+00,1.176728487014770508e+00
-2.831077814102172852e+00,-1.277038192749023438e+01,-9.008193016052246094e+00
-8.647454261779785156e+00,-7.084130764007568359e+00,-1.180253028869628906e+00
-5.055635571479797363e-01,4.633979797363281250e+00,6.950176239013671875e+00
-9.234425425529479980e-01,5.160750865936279297e+00,7.056437969207763672e+00
-8.543561935424804688e+00,5.587635993957519531e+00,-3.180589437484741211e+00
9.035202026367187500e+00,8.112627983093261719e+00,-1.074351978302001953e+01
3.961066484451293945e+00,-1.232123851776123047e+01,-9.632994651794433594e+00
9.440822601318359375e+00,1.238998317718505859e+01,-1.154839420318603516e+01
2.694963216781616211e+00,5.650413513183593750e+00,1.984546279907226562e+01
-1.117830753326416016e+01,-1.474424153566360474e-01,-4.696542739868164062e+00
-7.084230422973632812e+00,4.310910701751708984e+00,6.309657573699951172e+00
-3.278909683227539062e+00,1.969655799865722656e+01,2.115275621414184570e+00
-9.482735395431518555e-01,1.240586400032043457e+00,2.249351310729980469e+01
2.101736259460449219e+01,8.118106842041015625e+00,8.884523391723632812e+00
1.901696968078613281e+01,5.714362144470214844e+00,-2.583536863327026367e+00
-1.201973819732666016e+01,5.020671486854553223e-01,1.043699455261230469e+01
2.205426597595214844e+01,9.099383354187011719e+00,-7.185824871063232422e+00
-1.467660814523696899e-01,1.745832252502441406e+01,1.256703948974609375e+01
1.011205005645751953e+01,-1.113866233825683594e+01,1.004528617858886719e+01
8.491111755371093750e+00,-1.441708946228027344e+01,1.865881919860839844e+00
2.208896064758300781e+01,9.133891105651855469e+00,-7.151624202728271484e+00
9.806973457336425781e+00,-8.851686477661132812e+00,-9.194123268127441406e+00
8.534049034118652344e+00,1.771423339843750000e+01,-4.151753425598144531e+00
9.786417007446289062e+00,-3.520094871520996094e+00,8.054265022277832031e+00
3.962748527526855469e+00,-1.231975841522216797e+01,-9.634230613708496094e+00
-2.751149177551269531e+00,-1.174303293228149414e-01,1.461547183990478516e+01
1.898948097229003906e+01,5.686986923217773438e+00,-2.555967330932617188e+00
1.392895889282226562e+01,1.864227104187011719e+01,7.658810138702392578e+00
-2.700368165969848633e+00,2.989717200398445129e-02,1.386593914031982422e+01
1.079325580596923828e+01,4.782649040222167969e+00,1.830817222595214844e+01
4.015843391418457031e+00,-5.390603065490722656e+00,7.317615985870361328e+00
-2.758887052536010742e+00,-7.734207153320312500e+00,9.367643356323242188e+00
1.516785812377929688e+01,9.753499627113342285e-01,7.785212516784667969e+00
1.775575256347656250e+01,-3.843054175376892090e-01,-4.631460666656494141e+00
1.513098621368408203e+01,1.011683225631713867e+00,7.824369907379150391e+00
8.969553947448730469e+00,8.833870887756347656e+00,2.635083675384521484e+00
-1.039593696594238281e+01,-8.562135696411132812e+00,-7.964745521545410156e+00
-1.117215633392333984e+01,-1.751352101564407349e-01,-4.696169376373291016e+00
-2.997464835643768311e-01,1.113524532318115234e+01,1.755848121643066406e+01
-4.236908435821533203e+00,2.011007070541381836e+00,-1.000855064392089844e+01
-9.723756313323974609e-01,1.264335036277770996e+00,2.251820755004882812e+01
1.386393189430236816e+00,2.341724395751953125e+01,-6.857246398925781250e+00
-1.155933761596679688e+01,5.383961677551269531e+00,1.460113620758056641e+01
-4.652841389179229736e-01,1.714527130126953125e+01,1.235672569274902344e+01
3.681920468807220459e-03,1.715764999389648438e+01,1.232079505920410156e+01
-5.231383800506591797e+00,-4.375276565551757812e+00,-1.425853061676025391e+01
8.589133262634277344e+00,1.773176956176757812e+01,-4.212474822998046875e+00
1.897428703308105469e+01,3.742131471633911133e+00,1.295990467071533203e+01
-8.553230285644531250e+00,5.576433658599853516e+00,-3.190261602401733398e+00
1.034166049957275391e+01,9.360493659973144531e+00,1.186948585510253906e+01
1.206237316131591797e+01,1.709612274169921875e+01,8.431868553161621094e-01
-4.779674410820007324e-01,7.996174812316894531e+00,-1.202890574932098389e-01
9.786533355712890625e+00,-3.520751237869262695e+00,8.054492950439453125e+00
-9.854956626892089844e+00,1.399415683746337891e+01,2.418198108673095703e+00
-2.492768764495849609e+00,-2.629046328365802765e-02,1.428571128845214844e+01
8.443667411804199219e+00,-1.447585391998291016e+01,1.923493981361389160e+00
8.554027557373046875e+00,1.772845840454101562e+01,-4.209075927734375000e+00
3.260441541671752930e+00,-3.118558645248413086e+00,-8.988495826721191406e+00
1.768945884704589844e+01,-3.246224820613861084e-01,-4.567455768585205078e+00
-1.179502201080322266e+01,1.058554172515869141e+01,-8.069882392883300781e+00
-1.158575344085693359e+01,5.410367965698242188e+00,1.462754440307617188e+01
6.354593276977539062e+00,1.118495178222656250e+01,-6.892022609710693359e+00
2.102930450439453125e+01,8.106194496154785156e+00,8.880218505859375000e+00
4.406352519989013672e+00,-1.508265972137451172e+01,8.005305290222167969e+00
1.486299037933349609e+01,-8.474627494812011719e+00,-5.899099826812744141e+00
-1.626942253112792969e+01,-4.447279930114746094e+00,-2.427064895629882812e+00
2.108057212829589844e+01,8.054903984069824219e+00,8.829121589660644531e+00
4.064393520355224609e+00,1.419007205963134766e+01,1.337752938270568848e+00
1.584552407264709473e+00,2.326511955261230469e+01,-6.945827484130859375e+00
2.093321037292480469e+01,1.075693893432617188e+01,2.529895544052124023e+00
2.773970127105712891e+00,6.375555992126464844e+00,2.719600677490234375e+00
1.109549045562744141e+01,-3.958636045455932617e+00,-5.419897079467773438e+00
-9.470532417297363281e+00,1.363594818115234375e+01,2.687029838562011719e+00
-2.707213163375854492e+00,3.100794972851872444e-03,1.390807342529296875e+01
-1.555431187152862549e-01,1.749788665771484375e+01,1.251540660858154297e+01
-1.118636131286621094e+01,-1.562319695949554443e-01,-4.700254440307617188e+00
7.138227939605712891e+00,5.544264793395996094e+00,5.128719329833984375e+00
-8.687152862548828125e+00,-7.123841762542724609e+00,-1.220078587532043457e+00
1.008195114135742188e+01,-1.116878414154052734e+01,1.001515293121337891e+01
-4.045468866825103760e-01,1.714084434509277344e+01,1.239332103729248047e+01
-2.821242332458496094e+00,-1.278034496307373047e+01,-9.017748832702636719e+00
-2.356841802597045898e+00,-2.204917907714843750e+00,-1.804677963256835938e+01
-3.950120210647583008e-01,1.100015544891357422e+01,1.755303573608398438e+01
6.508010864257812500e+00,9.036116003990173340e-01,-1.699398040771484375e+01
9.440722465515136719e+00,1.238980197906494141e+01,-1.154828834533691406e+01
8.571029663085937500e+00,1.775019454956054688e+01,-4.190796375274658203e+00
-4.301424503326416016e+00,-1.300777339935302734e+01,-1.403287291526794434e+00
8.420786857604980469e+00,-1.449890995025634766e+01,1.932457685470581055e+00
-1.036254405975341797e+01,-8.527489662170410156e+00,-7.962570667266845703e+00
-1.980921477079391479e-01,-1.278620147705078125e+01,1.388160610198974609e+01
-2.715844869613647461e+00,-1.111668124794960022e-01,1.457269001007080078e+01
9.091059684753417969e+00,8.080176353454589844e+00,-1.083300685882568359e+01
1.075209236145019531e+01,4.741529941558837891e+00,1.831906509399414062e+01
8.648357391357421875e+00,1.892241477966308594e+01,-3.333806753158569336e+00
-6.665259838104248047e+00,1.933715820312500000e+01,-5.282786846160888672e+00
-9.617262840270996094e+00,-3.376753568649291992e+00,-1.155644798278808594e+01
-1.144047677516937256e-01,1.757689476013183594e+01,1.265963935852050781e+01
4.376835346221923828e+00,6.512503147125244141e+00,-1.783794975280761719e+01
1.541097259521484375e+01,1.288225555419921875e+01,-4.830663681030273438e+00
-8.534910202026367188e+00,5.593194961547851562e+00,-3.172161102294921875e+00
-6.030130863189697266e+00,1.394396305084228516e+01,-1.438667964935302734e+01
2.767327070236206055e+00,-9.161885261535644531e+00,-1.537622737884521484e+01
-9.753967285156250000e+00,1.372123432159423828e+01,2.231272459030151367e+00
4.081866741180419922e-01,1.174510860443115234e+01,-2.400852203369140625e+00
1.767856597900390625e+01,-3.088701367378234863e-01,-4.555436134338378906e+00
4.094742774963378906e+00,3.133189976215362549e-01,2.466361284255981445e+00
-4.421017646789550781e+00,-1.292445945739746094e+01,6.247760772705078125e+00
1.961097526550292969e+01,2.520804405212402344e+00,-1.449756908416748047e+01
1.964757919311523438e+01,2.576455354690551758e+00,-1.445839214324951172e+01
-9.607389450073242188e+00,1.372795963287353516e+01,2.528807640075683594e+00
-9.499716758728027344e-01,1.242147088050842285e+00,2.249543380737304688e+01
-7.075296878814697266e+00,8.385160446166992188e+00,1.187595653533935547e+01
1.407164192199707031e+01,-2.149405479431152344e+00,1.469620990753173828e+01
-7.084046840667724609e+00,4.311024665832519531e+00,6.309544086456298828e+00
6.581494331359863281e+00,4.820336818695068359e+00,5.141453742980957031e+00
-5.229492187500000000e+00,5.451889514923095703e+00,-1.835997009277343750e+01
-6.623765468597412109e+00,1.940555572509765625e+01,-5.356156349182128906e+00
6.530288696289062500e+00,4.783060550689697266e+00,5.246816158294677734e+00
6.541716098785400391e+00,2.881722211837768555e+00,9.140668869018554688e+00
8.681522369384765625e+00,1.890039443969726562e+01,-3.301765918731689453e+00
1.414339733123779297e+01,-2.221214771270751953e+00,1.476781368255615234e+01
-1.158732795715332031e+01,5.411942481994628906e+00,1.462911033630371094e+01
3.936167716979980469e+00,-1.234648036956787109e+01,-9.607123374938964844e+00
-8.621600151062011719e+00,-7.058136463165283203e+00,-1.154290914535522461e+00
1.008252048492431641e+01,-1.116814994812011719e+01,1.001572895050048828e+01
-1.336624050140380859e+01,4.373955726623535156e+00,1.994622826576232910e+00
-4.316397666931152344e+00,-1.303290367126464844e+01,-1.382988095283508301e+00
-9.607020378112792969e+00,1.371404170989990234e+01,2.518067121505737305e+00
-1.688196754455566406e+01,1.086423969268798828e+01,-2.902741432189941406e+00
-1.073718357086181641e+01,-5.554112911224365234e+00,1.088732910156250000e+01
-2.816743135452270508e+00,-1.278234577178955078e+01,-8.982452392578125000e+00
5.631804466247558594e+00,4.689561724662780762e-01,-1.445168256759643555e+00
9.797869682312011719e+00,-3.509681940078735352e+00,8.066123008728027344e+00
1.008088207244873047e+01,-1.116931343078613281e+01,1.001420783996582031e+01
-1.096217536926269531e+01,2.540313482284545898e+00,-1.592969131469726562e+01
-1.115045738220214844e+01,-1.205281987786293030e-01,-4.693883419036865234e+00
1.400844669342041016e+01,1.846463394165039062e+01,7.576306819915771484e+00
-1.669218540191650391e+00,-1.663757085800170898e+00,-3.004414081573486328e+00
4.901529788970947266e+00,1.577444458007812500e+01,7.200156211853027344e+00
2.477904796600341797e+00,1.806794357299804688e+01,1.187439560890197754e+00
-9.194373488426208496e-01,3.839222788810729980e-01,3.223330259323120117e+00
1.391562366485595703e+01,1.863317680358886719e+01,7.754133224487304688e+00
7.147495746612548828e+00,9.003886222839355469e+00,-7.626666426658630371e-01
2.095962333679199219e+01,1.073067665100097656e+01,2.501665353775024414e+00
-9.736537933349609375e+00,1.397738265991210938e+01,2.563885927200317383e+00
9.053072929382324219e+00,8.275694847106933594e+00,-1.058006286621093750e+01
1.968274879455566406e+01,2.549744367599487305e+00,-1.442462062835693359e+01
-1.098850250244140625e+01,2.510484695434570312e+00,-1.595876789093017578e+01
-9.608864784240722656e+00,1.400411128997802734e+01,2.887365341186523438e+00
8.578593254089355469e+00,1.830142974853515625e+01,-3.165821552276611328e+00
4.064383029937744141e+00,1.419007301330566406e+01,1.337756633758544922e+00
6.747854232788085938e+00,5.335835456848144531e+00,5.115636825561523438e+00
1.034659194946289062e+01,9.360301971435546875e+00,1.186443042755126953e+01
1.047426414489746094e+01,9.472742080688476562e+00,1.173665428161621094e+01
-1.694749832153320312e+01,1.080210018157958984e+01,-2.968125343322753906e+00
1.428902816772460938e+01,1.882339668273925781e+01,7.847997188568115234e+00
1.061191082000732422e+01,9.598429679870605469e+00,1.159886074066162109e+01
9.086277961730957031e+00,8.869042396545410156e+00,2.680361509323120117e+00
2.367536306381225586e+00,3.820134162902832031e+00,-4.382385730743408203e+00
8.471634864807128906e+00,1.786574554443359375e+01,-2.816551923751831055e+00
-1.073887825012207031e+01,-5.556708812713623047e+00,1.089587497711181641e+01
2.995616436004638672e+00,3.080528974533081055e+00,-5.254798889160156250e+00
8.573079109191894531e+00,1.775265312194824219e+01,-4.186046123504638672e+00
-6.790083408355712891e+00,-8.012719154357910156e+00,1.706202507019042969e+01
1.393845272064208984e+01,-4.574248790740966797e+00,-1.452460002899169922e+01
5.327735900878906250e+00,-6.147122383117675781e+00,1.471525955200195312e+01
8.679391860961914062e+00,1.888688850402832031e+01,-3.297921419143676758e+00
8.410964012145996094e+00,-1.450853347778320312e+01,1.944443941116333008e+00
-1.178305244445800781e+01,1.057331180572509766e+01,-8.082148551940917969e+00
9.794579505920410156e+00,-3.533522367477416992e+00,8.064057350158691406e+00
2.724981307983398438e+00,-9.205645561218261719e+00,-1.541869163513183594e+01
4.420873641967773438e+00,-1.510027790069580078e+01,7.991061210632324219e+00
2.562805414199829102e+00,1.798117637634277344e+01,1.270514369010925293e+00
-2.358127593994140625e+00,4.122966229915618896e-01,1.457972431182861328e+01
-1.521497344970703125e+01,4.087820053100585938e+00,-7.690778255462646484e+00
-2.163426399230957031e+00,3.046052344143390656e-02,1.423473358154296875e+01
-9.469105601310729980e-01,3.560751974582672119e-01,3.199030876159667969e+00
1.016843795776367188e+01,-1.367892742156982422e+01,-4.208816051483154297e+00
1.383200931549072266e+01,4.671361446380615234e+00,-1.257389926910400391e+01
-5.682116746902465820e-01,1.086643981933593750e+01,1.759413719177246094e+01
-2.748669147491455078e+00,-1.108402758836746216e-01,1.461288356781005859e+01
1.961246681213378906e+01,2.614036798477172852e+00,-1.440519237518310547e+01
5.298206806182861328e+00,-6.177316665649414062e+00,1.468699169158935547e+01
9.837188720703125000e+00,-8.820843696594238281e+00,-9.162409782409667969e+00
1.219981670379638672e+00,-1.180988597869873047e+01,9.474942088127136230e-01
1.384879493713378906e+01,1.852262687683105469e+01,7.830574989318847656e+00
-2.781707942485809326e-01,1.110639190673828125e+01,1.742896080017089844e+01
5.409686565399169922e+00,6.257939815521240234e+00,-2.224471092224121094e+00
-6.133837997913360596e-02,1.729689598083496094e+01,1.245095157623291016e+01
-1.338348388671875000e+01,4.407995700836181641e+00,1.960258483886718750e+00
-1.646921753883361816e+00,-1.641495227813720703e+00,-2.982160568237304688e+00
1.705455660820007324e+00,2.313969612121582031e+01,-6.867330074310302734e+00
1.114120388031005859e+01,-3.924710273742675781e+00,-5.506609439849853516e+00
2.093358421325683594e+01,1.075663852691650391e+01,2.528299331665039062e+00
1.166486859321594238e+00,-1.183765983581542969e+01,8.992969393730163574e-01
2.114859008789062500e+01,8.011443138122558594e+00,8.757721900939941406e+00
-1.120104408264160156e+01,-1.725567132234573364e-01,-4.642815589904785156e+00
-2.612980127334594727e+00,1.144752874970436096e-01,1.417495250701904297e+01
9.815455436706542969e+00,-3.520466089248657227e+00,8.083662033081054688e+00
-7.075449466705322266e+00,8.385262489318847656e+00,1.187563800811767578e+01
-6.150389671325683594e+00,1.387117385864257812e+01,-1.456922626495361328e+01
-5.221062183380126953e+00,1.099543762207031250e+01,-5.176078319549560547e+00
-1.728319227695465088e-01,1.749928283691406250e+01,1.233882141113281250e+01
-2.401479482650756836e+00,-7.326505333185195923e-02,1.427047634124755859e+01
-1.522297096252441406e+01,4.095249652862548828e+00,-7.682947635650634766e+00
-6.145815849304199219e+00,1.398743152618408203e+01,-1.485360145568847656e+01
2.795560359954833984e+00,6.354743957519531250e+00,2.708780050277709961e+00
1.389525604248046875e+01,4.596635341644287109e+00,-1.266954612731933594e+01
-2.356446743011474609e+00,-2.204440593719482422e+00,-1.804632759094238281e+01
5.324713230133056641e+00,-6.150006294250488281e+00,1.471289730072021484e+01
-9.501030921936035156e+00,1.367384815216064453e+01,2.659888982772827148e+00
1.008520317077636719e+01,-1.117125701904296875e+01,1.001841354370117188e+01
-1.177057838439941406e+01,-1.168194293975830078e+01,5.614903450012207031e+00
1.030205821990966797e+01,9.321985244750976562e+00,1.190943241119384766e+01
1.409879493713378906e+01,-2.176531076431274414e+00,1.472330474853515625e+01
2.624079942703247070e+00,6.473811149597167969e+00,2.845117568969726562e+00
-7.026728153228759766e+00,8.336938858032226562e+00,1.192376804351806641e+01
9.094710350036621094e+00,8.067545890808105469e+00,-1.084197902679443359e+01
4.459431171417236328e+00,-1.513580036163330078e+01,7.952467441558837891e+00
-9.773295402526855469e+00,1.379557228088378906e+01,2.316242694854736328e+00
1.965681266784667969e+01,2.569515466690063477e+00,-1.444827842712402344e+01
3.956074476242065430e+00,5.867145538330078125e+00,-1.793869256973266602e+00
1.392323303222656250e+01,4.583671569824218750e+00,-1.282101535797119141e+01
-7.102012634277343750e+00,8.411804199218750000e+00,1.184803199768066406e+01
8.629882812500000000e+00,1.781203079223632812e+01,-4.132711410522460938e+00
-4.016251266002655029e-01,1.098017978668212891e+01,1.746275138854980469e+01
4.068157672882080078e+00,5.935848712921142578e+00,-1.807467937469482422e+00
9.826614379882812500e+00,-3.483398437500000000e+00,8.094874382019042969e+00
1.775808715820312500e+01,-3.866973221302032471e-01,-4.633889198303222656e+00
-1.522273540496826172e+01,4.095205307006835938e+00,-7.683091163635253906e+00
-1.253175616264343262e+00,3.912490367889404297e+00,-2.781904220581054688e+00
1.353283786773681641e+01,1.826085662841796875e+01,8.040812492370605469e+00
9.801619529724121094e+00,-8.856260299682617188e+00,-9.197974205017089844e+00
1.209471893310546875e+01,1.706386184692382812e+01,8.755985498428344727e-01
5.264004230499267578e+00,-6.138990402221679688e+00,1.472406482696533203e+01
1.597616434097290039e+00,2.325145530700683594e+01,-6.951612472534179688e+00
-9.470424056053161621e-01,1.239637017250061035e+00,2.250330162048339844e+01
1.412805318832397461e+00,2.343678474426269531e+01,-6.941225051879882812e+00
5.170784473419189453e+00,1.125752544403076172e+01,-1.509968042373657227e+00
1.069386386871337891e+01,4.683244228363037109e+00,1.837701606750488281e+01
1.512062358856201172e+01,1.025866508483886719e+00,7.838310241699218750e+00
4.901074409484863281e+00,1.577624225616455078e+01,7.199024677276611328e+00
1.387267875671386719e+01,-4.501712799072265625e+00,-1.458470439910888672e+01
8.507317900657653809e-01,2.684961318969726562e+00,-4.577588438987731934e-01
1.126579403877258301e+00,6.581942081451416016e+00,2.821059226989746094e+00
2.176016998291015625e+01,-4.083931446075439453e+00,-1.057944536209106445e+00
1.567448616027832031e+01,1.317492485046386719e+01,-4.803761005401611328e+00
-9.657184600830078125e+00,1.382574558258056641e+01,2.554728507995605469e+00
-1.304099917411804199e+00,-6.012454986572265625e+00,-9.149221420288085938e+00
-1.195422554016113281e+01,5.676833987236022949e-01,1.037153148651123047e+01
5.948098182678222656e+00,1.005066204071044922e+01,-5.819312095642089844e+00
1.490588903427124023e+00,2.992395401000976562e+00,1.271160840988159180e+00
1.429540443420410156e+01,1.885777282714843750e+01,7.812058925628662109e+00
4.517776966094970703e+00,3.100231885910034180e+00,-1.245088934898376465e+00
-9.470786094665527344e+00,1.365875339508056641e+01,2.695720195770263672e+00
-9.899057388305664062e+00,1.390623188018798828e+01,2.362191438674926758e+00
-1.006657600402832031e+00,3.180316686630249023e+00,9.215717911720275879e-01
2.318436622619628906e+00,6.113976478576660156e+00,-2.429323911666870117e+00
1.530413341522216797e+01,1.280193805694580078e+01,-4.940494537353515625e+00
-8.537936210632324219e+00,5.589706897735595703e+00,-3.174989938735961914e+00
-8.339487075805664062e+00,5.710449218750000000e+00,-2.962918519973754883e+00
6.518146514892578125e+00,2.906208753585815430e+00,9.116230010986328125e+00
1.387392044067382812e+01,-4.502862453460693359e+00,-1.458343601226806641e+01
2.092804718017578125e+01,1.078714275360107422e+01,2.547894954681396484e+00
-2.758108615875244141e+00,-7.734872341156005859e+00,9.368350028991699219e+00
8.573957443237304688e+00,1.775411224365234375e+01,-4.184660434722900391e+00
1.554903793334960938e+01,6.251890659332275391e+00,6.108511447906494141e+00
1.211870956420898438e+01,-6.338886737823486328e+00,1.223096251487731934e+00
-1.339134979248046875e+01,4.400029659271240234e+00,1.968534946441650391e+00
4.041525363922119141e+00,-5.365000247955322266e+00,7.343192100524902344e+00
4.064429283142089844e+00,1.418999862670898438e+01,1.337705254554748535e+00
-2.806949615478515625e+00,-1.201020628213882446e-01,1.467558097839355469e+01
1.074743080139160156e+01,4.736960411071777344e+00,1.832368469238281250e+01
8.519673347473144531e+00,1.791505813598632812e+01,-2.845419645309448242e+00
-1.158676338195800781e+01,5.411370277404785156e+00,1.462853240966796875e+01
4.064475536346435547e+00,1.418994426727294922e+01,1.337661504745483398e+00
-2.830214500427246094e+00,-1.277124404907226562e+01,-9.007419586181640625e+00
6.568309307098388672e+00,8.422945737838745117e-01,-1.705608367919921875e+01
9.462669372558593750e+00,1.241194534301757812e+01,-1.157322216033935547e+01
-1.184249210357666016e+01,-1.160988235473632812e+01,5.568305969238281250e+00
-1.522305011749267578e+01,4.095332145690917969e+00,-7.682837486267089844e+00
-4.392623901367187500e+00,-1.283563899993896484e+01,6.251404285430908203e+00
1.483643150329589844e+01,-8.448883056640625000e+00,-5.925816059112548828e+00
9.801651000976562500e+00,-8.856260299682617188e+00,-9.198017120361328125e+00
4.890573024749755859e+00,1.578639888763427734e+01,7.189108848571777344e+00
5.837872028350830078e+00,1.130808353424072266e+01,1.279717981815338135e-01
8.412349700927734375e+00,1.781095123291015625e+01,-2.835427522659301758e+00
-8.642163276672363281e+00,-7.113544940948486328e+00,-1.210312247276306152e+00
-4.242855548858642578e+00,-1.296117782592773438e+01,-1.454568743705749512e+00
-1.232610321044921875e+01,-2.499216794967651367e+00,4.296254634857177734e+00
2.174585914611816406e+01,-4.013301849365234375e+00,-1.044386506080627441e+00
8.508682250976562500e+00,1.781712532043457031e+01,-2.847716093063354492e+00
8.477839469909667969e+00,-1.444185447692871094e+01,1.886521816253662109e+00
1.980398774147033691e+00,7.091547489166259766e+00,3.670538663864135742e+00
1.208638954162597656e+01,1.707234954833984375e+01,8.669815063476562500e-01
-6.726335048675537109e+00,-8.092809677124023438e+00,1.714769935607910156e+01
-1.159182071685791016e+01,5.414864540100097656e+00,1.463282871246337891e+01
1.392636489868164062e+01,1.846637153625488281e+01,7.637350559234619141e+00
1.707879900932312012e+00,2.313967895507812500e+01,-6.892419338226318359e+00
5.622295856475830078e+00,4.813191890716552734e-01,-1.437059879302978516e+00
3.543841361999511719e+00,4.433050155639648438e+00,-8.512118458747863770e-01
-6.786773681640625000e+00,1.922054862976074219e+01,-5.167017936706542969e+00
-1.115439128875732422e+01,-1.200069040060043335e-01,-4.723663806915283203e+00
-2.335342168807983398e+00,-2.183363437652587891e+00,-1.803808975219726562e+01
-1.688955497741699219e+01,1.086456584930419922e+01,-2.910253047943115234e+00
-2.589209318161010742e+00,1.202248856425285339e-01,1.432221794128417969e+01
-6.268214583396911621e-01,1.085003280639648438e+01,1.781256866455078125e+01
-1.097396945953369141e+01,2.525729417800903320e+00,-1.594391250610351562e+01
1.379457092285156250e+01,4.586696624755859375e+00,-1.263096141815185547e+01
1.554378795623779297e+01,6.246774673461914062e+00,6.111567020416259766e+00
6.689642429351806641e+00,-7.281928062438964844e+00,-1.603869348764419556e-02
-6.395613193511962891e+00,-6.810332775115966797e+00,2.935018777847290039e+00
1.966934394836425781e+01,2.580423355102539062e+00,-1.443561553955078125e+01
2.692159414291381836e+00,-9.061463356018066406e+00,-1.545131683349609375e+01
-9.165510535240173340e-01,5.156489372253417969e+00,7.047186374664306641e+00
-8.374382972717285156e+00,1.031224632263183594e+01,7.101815700531005859e+00
-9.621994972229003906e+00,1.400903797149658203e+01,2.864223241806030273e+00
-4.749152958393096924e-01,1.749312782287597656e+01,1.219982147216796875e+01
-9.705798149108886719e+00,1.380246829986572266e+01,2.427085638046264648e+00
-1.592907309532165527e+00,8.466490745544433594e+00,-3.251614093780517578e+00
4.518061637878417969e+00,3.100069046020507812e+00,-1.245058417320251465e+00
-3.986281752586364746e-01,1.099699306488037109e+01,1.749213027954101562e+01
2.411393404006958008e+00,3.732773303985595703e+00,1.613971233367919922e+00
-4.405675888061523438e+00,-1.292165851593017578e+01,6.246291637420654297e+00
-1.098489856719970703e+01,2.479618787765502930e+00,-1.600298500061035156e+01
-1.181763648986816406e+01,-1.163534927368164062e+01,5.590820789337158203e+00
1.359363555908203125e+01,1.828807258605957031e+01,8.033766746520996094e+00
2.793299436569213867e+00,-9.132668495178222656e+00,-1.535039520263671875e+01
2.387616157531738281e+00,3.704522132873535156e+00,1.587949156761169434e+00
-9.612430572509765625e+00,-3.360259771347045898e+00,-1.156202125549316406e+01
-5.264254570007324219e+00,5.487982749938964844e+00,-1.832419776916503906e+01
1.392554092407226562e+01,4.583682060241699219e+00,-1.277818489074707031e+01
1.238315463066101074e+00,-1.186725616455078125e+01,9.623941183090209961e-01
-4.498384892940521240e-02,1.741700744628906250e+01,1.220397758483886719e+01
2.206878852844238281e+01,9.114000320434570312e+00,-7.171082973480224609e+00
-1.234699821472167969e+01,-2.464410305023193359e+00,4.262414932250976562e+00
1.869953346252441406e+01,-6.994016647338867188e+00,4.743203639984130859e+00
4.404953479766845703e+00,6.530650138854980469e+00,-1.786839485168457031e+01
-2.452724456787109375e+00,2.153294719755649567e-02,1.438415718078613281e+01
-2.372217178344726562e+00,3.973573744297027588e-01,1.458230781555175781e+01
4.277037143707275391e+00,6.374763488769531250e+00,-1.777394104003906250e+01
5.538475990295410156e+00,-5.304376125335693359e+00,-1.694248199462890625e+01
4.548346042633056641e+00,6.663134574890136719e+00,-1.799035263061523438e+01
-5.829206943511962891e+00,1.424347782135009766e+01,-1.494902420043945312e+01
-6.031182289123535156e+00,1.405801200866699219e+01,-1.457381820678710938e+01
-5.737725257873535156e+00,1.383396148681640625e+01,-1.472430038452148438e+01
-8.654742240905761719e+00,-7.093149662017822266e+00,-1.189243435859680176e+00
-8.164563775062561035e-02,3.946683406829833984e+00,1.717568635940551758e+00
-5.961033821105957031e+00,1.401786613464355469e+01,-1.434738159179687500e+01
-5.966285705566406250e+00,1.399913501739501953e+01,-1.429153251647949219e+01
1.485148048400878906e+01,-8.463109016418457031e+00,-5.910401821136474609e+00
5.529074668884277344e+00,-5.307819843292236328e+00,-1.694297599792480469e+01
-7.082691669464111328e+00,4.312541484832763672e+00,6.308940887451171875e+00
-5.254911899566650391e+00,1.095763206481933594e+01,-5.214860916137695312e+00
-5.203550815582275391e+00,1.103061199188232422e+01,-5.146293640136718750e+00
-6.679792881011962891e+00,-8.123080253601074219e+00,1.717323684692382812e+01
1.484261989593505859e+01,-8.451543807983398438e+00,-5.923015594482421875e+00
1.010789680480957031e+01,-1.373948955535888672e+01,-4.269375324249267578e+00
1.108408164978027344e+01,-3.982203722000122070e+00,-5.454269886016845703e+00
4.954231679439544678e-01,1.193152332305908203e+01,-2.396069526672363281e+00
2.058119583129882812e+01,1.201813459396362305e+00,3.857349395751953125e+00
-6.714962482452392578e+00,1.926944351196289062e+01,-5.169469833374023438e+00
6.529269695281982422e+00,2.894841670989990234e+00,9.127989768981933594e+00
1.533492565155029297e+01,1.310489177703857422e+01,-5.039217948913574219e+00
-6.757035732269287109e+00,1.925220680236816406e+01,-5.142460346221923828e+00
6.736291885375976562e+00,5.343513965606689453e+00,5.107787609100341797e+00
1.566599369049072266e+01,1.318453311920166016e+01,-4.799230575561523438e+00
-8.387045860290527344e+00,1.032465934753417969e+01,7.114778518676757812e+00
-6.074422836303710938e+00,1.413940715789794922e+01,-1.467296791076660156e+01
-9.602595120668411255e-02,-5.843702793121337891e+00,9.732540845870971680e-01
6.159451961517333984e+00,5.907988071441650391e+00,5.383803367614746094e+00
-9.701668739318847656e+00,1.389274787902832031e+01,2.545603990554809570e+00
-9.457551002502441406e+00,1.370397186279296875e+01,2.663733243942260742e+00
4.067267894744873047e+00,5.932810306549072266e+00,-1.808113932609558105e+00
-2.752701759338378906e+00,-7.752063274383544922e+00,9.381205558776855469e+00
1.573237609863281250e+01,1.324051570892333984e+01,-4.534421443939208984e+00
1.546689891815185547e+01,1.295181751251220703e+01,-4.590983390808105469e+00
4.344173431396484375e+00,6.432168960571289062e+00,-1.786350822448730469e+01
-2.235354661941528320e+00,6.296102523803710938e+00,-1.768549919128417969e+00
3.263486862182617188e+00,-3.122077226638793945e+00,-8.917745590209960938e+00
9.093048095703125000e+00,8.074227333068847656e+00,-1.083646774291992188e+01
-1.176210021972656250e+01,1.055206680297851562e+01,-8.103484153747558594e+00
1.213021659851074219e+01,1.702839469909667969e+01,9.108258485794067383e-01
-1.176592922210693359e+01,-1.160662937164306641e+01,5.540379524230957031e+00
-1.238755416870117188e+01,-2.452599048614501953e+00,4.233516693115234375e+00
-1.205638122558593750e+01,4.653559625148773193e-01,1.047360801696777344e+01
-1.036217594146728516e+01,-8.527084350585937500e+00,-7.962525367736816406e+00
3.981380462646484375e+00,-1.234179306030273438e+01,-9.611621856689453125e+00
-8.629751205444335938e+00,-7.089646816253662109e+00,-1.189291954040527344e+00
1.640806388854980469e+01,-6.588819026947021484e+00,1.172381591796875000e+01
9.461773872375488281e+00,1.241080951690673828e+01,-1.152275180816650391e+01
8.600347518920898438e+00,1.777838897705078125e+01,-4.167362689971923828e+00
9.422539710998535156e+00,1.237145900726318359e+01,-1.153638648986816406e+01
5.605938911437988281e+00,-5.234476089477539062e+00,-1.702532196044921875e+01
1.390745544433593750e+01,1.861081886291503906e+01,7.817335605621337891e+00
1.428238487243652344e+01,1.883729362487792969e+01,7.837398052215576172e+00
-7.062666893005371094e+00,4.332544803619384766e+00,6.289135456085205078e+00
-9.593605995178222656e+00,-3.379499197006225586e+00,-1.158063030242919922e+01
-9.970262646675109863e-02,1.743296241760253906e+01,1.254090881347656250e+01
-1.245973706245422363e-01,-1.286010646820068359e+01,1.380749893188476562e+01
-9.515953809022903442e-02,-5.842800617218017578e+00,9.723856449127197266e-01
1.527079868316650391e+01,-1.165887451171875000e+01,5.980193614959716797e+00
9.794873237609863281e+00,-8.856537818908691406e+00,-9.207856178283691406e+00
9.790024757385253906e+00,-8.881003379821777344e+00,-9.222781181335449219e+00
1.368992042541503906e+01,4.686680316925048828e+00,-1.247476482391357422e+01
1.772963333129882812e+01,-3.586213886737823486e-01,-4.605592250823974609e+00
1.485175132751464844e+01,-8.437240600585937500e+00,-5.909827709197998047e+00
-4.264623641967773438e+00,1.984389424324035645e+00,-1.003508567810058594e+01
-9.629682540893554688e+00,-3.343528985977172852e+00,-1.154452514648437500e+01
-2.754077911376953125e+00,-1.267178207635879517e-01,1.460277080535888672e+01
2.179659080505371094e+01,-4.063859939575195312e+00,-1.079415440559387207e+00
1.363084983825683594e+01,1.826691818237304688e+01,8.055515289306640625e+00
-1.629690933227539062e+01,-4.483427524566650391e+00,-2.453620433807373047e+00
-1.073997116088867188e+01,-5.558051586151123047e+00,1.089553356170654297e+01
6.510600090026855469e+00,8.377305865287780762e-01,-1.705990028381347656e+01
-9.837980270385742188e-01,1.275993585586547852e+00,2.253073883056640625e+01
-5.238875389099121094e+00,1.101541137695312500e+01,-5.180659294128417969e+00
1.374177336692810059e+00,2.348854064941406250e+01,-7.025537014007568359e+00
1.959395217895507812e+01,2.637002706527709961e+00,-1.451276874542236328e+01
1.103330135345458984e+01,-4.032967567443847656e+00,-5.495699405670166016e+00
-6.254101753234863281e+00,1.379963111877441406e+01,-1.469115734100341797e+01
-5.852374553680419922e+00,1.420875644683837891e+01,-1.492039108276367188e+01
-2.732985973358154297e+00,-9.668403863906860352e-02,1.459006500244140625e+01
-1.097617816925048828e+01,2.527726173400878906e+00,-1.594179439544677734e+01
-6.200813293457031250e+00,1.385360240936279297e+01,-1.479308700561523438e+01
-5.827852725982666016e+00,1.422450447082519531e+01,-1.495676517486572266e+01
-5.204418182373046875e+00,1.102118110656738281e+01,-5.156108856201171875e+00
-2.042638301849365234e+00,6.324995040893554688e+00,-4.282425880432128906e+00
1.214144325256347656e+01,-6.360144138336181641e+00,1.173660874366760254e+00
-2.796687364578247070e+00,-7.696797847747802734e+00,9.330343246459960938e+00
-6.049516677856445312e+00,1.396203231811523438e+01,-1.447502994537353516e+01
1.483961677551269531e+01,-8.448701858520507812e+00,-5.922531127929687500e+00
-4.428123474121093750e+00,-1.279957294464111328e+01,6.219869136810302734e+00
1.390035438537597656e+01,4.714553356170654297e+00,-1.255612468719482422e+01
5.538443088531494141e+00,-5.300484657287597656e+00,-1.694798278808593750e+01
-1.116157436370849609e+01,-1.351410597562789917e-01,-4.685779571533203125e+00
-9.771992683410644531e+00,1.372217082977294922e+01,2.207310438156127930e+00
-8.491055965423583984e-01,9.298146247863769531e+00,3.876545906066894531e+00
-8.448385596275329590e-01,9.294273376464843750e+00,3.884247064590454102e+00
-5.498753190040588379e-01,7.675202846527099609e+00,2.122243881225585938e+00
4.252743244171142578e+00,6.364675998687744141e+00,-1.775770759582519531e+01
-5.974410057067871094e+00,1.399089622497558594e+01,-1.428123569488525391e+01
4.296786308288574219e+00,6.420428752899169922e+00,-1.779965972900390625e+01
-9.596133232116699219e+00,-3.389103651046752930e+00,-1.158334445953369141e+01
-1.097446823120117188e+01,2.525526046752929688e+00,-1.594378662109375000e+01
1.029741668701171875e+01,9.314454078674316406e+00,1.191393470764160156e+01
-1.092202472686767578e+01,2.577321767807006836e+00,-1.589194202423095703e+01
1.071808052062988281e+01,4.707669734954833984e+00,1.835298919677734375e+01
4.518066883087158203e+00,3.100040674209594727e+00,-1.245027184486389160e+00
-2.838165760040283203e+00,-1.276535224914550781e+01,-9.024853706359863281e+00
1.547117900848388672e+01,1.295779418945312500e+01,-4.664029598236083984e+00
-6.734706401824951172e+00,1.931617546081542969e+01,-5.238059043884277344e+00
5.280082702636718750e+00,-6.148020267486572266e+00,1.470418834686279297e+01
4.374206066131591797e+00,6.482712745666503906e+00,-1.787474060058593750e+01
4.306876182556152344e+00,6.432920932769775391e+00,-1.779109954833984375e+01
-9.223232865333557129e-01,5.160167694091796875e+00,7.055756568908691406e+00
-9.230531454086303711e-01,5.161096572875976562e+00,7.055986881256103516e+00
4.361939907073974609e+00,6.501410007476806641e+00,-1.781690406799316406e+01
8.470032691955566406e+00,-1.444969749450683594e+01,1.937941074371337891e+00
4.465134143829345703e+00,-1.507645702362060547e+01,7.952632904052734375e+00
2.062143898010253906e+01,1.241472959518432617e+00,3.826066255569458008e+00
1.383309173583984375e+01,4.613253116607666016e+00,-1.261114692687988281e+01
1.363885879516601562e+01,4.336227416992187500e+00,-1.260970401763916016e+01
8.575177192687988281e+00,1.775512504577636719e+01,-4.184861660003662109e+00
4.004780292510986328e+00,-5.401759624481201172e+00,7.306524276733398438e+00
4.303697109222412109e+00,6.500091552734375000e+00,-1.775423812866210938e+01
2.107095527648925781e+01,8.069419860839843750e+00,8.833455085754394531e+00
1.772904205322265625e+01,-3.578064441680908203e-01,-4.604893207550048828e+00
8.388805389404296875e+00,-1.453155803680419922e+01,1.912988185882568359e+00
-2.026616930961608887e-01,1.740062904357910156e+01,1.246125793457031250e+01
1.898208999633789062e+01,3.710196733474731445e+00,1.295641994476318359e+01
3.220058679580688477e+00,-3.078699111938476562e+00,-8.954859733581542969e+00
-4.389055252075195312e+00,-1.283729076385498047e+01,6.260535717010498047e+00
-6.098650932312011719e+00,1.408336353302001953e+01,-1.477294063568115234e+01
-6.066927433013916016e+00,1.402796363830566406e+01,-1.463623237609863281e+01
6.533507347106933594e+00,8.774628043174743652e-01,-1.701930618286132812e+01
4.156260967254638672e+00,6.274265766143798828e+00,-1.767785835266113281e+01
4.393002033233642578e+00,6.525397777557373047e+00,-1.783596420288085938e+01
-6.732976913452148438e+00,-8.070451736450195312e+00,1.712041473388671875e+01
9.746682167053222656e+00,-8.907703399658203125e+00,-9.248868942260742188e+00
1.109753227233886719e+01,-3.961004018783569336e+00,-5.430795192718505859e+00
9.935090065002441406e+00,9.258131980895996094e+00,1.112524318695068359e+01
-2.358824968338012695e+00,-2.207690000534057617e+00,-1.804800033569335938e+01
1.368507957458496094e+01,1.866172218322753906e+01,7.391168594360351562e+00
-3.283288478851318359e+00,1.969209098815917969e+01,2.119389057159423828e+00
-2.329137802124023438e+00,-2.177260637283325195e+00,-1.801890182495117188e+01
7.583314418792724609e+00,9.683499336242675781e+00,-2.741649627685546875e+00
-2.759371042251586914e+00,-7.734121799468994141e+00,9.367561340332031250e+00
4.550851821899414062e+00,6.662357330322265625e+00,-1.799308395385742188e+01
-1.872735214233398438e+01,2.101788282394409180e+00,-1.273477435111999512e+00
-9.530975341796875000e+00,1.364419460296630859e+01,2.623602628707885742e+00
2.588176965713500977e+00,5.122394561767578125e+00,-3.369302272796630859e+00
-2.253142356872558594e+00,6.313592910766601562e+00,-1.750483632087707520e+00
4.517802238464355469e+00,6.631599426269531250e+00,-1.796329879760742188e+01
1.561709761619567871e+00,2.327568817138671875e+01,-6.952071189880371094e+00
-5.987586021423339844e+00,1.399995994567871094e+01,-1.431949329376220703e+01
3.843682289123535156e+00,5.074314117431640625e+00,-2.017129898071289062e+00
-2.793974637985229492e+00,-1.536587327718734741e-01,1.465602207183837891e+01
2.182021713256835938e+01,-4.090570449829101562e+00,-1.117117524147033691e+00
1.402374458312988281e+01,1.848022270202636719e+01,7.590624332427978516e+00
-7.074056625366210938e+00,8.383897781372070312e+00,1.187637615203857422e+01
8.429553031921386719e+00,-1.449063301086425781e+01,1.914412140846252441e+00
1.420811939239501953e+01,1.880056953430175781e+01,7.853315830230712891e+00
-7.778174877166748047e-01,1.065696716308593750e+01,1.760378837585449219e+01
-5.665481686592102051e-01,7.672732830047607422e+00,2.105841159820556641e+00
-2.606708526611328125e+00,1.024689525365829468e-01,1.429948139190673828e+01
2.060191726684570312e+01,1.261539459228515625e+00,3.845914125442504883e+00
-6.068710327148437500e+00,1.404150295257568359e+01,-1.468199443817138672e+01
-1.855098158121109009e-01,1.752307891845703125e+01,1.241342163085937500e+01
7.144037246704101562e+00,8.996108055114746094e+00,-7.566388845443725586e-01
4.095982551574707031e+00,3.141762614250183105e-01,2.465611457824707031e+00
1.899135208129882812e+01,5.688724517822265625e+00,-2.557983160018920898e+00
3.963121652603149414e+00,-1.232116127014160156e+01,-9.632563591003417969e+00
9.759262084960937500e+00,-3.550666570663452148e+00,8.027523040771484375e+00
-5.240836620330810547e+00,5.464319705963134766e+00,-1.834784317016601562e+01
-4.237724781036376953e+00,2.010932922363281250e+00,-1.000853252410888672e+01
6.620041847229003906e+00,4.838459968566894531e+00,5.083059310913085938e+00
-6.864825636148452759e-02,3.970509290695190430e+00,1.711133360862731934e+00
1.536026191711425781e+01,1.284595203399658203e+01,-4.858232498168945312e+00
-2.143575996160507202e-01,1.726065826416015625e+01,1.243423175811767578e+01
-1.635036659240722656e+01,7.213574886322021484e+00,8.036567687988281250e+00
-1.178885936737060547e+01,1.059455871582031250e+01,-8.071892738342285156e+00
1.360118389129638672e+01,1.833780860900878906e+01,8.037387847900390625e+00
-9.746116638183593750e+00,1.371011447906494141e+01,2.220458984375000000e+00
8.427014350891113281e+00,-1.449319267272949219e+01,1.921379804611206055e+00
1.773184394836425781e+01,-3.633379340171813965e-01,-4.610477924346923828e+00
1.423537731170654297e+01,1.880571174621582031e+01,7.850743293762207031e+00
5.518573284149169922e+00,-5.306862354278564453e+00,-1.699197959899902344e+01
-1.876845932006835938e+01,2.145668506622314453e+00,-1.229308485984802246e+00
1.034534358978271484e+01,9.358582496643066406e+00,1.186580085754394531e+01
6.887624740600585938e+00,3.797099351882934570e+00,5.111288070678710938e+00
1.516119670867919922e+01,9.817897081375122070e-01,7.794171810150146484e+00
-1.184631633758544922e+01,-1.160688972473144531e+01,5.560798168182373047e+00
-4.361991882324218750e+00,-1.287789440155029297e+01,6.301874637603759766e+00
1.413492321968078613e+00,2.339237403869628906e+01,-6.887717247009277344e+00
1.109722518920898438e+01,-3.969078063964843750e+00,-5.464990615844726562e+00
1.516155815124511719e+01,9.814388155937194824e-01,7.793962001800537109e+00
-9.546498298645019531e+00,1.372844791412353516e+01,2.625414371490478516e+00
2.178869247436523438e+01,-4.056859016418457031e+00,-1.086052298545837402e+00
4.433737754821777344e+00,-1.510915756225585938e+01,7.978465557098388672e+00
4.093036651611328125e-01,1.174746894836425781e+01,-2.400732517242431641e+00
8.407743453979492188e+00,-1.868802785873413086e+00,1.470597028732299805e+00
2.181247138977050781e+01,-4.081129074096679688e+00,-1.108984947204589844e+00
6.529223918914794922e+00,2.894707679748535156e+00,9.128136634826660156e+00
4.017060279846191406e+00,-5.389394283294677734e+00,7.318812847137451172e+00
1.895272254943847656e+01,5.686745643615722656e+00,-2.519196271896362305e+00
1.554154682159423828e+01,1.301619243621826172e+01,-4.790094375610351562e+00
4.302391052246093750e+00,5.402592658996582031e+00,-4.138477325439453125e+00
-9.543932229280471802e-02,-5.843063831329345703e+00,9.727638363838195801e-01
-1.687896156311035156e+01,1.087174034118652344e+01,-2.887924194335937500e+00
4.487147331237792969e+00,-1.516335296630859375e+01,7.924285888671875000e+00
-7.066975116729736328e+00,4.328219890594482422e+00,6.322143077850341797e+00
-2.765171051025390625e+00,-1.283643436431884766e+01,-8.941756248474121094e+00
4.017507076263427734e+00,-5.389137268066406250e+00,7.319080829620361328e+00
-9.643820762634277344e+00,1.372891235351562500e+01,2.508587360382080078e+00
-9.697301864624023438e+00,1.398157024383544922e+01,2.575455665588378906e+00
4.417000770568847656e+00,6.536847591400146484e+00,-1.785443496704101562e+01
1.896135139465332031e+01,5.659884452819824219e+00,-2.527831077575683594e+00
1.420666503906250000e+01,1.879223632812500000e+01,7.821995735168457031e+00
1.006842327117919922e+01,-1.118253135681152344e+01,1.000165653228759766e+01
9.093069076538085938e+00,8.076613426208496094e+00,-1.083618354797363281e+01
6.741518020629882812e+00,-7.229902267456054688e+00,-6.792538613080978394e-02
2.768365383148193359e+00,-9.129820823669433594e+00,-1.537519741058349609e+01
-6.556393504142761230e-01,4.376731395721435547e+00,7.532122731208801270e-01
6.190698742866516113e-01,4.994246959686279297e+00,4.857018962502479553e-02
9.798630714416503906e+00,-8.858980178833007812e+00,-9.201498985290527344e+00
-1.039699268341064453e+01,-8.562342643737792969e+00,-7.998548507690429688e+00
-2.360223054885864258e+00,4.157020449638366699e-01,1.459864616394042969e+01
-1.466049849987030029e-01,-1.283803081512451172e+01,1.382963371276855469e+01
1.568595409393310547e+01,1.319641971588134766e+01,-4.565435409545898438e+00
-2.042651414871215820e+00,6.325153827667236328e+00,-4.282545566558837891e+00
-9.669878005981445312e+00,1.385651969909667969e+01,2.570689916610717773e+00
1.362159252166748047e+01,4.286477088928222656e+00,-1.260894393920898438e+01
2.892372846603393555e+00,-1.005984902381896973e+00,3.307039260864257812e+00
3.976884603500366211e+00,-1.230716514587402344e+01,-9.645984649658203125e+00
-1.096792602539062500e+01,2.526586294174194336e+00,-1.594544792175292969e+01
-2.672884702682495117e+00,4.061071947216987610e-02,1.384629535675048828e+01
-1.522316074371337891e+01,4.095213413238525391e+00,-7.682953834533691406e+00
2.491929531097412109e+00,1.805136680603027344e+01,1.196398735046386719e+00
4.303953170776367188e+00,6.423647403717041016e+00,-1.777636718750000000e+01
-4.345849037170410156e+00,-1.296983814239501953e+01,-1.429785490036010742e+00
4.047662734985351562e+00,1.420666503906250000e+01,1.354403734207153320e+00
-4.195722579956054688e+00,2.055580139160156250e+00,-9.963967323303222656e+00
-1.175372982025146484e+01,1.064394569396972656e+01,-8.111717224121093750e+00
2.058508110046386719e+01,1.278384566307067871e+00,3.862465143203735352e+00
1.211453247070312500e+01,1.704430580139160156e+01,8.949382305145263672e-01
1.015618228912353516e+01,-1.366961002349853516e+01,-4.221136093139648438e+00
4.164757251739501953e+00,6.285677433013916016e+00,-1.767226982116699219e+01
-2.477875471115112305e+00,-8.085507899522781372e-02,1.429186248779296875e+01
4.356039047241210938e+00,6.421206474304199219e+00,-1.785736846923828125e+01
3.019595384597778320e+00,3.039929628372192383e+00,-5.274961948394775391e+00
3.618364930152893066e-01,-7.931914806365966797e+00,-4.480707168579101562e+00
1.402794170379638672e+01,4.288525581359863281e+00,-1.267930221557617188e+01
5.106347560882568359e+00,4.530964851379394531e+00,-4.707553863525390625e+00
-5.073652744293212891e+00,3.182206630706787109e+00,1.477649211883544922e+00
1.504620194435119629e+00,2.337056159973144531e+01,-7.140993595123291016e+00
2.391847372055053711e+00,3.764298677444458008e+00,1.589063882827758789e+00
6.749198913574218750e+00,-7.226527214050292969e+00,-7.444632798433303833e-02
4.549833774566650391e+00,6.651321411132812500e+00,-1.799527549743652344e+01
-1.035751342773437500e+01,-8.523504257202148438e+00,-7.965775489807128906e+00
-9.472230911254882812e+00,1.365558624267578125e+01,2.693821191787719727e+00
2.115935134887695312e+01,7.978018283843994141e+00,8.749654769897460938e+00
-2.828775167465209961e+00,-1.277282714843750000e+01,-9.007117271423339844e+00
4.432664394378662109e+00,-1.510846424102783203e+01,7.979111194610595703e+00
3.889705181121826172e+00,5.691615581512451172e+00,-1.757123827934265137e+00
-1.183137512207031250e+01,1.062849330902099609e+01,-8.030489921569824219e+00
-7.111722469329833984e+00,8.421593666076660156e+00,1.183840751647949219e+01
-1.658152788877487183e-01,8.179057121276855469e+00,3.325744152069091797e+00
-5.231526851654052734e+00,1.100693702697753906e+01,-5.164703845977783203e+00
-5.805393218994140625e+00,1.424818706512451172e+01,-1.495391654968261719e+01
-6.097074031829833984e+00,1.389911651611328125e+01,-1.437062644958496094e+01
1.871358871459960938e+01,-6.981849670410156250e+00,4.729630947113037109e+00
1.636757087707519531e+01,-6.548482418060302734e+00,1.176434993743896484e+01
-2.815963029861450195e+00,-7.677145957946777344e+00,9.310724258422851562e+00
-2.179909467697143555e+00,3.819868341088294983e-02,1.422779750823974609e+01
6.529333591461181641e+00,2.894869327545166016e+00,9.128196716308593750e+00
-9.949066162109375000e+00,1.399545288085937500e+01,2.332417011260986328e+00
-1.685808563232421875e+01,1.088522243499755859e+01,-2.877626895904541016e+00
6.382393360137939453e+00,1.120351505279541016e+01,-6.885289192199707031e+00
4.898479938507080078e+00,1.577815818786621094e+01,7.197087764739990234e+00
-1.608673930168151855e-01,1.730532073974609375e+01,1.245516490936279297e+01
1.016531944274902344e+01,-1.367977523803710938e+01,-4.211986064910888672e+00
1.030912303924560547e+01,9.321482658386230469e+00,1.187995529174804688e+01
4.462287425994873047e+00,-1.513851737976074219e+01,7.949177265167236328e+00
4.434153079986572266e+00,-1.511006069183349609e+01,7.977514743804931641e+00
4.010642528533935547e+00,-1.227351856231689453e+01,-9.679388999938964844e+00
-1.201958274841308594e+01,5.022068023681640625e-01,1.043690299987792969e+01
4.014820575714111328e+00,-1.225952911376953125e+01,-9.693828582763671875e+00
-1.114673423767089844e+01,-1.204953789710998535e-01,-4.697456836700439453e+00
1.516115283966064453e+01,9.819592833518981934e-01,7.794497966766357422e+00
-4.310753345489501953e+00,-1.302469539642333984e+01,-1.387834668159484863e+00
-1.349752664566040039e+00,-6.061228275299072266e+00,-9.069085121154785156e+00
2.093336296081542969e+01,1.075748538970947266e+01,2.528681993484497070e+00
1.775483512878417969e+01,-3.833232820034027100e-01,-4.630610466003417969e+00
-2.118607282638549805e+00,3.215734288096427917e-02,1.422983169555664062e+01
-5.190899372100830078e+00,-4.415968894958496094e+00,-1.421772193908691406e+01
4.405188083648681641e+00,6.544084072113037109e+00,-1.785414314270019531e+01
1.523555278778076172e+01,-1.159715366363525391e+01,6.013671398162841797e+00
9.798866271972656250e+00,-8.858663558959960938e+00,-9.201198577880859375e+00
-1.628894233703613281e+01,-4.467315673828125000e+00,-2.446578264236450195e+00
-2.355049848556518555e+00,-2.203152894973754883e+00,-1.804483985900878906e+01
-4.412039279937744141e+00,-1.281830215454101562e+01,6.348240852355957031e+00
6.741479396820068359e+00,-7.229962825775146484e+00,-6.787030398845672607e-02
-9.496372938156127930e-01,1.241820812225341797e+00,2.249660491943359375e+01
1.387280464172363281e+01,-4.501825332641601562e+00,-1.458426284790039062e+01
-1.340012931823730469e+01,4.408768177032470703e+00,1.959531068801879883e+00
-6.742137908935546875e+00,-8.037859916687011719e+00,1.717210388183593750e+01
1.075878906250000000e+01,4.749132633209228516e+00,1.831222152709960938e+01
-5.231573581695556641e+00,5.454473495483398438e+00,-1.835776901245117188e+01
6.533798694610595703e+00,8.772289156913757324e-01,-1.701990699768066406e+01
1.107192134857177734e+01,-3.994232892990112305e+00,-5.439709663391113281e+00
9.438214302062988281e+00,1.238731288909912109e+01,-1.154695987701416016e+01
-5.981748104095458984e+00,1.398796844482421875e+01,-1.429559993743896484e+01
-9.677375793457031250e+00,-3.296599388122558594e+00,-1.149681568145751953e+01
2.781404018402099609e+00,-9.143046379089355469e+00,-1.536231422424316406e+01
-6.878837585449218750e+00,1.916227912902832031e+01,-5.092312335968017578e+00
5.171169757843017578e+00,1.125709915161132812e+01,-1.509962439537048340e+00
3.955075263977050781e+00,5.865480422973632812e+00,-1.793226718902587891e+00
-1.180966091156005859e+01,-1.164581203460693359e+01,5.577824592590332031e+00
2.179040718078613281e+01,-4.054804801940917969e+00,-1.073057293891906738e+00
-8.625012397766113281e+00,-7.063406467437744141e+00,-1.159775018692016602e+00
1.376105213165283203e+01,4.516787528991699219e+00,-1.271188354492187500e+01
-1.633207893371582031e+01,7.179751873016357422e+00,8.018824577331542969e+00
1.207078361511230469e+01,1.706877899169921875e+01,8.703503608703613281e-01
1.170380353927612305e+00,-1.183688259124755859e+01,8.996534347534179688e-01
1.407802104949951172e+01,-2.155791044235229492e+00,1.470244884490966797e+01
2.108118247985839844e+01,8.056181907653808594e+00,8.827786445617675781e+00
2.102560234069824219e+01,8.111693382263183594e+00,8.885595321655273438e+00
8.507202148437500000e+00,1.783151435852050781e+01,-2.855820417404174805e+00
1.110836219787597656e+01,-4.001532077789306641e+00,-5.476708412170410156e+00
-9.548041224479675293e-02,-5.843176364898681641e+00,9.727374911308288574e-01
2.099628829956054688e+01,8.141141891479492188e+00,8.912720680236816406e+00
1.487570858001708984e+01,-8.411985397338867188e+00,-5.957455158233642578e+00
4.067560672760009766e+00,5.933485507965087891e+00,-1.808184504508972168e+00
-1.646925687789916992e+00,-1.641516208648681641e+00,-2.982151746749877930e+00
-1.073940086364746094e+01,-5.557334423065185547e+00,1.089625072479248047e+01
5.473330497741699219e+00,6.322084426879882812e+00,-2.251501321792602539e+00
-3.331308364868164062e+00,1.964427947998046875e+01,2.167541027069091797e+00
7.018444061279296875e+00,5.487339973449707031e+00,5.171000480651855469e+00
8.616811752319335938e+00,1.776098060607910156e+01,-4.231379032135009766e+00
-6.713562488555908203e+00,-8.088354110717773438e+00,1.714113998413085938e+01
9.798587799072265625e+00,-8.858798027038574219e+00,-9.201296806335449219e+00
1.769116401672363281e+01,-3.199200332164764404e-01,-4.567134857177734375e+00
-5.771869659423828125e+00,1.384739685058593750e+01,-1.471921730041503906e+01
2.309037685394287109e+00,6.123359680175781250e+00,-2.438042640686035156e+00
3.613673895597457886e-02,1.757506942749023438e+01,1.274976253509521484e+01
5.528996467590332031e+00,-5.349875926971435547e+00,-1.699321937561035156e+01
-1.358388900756835938e+00,-6.067023754119873047e+00,-9.086477279663085938e+00
6.278007984161376953e+00,4.665007114410400391e+00,6.327801704406738281e+00
6.143794059753417969e+00,5.914205074310302734e+00,5.400068283081054688e+00
-6.015566825866699219e+00,1.400045585632324219e+01,-1.473680210113525391e+01
-4.211328983306884766e+00,2.039321899414062500e+00,-9.980255126953125000e+00
-5.526861548423767090e-01,1.091567325592041016e+01,1.780037117004394531e+01
1.132211565971374512e+00,-1.187489509582519531e+01,9.435768127441406250e-01
1.107798957824707031e+01,-3.995264053344726562e+00,-5.454404354095458984e+00
2.770622730255126953e+00,-9.154715538024902344e+00,-1.537301731109619141e+01
1.666907310485839844e+00,2.318096923828125000e+01,-6.918496608734130859e+00
-1.167537689208984375e+01,5.499856948852539062e+00,1.471705436706542969e+01
4.313938617706298828e+00,6.459171772003173828e+00,-1.778038024902343750e+01
-4.405154228210449219e+00,-1.004909515380859375e+00,6.254660129547119141e+00
1.409880542755126953e+01,-2.176560640335083008e+00,1.472323513031005859e+01
-3.263115644454956055e+00,1.971252059936523438e+01,2.099237442016601562e+00
6.742969036102294922e+00,-7.228584766387939453e+00,-6.930764764547348022e-02
-1.092998832464218140e-01,1.729269218444824219e+01,1.241824436187744141e+01
1.533696365356445312e+01,1.281512928009033203e+01,-4.875789642333984375e+00
-1.036039161682128906e+01,-8.525344848632812500e+00,-7.962948322296142578e+00
-8.401252746582031250e+00,1.033913707733154297e+01,7.127940177917480469e+00
6.585185050964355469e+00,4.816142082214355469e+00,5.140704631805419922e+00
-2.478796243667602539e+00,-9.512415528297424316e-02,1.412734794616699219e+01
7.147044181823730469e+00,9.005474090576171875e+00,-7.633386850357055664e-01
-9.434938430786132812e-01,3.600656092166900635e-01,3.194080591201782227e+00
1.076315593719482422e+01,4.752596378326416016e+00,1.830760574340820312e+01
-1.180488491058349609e+01,1.059866714477539062e+01,-8.060425758361816406e+00
2.779933214187622070e+00,-9.144670486450195312e+00,-1.536379623413085938e+01
5.283193588256835938e+00,-6.169649600982666016e+00,1.466231155395507812e+01
-5.231301307678222656e+00,5.454461097717285156e+00,-1.835782432556152344e+01
-1.181669044494628906e+01,1.061025619506835938e+01,-8.058665275573730469e+00
4.518384933471679688e+00,3.099543333053588867e+00,-1.245126366615295410e+00
2.780121803283691406e+00,-9.144687652587890625e+00,-1.536360073089599609e+01
-1.071731376647949219e+01,-5.535803794860839844e+00,1.091823387145996094e+01
-7.419698834419250488e-01,6.050148010253906250e+00,1.263482421636581421e-01
6.540498256683349609e+00,8.696162700653076172e-01,-1.702859878540039062e+01
2.385482311248779297e+00,4.862319946289062500e+00,1.534591913223266602e+00
1.540924739837646484e+01,1.287295913696289062e+01,-4.801914215087890625e+00
1.368119430541992188e+01,1.870646858215332031e+01,7.309945583343505859e+00
-1.630210876464843750e+01,-4.481065273284912109e+00,-2.459781408309936523e+00
-4.210174560546875000e+00,1.988642215728759766e+00,-1.003087234497070312e+01
-1.181019306182861328e+01,-1.164657783508300781e+01,5.577601909637451172e+00
4.266142368316650391e+00,6.381795406341552734e+00,-1.776663970947265625e+01
-1.338823318481445312e+01,4.396831035614013672e+00,1.963172316551208496e+00
4.299001216888427734e+00,5.390716552734375000e+00,-4.125129222869873047e+00
6.861346721649169922e+00,4.644169807434082031e+00,4.699554920196533203e+00
2.065112495422363281e+01,1.269340157508850098e+00,3.853582620620727539e+00
1.593516469001770020e+00,7.574867725372314453e+00,4.541396141052246094e+00
-9.902336120605468750e+00,1.396627616882324219e+01,2.359925270080566406e+00
6.503408908843994141e+00,2.920691728591918945e+00,9.102285385131835938e+00
1.597247242927551270e+00,7.569113254547119141e+00,4.527945518493652344e+00
-6.102990627288818359e+00,1.396262550354003906e+01,-1.450398921966552734e+01
8.579232215881347656e+00,1.775942420959472656e+01,-2.927556037902832031e+00
-8.538821220397949219e+00,5.590131282806396484e+00,-3.175906658172607422e+00
9.123113632202148438e+00,8.110785484313964844e+00,-1.085866546630859375e+01
9.743442535400390625e+00,-3.562930107116699219e+00,8.011611938476562500e+00
1.458116531372070312e+00,2.339088439941406250e+01,-6.966784477233886719e+00
-1.157258510589599609e+01,5.396958351135253906e+00,1.461418533325195312e+01
-1.111410713195800781e+01,-8.574466407299041748e-02,-4.730853557586669922e+00
1.984046697616577148e+00,7.096746921539306641e+00,3.678745269775390625e+00
2.280636310577392578e+00,4.763468265533447266e+00,1.471997261047363281e+00
-9.729784965515136719e+00,1.379241561889648438e+01,2.382537603378295898e+00
-4.294952392578125000e+00,-1.300782012939453125e+01,-1.407103776931762695e+00
-6.748385429382324219e+00,1.930499076843261719e+01,-5.236575603485107422e+00
-1.239875411987304688e+01,-2.445973634719848633e+00,4.222084999084472656e+00
1.201669931411743164e+00,-1.180542182922363281e+01,8.903745412826538086e-01
1.494869232177734375e+00,2.338067817687988281e+01,-7.100412845611572266e+00
2.511695861816406250e+00,1.803499031066894531e+01,1.219976782798767090e+00
-2.042244911193847656e+00,6.325654029846191406e+00,-4.283742427825927734e+00
2.494808197021484375e+00,1.806608009338378906e+01,1.185111045837402344e+00
-9.578967094421386719e+00,-3.395048141479492188e+00,-1.159533214569091797e+01
-4.233825206756591797e+00,2.011934041976928711e+00,-1.000753974914550781e+01
1.008046340942382812e+01,-1.117098903656005859e+01,1.001366710662841797e+01
1.512564182281494141e+01,1.017392873764038086e+00,7.830871582031250000e+00
3.221385478973388672e+00,-3.078439474105834961e+00,-8.954215049743652344e+00
-1.035609340667724609e+01,-8.520830154418945312e+00,-7.965808868408203125e+00
1.379081153869628906e+01,1.861822891235351562e+01,7.754990577697753906e+00
2.102888298034667969e+01,8.108462333679199219e+00,8.880280494689941406e+00
4.836121082305908203e+00,1.583388423919677734e+01,7.133163928985595703e+00
5.892840862274169922e+00,1.120932483673095703e+01,3.497706353664398193e-02
-2.828556537628173828e+00,-1.277298831939697266e+01,-9.007247924804687500e+00
1.491280364990234375e+01,-8.466573715209960938e+00,-5.854453563690185547e+00
-1.314638853073120117e-01,-5.879375457763671875e+00,1.008866906166076660e+00
8.586596488952636719e+00,1.774480247497558594e+01,-4.196786403656005859e+00
-7.094349384307861328e+00,4.300909996032714844e+00,6.323287010192871094e+00
-1.871455574035644531e+01,2.104258775711059570e+00,-1.276839375495910645e+00
-2.780205011367797852e+00,-1.282153987884521484e+01,-9.028724670410156250e+00
1.494907283782958984e+01,-8.337837219238281250e+00,-5.814023494720458984e+00
-6.351754665374755859e+00,-6.854485988616943359e+00,2.890730857849121094e+00
-6.102522611618041992e-01,1.085492420196533203e+01,1.770752143859863281e+01
-1.152409836649894714e-01,-1.285959529876708984e+01,1.381679725646972656e+01
-1.635191726684570312e+01,7.213664531707763672e+00,8.038073539733886719e+00
-6.313420772552490234e+00,-6.897581577301025391e+00,2.848073482513427734e+00
2.106558990478515625e+01,8.071720123291015625e+00,8.824934959411621094e+00
-1.073858547210693359e+01,-5.556739807128906250e+00,1.089676761627197266e+01
9.093219757080078125e+00,8.079958915710449219e+00,-1.083520507812500000e+01
6.940237283706665039e-01,4.868971824645996094e+00,-8.980450034141540527e-02
-1.181915950775146484e+01,-1.163601970672607422e+01,5.581427574157714844e+00
-5.904721736907958984e+00,1.425669956207275391e+01,-1.466493606567382812e+01
2.094600296020507812e+01,1.078343486785888672e+01,2.554144382476806641e+00
1.565515899658203125e+01,1.315592288970947266e+01,-4.672531604766845703e+00
4.500204086303710938e+00,6.602131843566894531e+00,-1.798203277587890625e+01
1.018215465545654297e+01,-1.366299819946289062e+01,-4.195205688476562500e+00
-5.694618821144104004e-01,1.080042171478271484e+01,1.746118354797363281e+01
-6.196405291557312012e-01,9.184418678283691406e+00,4.097715854644775391e+00
3.893328905105590820e+00,5.788830280303955078e+00,-1.774923443794250488e+00
-1.178492069244384766e+01,1.057813262939453125e+01,-8.081299781799316406e+00
-1.239958000183105469e+01,-2.445352077484130859e+00,4.221366405487060547e+00
-6.757447719573974609e+00,1.927338600158691406e+01,-5.229467868804931641e+00
-4.201525211334228516e+00,2.046789884567260742e+00,-9.973310470581054688e+00
4.063707351684570312e+00,1.419079494476318359e+01,1.338441014289855957e+00
5.816335201263427734e+00,1.127991008758544922e+01,1.210485994815826416e-01
-4.553844034671783447e-01,1.095124721527099609e+01,1.754980278015136719e+01
-1.118157005310058594e+01,-9.558448195457458496e-02,-4.670273780822753906e+00
-2.825682640075683594e+00,-1.277699089050292969e+01,-8.998314857482910156e+00
-5.954692840576171875e+00,1.401241874694824219e+01,-1.431735038757324219e+01
-4.256723880767822266e+00,-1.297248840332031250e+01,-1.442320227622985840e+00
1.406034278869628906e+01,1.851632118225097656e+01,7.544644355773925781e+00
8.501042366027832031e+00,1.784915733337402344e+01,-2.845794439315795898e+00
9.088694572448730469e+00,8.869604110717773438e+00,2.681861400604248047e+00
2.183861732482910156e+00,7.540072441101074219e+00,-1.303213000297546387e+00
2.367429018020629883e+00,3.820166349411010742e+00,-4.382275104522705078e+00
2.338985539972782135e-02,1.713468742370605469e+01,1.229346656799316406e+01
-1.239737701416015625e+01,-2.442026138305664062e+00,4.224661827087402344e+00
1.603981375694274902e+00,7.564944267272949219e+00,4.530571460723876953e+00
1.531060981750488281e+01,1.306583976745605469e+01,-5.035100460052490234e+00
1.382639884948730469e+01,1.856460571289062500e+01,7.680430412292480469e+00
1.640602111816406250e+01,-6.586552143096923828e+00,1.172585964202880859e+01
2.752804994583129883e+00,-9.172353744506835938e+00,-1.539088344573974609e+01
-2.682758092880249023e+00,2.644416689872741699e-02,1.387796974182128906e+01
1.422813701629638672e+01,1.882382392883300781e+01,7.816633224487304688e+00
1.350964736938476562e+01,1.824767494201660156e+01,8.009240150451660156e+00
-2.726527690887451172e+00,-9.572979062795639038e-02,1.460997390747070312e+01
-9.492650985717773438e+00,1.367031860351562500e+01,2.678650856018066406e+00
-1.809349775314331055e+00,5.647610664367675781e+00,-3.402971267700195312e+00
9.816936492919921875e+00,-8.840264320373535156e+00,-9.182991027832031250e+00
-5.856092929840087891e+00,1.416880607604980469e+01,-1.484516811370849609e+01
-2.691443681716918945e+00,3.708368912339210510e-02,1.383570480346679688e+01
1.212187862396240234e+01,-6.340500831604003906e+00,1.215183138847351074e+00
4.409421920776367188e+00,6.524439811706542969e+00,-1.788281059265136719e+01
-7.211427688598632812e-01,9.364581108093261719e+00,4.019053459167480469e+00
1.894672584533691406e+01,5.715769767761230469e+00,-2.513227939605712891e+00
5.883085727691650391e+00,9.862037658691406250e+00,-5.618764400482177734e+00
-1.636635017395019531e+01,7.200563430786132812e+00,8.052564620971679688e+00
1.198514223098754883e+00,-1.180804252624511719e+01,9.273401498794555664e-01
8.138713836669921875e+00,-1.527485400438308716e-01,1.635472297668457031e+01
5.296043395996093750e+00,-6.172630310058593750e+00,1.468896484375000000e+01
4.853621006011962891e+00,1.581620121002197266e+01,7.151856899261474609e+00
-7.028364658355712891e+00,8.338243484497070312e+00,1.192090034484863281e+01
1.962378692626953125e+01,2.605270385742187500e+00,-1.448196125030517578e+01
-6.752259731292724609e+00,1.926922416687011719e+01,-5.214455127716064453e+00
-1.343786144256591797e+01,4.445049285888671875e+00,2.012159347534179688e+00
-9.982935905456542969e+00,1.402013587951660156e+01,2.305173158645629883e+00
6.517838478088378906e+00,2.906574249267578125e+00,9.115494728088378906e+00
8.128134727478027344e+00,-1.447269767522811890e-01,1.636650848388671875e+01
4.033677101135253906e+00,-5.372453689575195312e+00,7.335029602050781250e+00
1.774489021301269531e+01,-3.715937137603759766e-01,-4.619956016540527344e+00
3.923354387283325195e+00,5.882934093475341797e+00,-1.792904615402221680e+00
2.282893180847167969e+00,4.765138149261474609e+00,1.472839713096618652e+00
-3.744728565216064453e-01,1.718701744079589844e+01,1.243124961853027344e+01
2.381416797637939453e+00,4.857372760772705078e+00,1.532318234443664551e+00
1.047713375091552734e+01,9.475500106811523438e+00,1.173646640777587891e+01
1.156487226486206055e+00,-1.185009288787841797e+01,8.864579796791076660e-01
1.895473670959472656e+01,5.721670150756835938e+00,-2.521247863769531250e+00
-1.565570235252380371e-01,1.751522445678710938e+01,1.251143074035644531e+01
-1.176779079437255859e+01,1.063295459747314453e+01,-8.099052429199218750e+00
-9.709551811218261719e+00,1.383582305908203125e+01,2.498401880264282227e+00
3.396624088287353516e+00,5.931046962738037109e+00,-1.284837841987609863e+00
-1.688524055480957031e+01,1.086349201202392578e+01,-2.905700683593750000e+00
-9.737457275390625000e+00,1.403778362274169922e+01,2.576698303222656250e+00
1.533047485351562500e+01,1.279453754425048828e+01,-4.870532512664794922e+00
-6.753071784973144531e+00,1.926715850830078125e+01,-5.219058513641357422e+00
1.513520956039428711e+00,2.992091178894042969e+00,1.288128972053527832e+00
1.113529443740844727e+00,6.362692832946777344e+00,2.412813663482666016e+00
-9.777410030364990234e-01,3.250020146369934082e-01,3.230112314224243164e+00
1.640723419189453125e+01,-6.587764739990234375e+00,1.172467803955078125e+01
-7.834119200706481934e-01,1.065458011627197266e+01,1.762897491455078125e+01
1.772299575805664062e+01,-3.517504036426544189e-01,-4.598925113677978516e+00
-1.685864639282226562e+01,1.089166355133056641e+01,-2.879429817199707031e+00
-6.678881645202636719e+00,1.927873420715332031e+01,-5.226060867309570312e+00
-2.340456008911132812e+00,-2.188490629196166992e+00,-1.805771064758300781e+01
-6.063441753387451172e+00,1.404814529418945312e+01,-1.480346679687500000e+01
4.404960155487060547e+00,6.527411460876464844e+00,-1.785169219970703125e+01
3.979716062545776367e+00,-1.230296993255615234e+01,-9.650154113769531250e+00
-8.652993202209472656e+00,-7.091946601867675781e+00,-1.188187360763549805e+00
-1.037601280212402344e+01,-8.540895462036132812e+00,-7.945160388946533203e+00
1.644754409790039062e+00,2.320687294006347656e+01,-6.942854881286621094e+00
-5.196268081665039062e+00,1.101992702484130859e+01,-5.151737213134765625e+00
-5.854232311248779297e+00,1.419640254974365234e+01,-1.488759613037109375e+01
2.210465049743652344e+01,9.149783134460449219e+00,-7.135302066802978516e+00
8.428198814392089844e+00,-1.447384071350097656e+01,1.895629882812500000e+00
-5.190872192382812500e+00,-4.415922641754150391e+00,-1.421780490875244141e+01
4.522588253021240234e+00,6.634370803833007812e+00,-1.796640014648437500e+01
-6.072483062744140625e+00,1.406721115112304688e+01,-1.491915702819824219e+01
1.899080657958984375e+01,3.703372240066528320e+00,1.294859409332275391e+01
1.431285095214843750e+01,1.885398864746093750e+01,7.858644485473632812e+00
-9.809625744819641113e-01,1.273018717765808105e+00,2.252817344665527344e+01
1.209925556182861328e+01,1.705839729309082031e+01,8.808727860450744629e-01
1.891805648803710938e+01,3.629884481430053711e+00,1.287564086914062500e+01
1.775326538085937500e+01,-3.818404972553253174e-01,-4.629106044769287109e+00
-1.182809638977050781e+01,-1.162713813781738281e+01,5.562047004699707031e+00
8.601751327514648438e+00,1.777730560302734375e+01,-4.164683341979980469e+00
3.989382266998291016e+00,-1.229649353027343750e+01,-9.656412124633789062e+00
-2.283548563718795776e-02,1.733362770080566406e+01,1.224716377258300781e+01
-6.669990539550781250e+00,1.919612693786621094e+01,-5.122740745544433594e+00
1.139903426170349121e+00,6.302935600280761719e+00,2.439884901046752930e+00
-2.638780474662780762e-01,1.754846191406250000e+01,1.220871925354003906e+01
-1.158784389495849609e+01,5.412271499633789062e+00,1.462952899932861328e+01
2.601210355758666992e+00,4.464581489562988281e+00,-4.247166633605957031e+00
-3.281309127807617188e+00,1.969239997863769531e+01,2.118996620178222656e+00
-7.872923463582992554e-02,1.724375152587890625e+01,1.229350662231445312e+01
-5.772367477416992188e+00,1.383454227447509766e+01,-1.473081588745117188e+01
7.125545024871826172e+00,8.998022079467773438e+00,-7.828821539878845215e-01
5.557324409484863281e+00,-5.320558071136474609e+00,-1.693030738830566406e+01
5.631525993347167969e+00,4.689026176929473877e-01,-1.445119976997375488e+00
1.360795116424560547e+01,1.833363914489746094e+01,7.956897735595703125e+00
-6.716405868530273438e+00,1.927898025512695312e+01,-5.237330913543701172e+00
7.411407828330993652e-01,1.242536067962646484e+01,-2.385330200195312500e+00
-4.386168003082275391e+00,-9.877696037292480469e-01,6.274305343627929688e+00
1.550222873687744141e+01,1.299721050262451172e+01,-4.683554172515869141e+00
-8.545011520385742188e+00,5.585338592529296875e+00,-3.182041406631469727e+00
-8.522558212280273438e+00,5.607387542724609375e+00,-3.159451246261596680e+00
6.277416229248046875e+00,4.665238857269287109e+00,6.327943801879882812e+00
-4.289695262908935547e+00,-1.300468921661376953e+01,-1.411254167556762695e+00
1.031953525543212891e+01,9.311155319213867188e+00,1.189136886596679688e+01
4.850302219390869141e+00,1.582545948028564453e+01,7.148571491241455078e+00
1.389862918853759766e+01,1.860832595825195312e+01,7.773508548736572266e+00
1.393329429626464844e+01,1.863562393188476562e+01,7.793081760406494141e+00
1.369236755371093750e+01,1.866138076782226562e+01,7.364204883575439453e+00
-1.153140962123870850e-01,-5.863134384155273438e+00,9.926468729972839355e-01
5.815720081329345703e+00,1.128005790710449219e+01,1.212456896901130676e-01
1.399734020233154297e+01,4.602550029754638672e+00,-1.284686374664306641e+01
7.597610950469970703e+00,9.681589126586914062e+00,-2.754353523254394531e+00
1.382484626770019531e+01,1.855729866027832031e+01,7.772759914398193359e+00
6.352362632751464844e+00,1.118675899505615234e+01,-6.893826484680175781e+00
6.346028804779052734e+00,1.119375991821289062e+01,-6.901778697967529297e+00
2.804116725921630859e+00,6.355562686920166016e+00,2.696571588516235352e+00
3.413025617599487305e+00,4.566983699798583984e+00,-8.825098872184753418e-01
-6.665328979492187500e+00,1.919931030273437500e+01,-5.147110462188720703e+00
-8.390978813171386719e+00,1.032879829406738281e+01,7.119154930114746094e+00
1.597389101982116699e+00,2.327123260498046875e+01,-7.101158142089843750e+00
1.562953591346740723e+00,2.328084945678710938e+01,-6.956283569335937500e+00
1.012456989288330078e+01,-1.372053718566894531e+01,-4.252910614013671875e+00
1.556405735015869141e+01,1.306040287017822266e+01,-4.714389801025390625e+00
8.385959625244140625e+00,-1.852354764938354492e+00,1.460058212280273438e+00
-1.523738765716552734e+01,4.109039306640625000e+00,-7.669236183166503906e+00
-6.715760231018066406e+00,1.923029518127441406e+01,-5.159306526184082031e+00
1.417516827583312988e+00,2.338154602050781250e+01,-6.890083789825439453e+00
4.273643493652343750e+00,6.685686111450195312e+00,-1.764796829223632812e+01
1.564483261108398438e+01,1.314215564727783203e+01,-4.798833370208740234e+00
-6.758092403411865234e+00,1.926540374755859375e+01,-5.218607425689697266e+00
1.529992341995239258e+00,2.332461166381835938e+01,-7.015304088592529297e+00
-6.783914089202880859e+00,1.930706024169921875e+01,-5.261483669281005859e+00
6.538340568542480469e+00,4.834616661071777344e+00,5.402680873870849609e+00
1.046374797821044922e+01,9.459470748901367188e+00,1.174561023712158203e+01
2.106258773803710938e+01,8.074534416198730469e+00,8.845049858093261719e+00
1.896137237548828125e+01,3.656605005264282227e+00,1.293999481201171875e+01
1.965560722351074219e+01,2.573324441909790039e+00,-1.444969749450683594e+01
2.894118547439575195e+00,-1.004320621490478516e+00,3.305485010147094727e+00
-9.540307044982910156e+00,-3.438926458358764648e+00,-1.162984275817871094e+01
4.432733058929443359e+00,-1.510878276824951172e+01,7.978885650634765625e+00
1.034042644500732422e+01,9.351098060607910156e+00,1.187024784088134766e+01
-1.182251930236816406e+01,-1.165468788146972656e+01,5.567915439605712891e+00
-7.325420528650283813e-02,1.753696441650390625e+01,1.261150169372558594e+01
-1.368332743644714355e+00,-6.076899528503417969e+00,-9.088310241699218750e+00
-5.207576751708984375e+00,5.431385993957519531e+00,-1.838079452514648438e+01
2.185291862487792969e+01,-3.995393514633178711e+00,-1.147544145584106445e+00
-6.712918281555175781e+00,-8.089183807373046875e+00,1.714174461364746094e+01
6.753184795379638672e+00,5.125862121582031250e+00,4.995734691619873047e+00
6.574664115905761719e+00,4.715880393981933594e+00,5.599484920501708984e+00
-1.115194606781005859e+01,-1.231194213032722473e-01,-4.692613124847412109e+00
1.965534973144531250e+01,2.572883129119873047e+00,-1.444998455047607422e+01
1.398815250396728516e+01,1.866818618774414062e+01,7.629963397979736328e+00
4.173624515533447266e+00,6.289154529571533203e+00,-1.769870758056640625e+01
1.525452518463134766e+01,-1.161630535125732422e+01,5.994864463806152344e+00
-1.201967430114746094e+01,5.021511316299438477e-01,1.043687915802001953e+01
-8.620665550231933594e+00,-7.059548377990722656e+00,-1.155943870544433594e+00
-1.155150794982910156e+01,5.375897407531738281e+00,1.459309196472167969e+01
-2.987064421176910400e-01,5.170981884002685547e+00,1.382686018943786621e+00
4.377178192138671875e+00,6.516339302062988281e+00,-1.779416465759277344e+01
1.407139682769775391e+01,-2.149142980575561523e+00,1.469585037231445312e+01
1.897388076782226562e+01,5.686302185058593750e+00,-2.539528608322143555e+00
2.496747255325317383e+00,1.805022811889648438e+01,1.206564784049987793e+00
2.174460220336914062e+01,-4.031310081481933594e+00,-1.038871169090270996e+00
2.095316505432128906e+01,1.077867603302001953e+01,2.548707008361816406e+00
-2.187278032302856445e+00,4.193346947431564331e-02,1.424232864379882812e+01
-1.155692195892333984e+01,5.381345748901367188e+00,1.459855365753173828e+01
6.758112430572509766e+00,-7.213516712188720703e+00,-8.447537571191787720e-02
-2.211384057998657227e+00,4.407810047268867493e-02,1.423472881317138672e+01
-1.588708281517028809e+00,8.470826148986816406e+00,-3.247200965881347656e+00
5.631088256835937500e+00,4.702504575252532959e-01,-1.444659113883972168e+00
5.171262264251708984e+00,1.125705051422119141e+01,-1.509968996047973633e+00
5.832958221435546875e+00,2.109030634164810181e-01,-1.614141941070556641e+00
1.385697078704833984e+01,1.864800453186035156e+01,7.644227027893066406e+00
2.694916963577270508e+00,5.650526046752929688e+00,1.984539222717285156e+01
1.770263671875000000e+01,-3.312347531318664551e-01,-4.578545093536376953e+00
-3.304483175277709961e+00,1.966770553588867188e+01,2.142843961715698242e+00
8.591647148132324219e+00,1.835009384155273438e+01,-3.176755666732788086e+00
1.393628025054931641e+01,1.862650680541992188e+01,7.795610427856445312e+00
1.170279264450073242e+00,-1.181919956207275391e+01,9.161244630813598633e-01
1.386527156829833984e+01,-4.496282577514648438e+00,-1.458554840087890625e+01
1.365541362762451172e+01,1.837479782104492188e+01,7.950259685516357422e+00
1.558040046691894531e+01,1.306705474853515625e+01,-4.692118167877197266e+00
7.123593807220458984e+00,8.994731903076171875e+00,-7.861657738685607910e-01
-3.322022676467895508e+00,1.965350914001464844e+01,2.158113956451416016e+00
9.783288955688476562e+00,-3.522042512893676758e+00,8.051503181457519531e+00
3.877385854721069336e+00,5.110494613647460938e+00,-2.049707651138305664e+00
-1.583222746849060059e-01,-1.282628631591796875e+01,1.384175300598144531e+01
8.162559509277343750e+00,-1.803977638483047485e-01,1.638502693176269531e+01
-1.368468642234802246e+00,-6.077054023742675781e+00,-9.088446617126464844e+00
8.708120346069335938e+00,1.891780471801757812e+01,-3.276502847671508789e+00
-6.732429504394531250e+00,-8.070497512817382812e+00,1.712224006652832031e+01
-1.338832569122314453e+01,4.393085956573486328e+00,1.968378663063049316e+00
1.528175544738769531e+01,-1.164449596405029297e+01,5.968060970306396484e+00
-2.735732555389404297e+00,-7.768556118011474609e+00,9.402132034301757812e+00
-1.077074623107910156e+01,-5.497806072235107422e+00,1.083573532104492188e+01
2.107281303405761719e+01,8.064456939697265625e+00,8.834614753723144531e+00
5.833012580871582031e+00,2.108312994241714478e-01,-1.614205360412597656e+00
6.503672599792480469e+00,2.925075292587280273e+00,9.105721473693847656e+00
3.405904293060302734e+00,5.935761928558349609e+00,-1.251922011375427246e+00
6.730494499206542969e+00,-7.240553379058837891e+00,-5.584839358925819397e-02
-1.469119340181350708e-01,-1.283751201629638672e+01,1.383036804199218750e+01
-8.562389373779296875e+00,5.573581695556640625e+00,-3.199940681457519531e+00
-5.199739456176757812e+00,1.101262092590332031e+01,-5.187242507934570312e+00
1.397393798828125000e+01,1.864493370056152344e+01,7.634344577789306641e+00
-5.844589233398437500e+00,1.425228214263916016e+01,-1.494500255584716797e+01
3.220681190490722656e+00,-3.078990459442138672e+00,-8.954786300659179688e+00
-6.750119209289550781e+00,1.926002693176269531e+01,-5.203749179840087891e+00
-6.101338863372802734e+00,1.392612648010253906e+01,-1.449783515930175781e+01
-1.625022125244140625e+01,-4.428079128265380859e+00,-2.407845020294189453e+00
9.051629066467285156e+00,8.282752037048339844e+00,-1.057122039794921875e+01
1.103065586090087891e+01,-4.038616657257080078e+00,-5.400005340576171875e+00
-1.040591144561767578e+01,-8.570515632629394531e+00,-7.913331985473632812e+00
2.600583791732788086e+00,4.466434955596923828e+00,-4.246125698089599609e+00
-9.604129791259765625e+00,1.377476119995117188e+01,2.597801685333251953e+00
-9.810795783996582031e+00,1.389909934997558594e+01,2.402274131774902344e+00
1.644655990600585938e+01,-6.626898765563964844e+00,1.168537712097167969e+01
-9.628086090087890625e+00,-3.354754447937011719e+00,-1.154395103454589844e+01
3.928489983081817627e-01,-7.900771617889404297e+00,-4.511743068695068359e+00
-2.354203939437866211e+00,-2.202297449111938477e+00,-1.804552459716796875e+01
1.964965248107910156e+01,2.581910133361816406e+00,-1.444704055786132812e+01
1.484533405303955078e+01,-8.443999290466308594e+00,-5.920032501220703125e+00
1.489397621154785156e+01,-8.393547058105468750e+00,-5.870037078857421875e+00
4.095659255981445312e+00,3.139716088771820068e-01,2.465792417526245117e+00
1.104146575927734375e+01,-4.024934291839599609e+00,-5.410837650299072266e+00
-1.338141632080078125e+01,4.411243915557861328e+00,1.956426858901977539e+00
-7.058955669403076172e+00,8.368870735168457031e+00,1.189064502716064453e+01
3.235572576522827148e+00,-3.093631505966186523e+00,-8.959002494812011719e+00
4.224239826202392578e+00,6.333668708801269531e+00,-1.773493003845214844e+01
4.018001556396484375e+00,-5.388546943664550781e+00,7.319701194763183594e+00
-9.582164764404296875e+00,-3.363858699798583984e+00,-1.159192085266113281e+01
-6.353473663330078125e+00,-6.853114128112792969e+00,2.892208337783813477e+00
-1.115148067474365234e+01,-1.235187798738479614e-01,-4.692889213562011719e+00
1.554370117187500000e+01,6.246559143066406250e+00,6.111272335052490234e+00
2.183642864227294922e+00,7.540419578552246094e+00,-1.303920149803161621e+00
5.816395282745361328e+00,1.127989673614501953e+01,1.210296675562858582e-01
-5.229614734649658203e+00,5.453121185302734375e+00,-1.835907554626464844e+01
-5.813403129577636719e+00,1.424510669708251953e+01,-1.454348087310791016e+01
1.872773742675781250e+01,-7.016438961029052734e+00,4.715958118438720703e+00
9.803400039672851562e+00,-8.849273681640625000e+00,-9.198586463928222656e+00
1.516549968719482422e+01,9.736998677253723145e-01,7.789926052093505859e+00
-1.339040660858154297e+01,4.401391506195068359e+00,1.965895891189575195e+00
1.108751010894775391e+01,-3.984329223632812500e+00,-5.461079597473144531e+00
1.484467506408691406e+01,-8.441617965698242188e+00,-5.918931961059570312e+00
-1.687777137756347656e+01,1.087107467651367188e+01,-2.898274183273315430e+00
-4.339553356170654297e+00,-1.289943027496337891e+01,6.316585540771484375e+00
1.181020855903625488e+00,-1.182500648498535156e+01,9.114745259284973145e-01
-9.839039295911788940e-02,-5.846006393432617188e+00,9.756672382354736328e-01
-4.254619121551513672e+00,2.034647464752197266e+00,-9.985969543457031250e+00
2.209884262084960938e+01,9.144251823425292969e+00,-7.140908241271972656e+00
-9.712651252746582031e+00,1.383751487731933594e+01,2.485131263732910156e+00
8.460959434509277344e+00,1.783015441894531250e+01,-2.949408531188964844e+00
-4.021812081336975098e-01,1.712768363952636719e+01,1.238661193847656250e+01
1.320031046867370605e+00,2.354474830627441406e+01,-7.056488990783691406e+00
1.559422492980957031e+01,1.304053401947021484e+01,-4.643648624420166016e+00
1.549792957305908203e+01,1.299551677703857422e+01,-4.682305335998535156e+00
-5.103061199188232422e+00,3.153108835220336914e+00,1.506828546524047852e+00
-9.891011238098144531e+00,1.401009368896484375e+01,2.488739490509033203e+00
-9.504287719726562500e+00,1.366553115844726562e+01,2.645793437957763672e+00
1.221397495269775391e+01,-6.433343887329101562e+00,1.122475981712341309e+00
-3.271380186080932617e+00,1.970236396789550781e+01,2.109006166458129883e+00
8.379585266113281250e+00,-1.849338054656982422e+00,1.458223581314086914e+00
-7.085229873657226562e+00,4.311105728149414062e+00,6.306147575378417969e+00
9.036280632019042969e+00,8.115772247314453125e+00,-1.077462291717529297e+01
5.407345771789550781e+00,6.257676601409912109e+00,-2.223936080932617188e+00
6.766705036163330078e+00,-7.204724311828613281e+00,-9.321174770593643188e-02
-9.758920669555664062e+00,1.374397945404052734e+01,2.231128931045532227e+00
4.104896545410156250e+00,6.210296154022216797e+00,-1.764099311828613281e+01
-1.287051081657409668e+00,4.089233875274658203e+00,-2.826286315917968750e+00
1.323288798332214355e+00,2.354617500305175781e+01,-7.067445755004882812e+00
-1.175009155273437500e+01,1.055106544494628906e+01,-8.125607490539550781e+00
-2.227541685104370117e+00,6.287500381469726562e+00,-1.785127878189086914e+00
-5.866694927215576172e+00,1.424400997161865234e+01,-1.494647598266601562e+01
-1.201970100402832031e+01,5.020329952239990234e-01,1.043684482574462891e+01
1.212254810333251953e+01,1.703522682189941406e+01,9.041666984558105469e-01
5.492604732513427734e+00,1.895061731338500977e+00,-4.313509941101074219e+00
-1.057698950171470642e-01,-1.287852287292480469e+01,1.378929138183593750e+01
7.584304332733154297e+00,9.684497833251953125e+00,-2.757168531417846680e+00
1.529140663146972656e+01,-1.165329742431640625e+01,5.958091259002685547e+00
2.694822072982788086e+00,5.650550842285156250e+00,1.984534835815429688e+01
8.537647247314453125e+00,1.779735755920410156e+01,-2.880264997482299805e+00
1.371206188201904297e+01,4.472108840942382812e+00,-1.276431655883789062e+01
-7.611609697341918945e-01,1.067285919189453125e+01,1.762246131896972656e+01
1.531351184844970703e+01,-1.167897415161132812e+01,5.932155132293701172e+00
-1.383975267410278320e+00,-6.093221187591552734e+00,-9.103748321533203125e+00
4.105348587036132812e+00,3.425627052783966064e-01,2.449859380722045898e+00
2.106440544128417969e+01,8.072833061218261719e+00,8.843131065368652344e+00
1.427433776855468750e+01,1.883675193786621094e+01,7.844454288482666016e+00
7.593272686004638672e+00,9.679549217224121094e+00,-2.752197504043579102e+00
2.514224290847778320e+00,1.802934646606445312e+01,1.221871852874755859e+00
-2.653955936431884766e+00,5.742119625210762024e-02,1.388706779479980469e+01
1.393599128723144531e+01,4.575221538543701172e+00,-1.277809047698974609e+01
1.365295124053955078e+01,4.372785091400146484e+00,-1.258419609069824219e+01
-1.113845729827880859e+01,-1.128123924136161804e-01,-4.704724311828613281e+00
1.392684936523437500e+01,1.865937614440917969e+01,7.781110763549804688e+00
4.518366813659667969e+00,3.099943876266479492e+00,-1.245126008987426758e+00
1.531099319458007812e+01,1.309782600402832031e+01,-5.045077800750732422e+00
-7.585982680320739746e-01,9.332141876220703125e+00,3.980432033538818359e+00
-6.958155155181884766e+00,1.910563278198242188e+01,-5.031837463378906250e+00
-8.563579559326171875e+00,5.584776401519775391e+00,-3.200590372085571289e+00
8.519329428672790527e-01,6.256490230560302734e+00,1.888568401336669922e+00
1.529214668273925781e+01,-1.165400218963623047e+01,5.957292079925537109e+00
1.429659652709960938e+01,1.887631034851074219e+01,7.908549308776855469e+00
-1.522427558898925781e+01,4.096343517303466797e+00,-7.681972980499267578e+00
-1.689432334899902344e+01,1.088045597076416016e+01,-2.914946556091308594e+00
5.833036422729492188e+00,2.101467549800872803e-01,-1.614529609680175781e+00
-1.337242507934570312e+01,4.383024215698242188e+00,1.984432935714721680e+00
-8.330339431762695312e+00,1.026822376251220703e+01,7.058111190795898438e+00
8.578543663024902344e+00,1.775500106811523438e+01,-4.188467979431152344e+00
9.748593330383300781e+00,-3.563666343688964844e+00,8.017797470092773438e+00
8.385775566101074219e+00,-1.852390408515930176e+00,1.460089802742004395e+00
-1.872717094421386719e+01,2.102320432662963867e+00,-1.272997140884399414e+00
-1.646762937307357788e-01,8.180254936218261719e+00,3.329077482223510742e+00
-7.083003044128417969e+00,4.313136577606201172e+00,6.305841922760009766e+00
2.183659791946411133e+00,7.540356636047363281e+00,-1.304402828216552734e+00
-6.073639869689941406e+00,1.405221271514892578e+01,-1.487775516510009766e+01
1.573475074768066406e+01,1.323661994934082031e+01,-4.830832481384277344e+00
1.589818000793457031e+00,2.325609588623046875e+01,-6.964194774627685547e+00
-1.528022670745849609e+01,4.040679454803466797e+00,-7.626671791076660156e+00
-5.543127283453941345e-02,1.756704902648925781e+01,1.263367176055908203e+01
3.321044147014617920e-02,1.712067985534667969e+01,1.228310012817382812e+01
1.603884063661098480e-02,1.738434600830078125e+01,1.246549797058105469e+01
1.317048311233520508e+00,2.355516433715820312e+01,-7.084087848663330078e+00
2.349024057388305664e+00,6.019220829010009766e+00,-2.471739053726196289e+00
5.170885562896728516e+00,1.125750160217285156e+01,-1.510267496109008789e+00
1.011272144317626953e+01,-1.112581634521484375e+01,1.004321575164794922e+01
7.592373371124267578e+00,9.680397987365722656e+00,-2.752613782882690430e+00
4.893862724304199219e+00,1.578295326232910156e+01,7.191802024841308594e+00
4.306630611419677734e+00,5.402821540832519531e+00,-4.141366958618164062e+00
-2.235678911209106445e+00,6.296118736267089844e+00,-1.768296241760253906e+00
3.586802482604980469e+00,5.634350776672363281e+00,-5.014494433999061584e-02
-3.345580697059631348e-01,1.760379409790039062e+01,1.231983947753906250e+01
-8.504165649414062500e+00,5.625599861145019531e+00,-3.141715526580810547e+00
-8.448671698570251465e-01,9.294435501098632812e+00,3.884348630905151367e+00
-5.227724552154541016e+00,1.098794746398925781e+01,-5.186875343322753906e+00
1.516223430633544922e+01,9.807261824607849121e-01,7.793467998504638672e+00
2.063042449951171875e+01,1.235800027847290039e+00,3.820076227188110352e+00
-1.682536125183105469e+01,1.081338596343994141e+01,-2.846350193023681641e+00
-1.094186878204345703e+01,2.556875944137573242e+00,-1.591339778900146484e+01
1.603795647621154785e+00,7.564431190490722656e+00,4.529459476470947266e+00
-4.234611511230468750e+00,2.015520572662353516e+00,-1.000403690338134766e+01
-1.361993104219436646e-01,1.760910606384277344e+01,1.216067504882812500e+01
-4.412556588649749756e-01,1.715593910217285156e+01,1.240246391296386719e+01
1.485729980468750000e+01,-8.455305099487304688e+00,-5.905737876892089844e+00
4.377238273620605469e+00,-1.505992603302001953e+01,8.034107208251953125e+00
4.540432929992675781e+00,6.644594669342041016e+00,-1.798777198791503906e+01
-4.375840187072753906e+00,-1.288640403747558594e+01,6.280863761901855469e+00
8.482152938842773438e+00,1.785600662231445312e+01,-2.829168319702148438e+00
4.114136219024658203e+00,6.220585346221923828e+00,-1.776112365722656250e+01
-2.268454790115356445e+00,6.329108238220214844e+00,-1.735717773437500000e+00
-1.030989742279052734e+01,-8.474561691284179688e+00,-7.916968822479248047e+00
1.769888114929199219e+01,-3.271977603435516357e-01,-4.574549198150634766e+00
1.290895342826843262e+00,2.357146453857421875e+01,-7.071584224700927734e+00
5.831200122833251953e+00,1.126333236694335938e+01,1.051493063569068909e-01
2.779659748077392578e+00,-9.158935546875000000e+00,-1.536484622955322266e+01
1.358487033843994141e+01,1.832166862487792969e+01,7.992046356201171875e+00
1.389357948303222656e+01,-4.522604942321777344e+00,-1.456223297119140625e+01
1.382937622070312500e+01,1.850596809387207031e+01,7.779483318328857422e+00
1.016967868804931641e+01,-1.368488216400146484e+01,-4.207653999328613281e+00
-6.352027893066406250e+00,-6.854530334472656250e+00,2.890671014785766602e+00
-1.177129268646240234e+01,1.056468200683593750e+01,-8.036490440368652344e+00
-1.158757114410400391e+01,5.412005424499511719e+00,1.462927818298339844e+01
-1.366652965545654297e+00,-6.089283466339111328e+00,-9.099916458129882812e+00
-1.420668840408325195e+00,-6.131505489349365234e+00,-9.141944885253906250e+00
-5.875808238983154297e+00,1.418733692169189453e+01,-1.492378330230712891e+01
6.562875747680664062e+00,2.875298261642456055e+00,9.161849021911621094e+00
1.566206455230712891e+00,2.330058860778808594e+01,-7.068826198577880859e+00
6.145421862602233887e-01,4.692966461181640625e+00,5.005594491958618164e-01
-6.374589920043945312e+00,-6.837985515594482422e+00,2.908189058303833008e+00
1.389342212677001953e+01,1.863468551635742188e+01,7.658943653106689453e+00
8.437346458435058594e+00,-1.448207092285156250e+01,1.922008633613586426e+00
8.102260589599609375e+00,-1.168688759207725525e-01,1.639495277404785156e+01
1.423430252075195312e+01,1.881164169311523438e+01,7.831432819366455078e+00
2.206320571899414062e+01,9.105972290039062500e+00,-7.180073261260986328e+00
-1.368169635534286499e-01,-1.284693813323974609e+01,1.383749008178710938e+01
8.433150291442871094e+00,-1.448817539215087891e+01,1.913378119468688965e+00
-1.443266719579696655e-01,-1.283981227874755859e+01,1.382994079589843750e+01
1.900899505615234375e+01,3.721008062362670898e+00,1.292623138427734375e+01
-1.185817718505859375e+01,-1.159975910186767578e+01,5.532240390777587891e+00
-1.160788631439208984e+01,5.432285308837890625e+00,1.464955615997314453e+01
4.065450191497802734e+00,-5.341179370880126953e+00,7.367144107818603516e+00
1.529202556610107422e+01,-1.165381336212158203e+01,5.957429409027099609e+00
-1.332551479339599609e+01,4.333549499511718750e+00,1.890472769737243652e+00
-1.872611618041992188e+01,2.104450464248657227e+00,-1.270496726036071777e+00
1.965561294555664062e+01,2.573457479476928711e+00,-1.444869422912597656e+01
4.018863201141357422e+00,-5.387622356414794922e+00,7.320584774017333984e+00
-1.155349636077880859e+01,5.377915382385253906e+00,1.459521389007568359e+01
-6.353278636932373047e+00,-6.853674888610839844e+00,2.891654491424560547e+00
-8.669220924377441406e+00,-7.108038902282714844e+00,-1.204297304153442383e+00
4.035242557525634766e+00,-5.371275424957275391e+00,7.337093353271484375e+00
1.209856986999511719e+01,1.705905532836914062e+01,8.801857233047485352e-01
-1.444044113159179688e-01,-1.283969688415527344e+01,1.383017158508300781e+01
1.311420798301696777e+00,2.355429267883300781e+01,-7.049823760986328125e+00
1.314844131469726562e+00,2.355314254760742188e+01,-7.086781024932861328e+00
9.081262588500976562e+00,8.086736679077148438e+00,-1.082306098937988281e+01
8.584756851196289062e+00,1.830965232849121094e+01,-3.173622131347656250e+00
-1.338878250122070312e+01,4.398883342742919922e+00,1.965242385864257812e+00
-3.598607480525970459e-01,1.713984298706054688e+01,1.239894104003906250e+01
-3.220969915390014648e+00,1.975475883483886719e+01,2.057018995285034180e+00
6.818032264709472656e-01,2.337696075439453125e+00,-9.264872968196868896e-02
-2.752567827701568604e-01,1.743980216979980469e+01,1.219211196899414062e+01
-1.036585617065429688e+01,-8.527149200439453125e+00,-7.952487468719482422e+00
-5.914733409881591797e+00,1.411383819580078125e+01,-1.490622806549072266e+01
1.403530406951904297e+01,4.337525367736816406e+00,-1.271082592010498047e+01
-4.172522202134132385e-02,1.745079421997070312e+01,1.220455551147460938e+01
-3.327659845352172852e+00,1.964799118041992188e+01,2.163631200790405273e+00
-6.716749191284179688e+00,-8.088664054870605469e+00,1.714065170288085938e+01
1.483125400543212891e+01,-8.452945709228515625e+00,-5.915292263031005859e+00
-1.199531650543212891e+01,5.265567898750305176e-01,1.041253185272216797e+01
-6.158750653266906738e-01,1.086873245239257812e+01,1.770422744750976562e+01
1.425216960906982422e+01,1.882308578491210938e+01,7.829848289489746094e+00
-2.994945645332336426e-01,5.173320293426513672e+00,1.382473707199096680e+00
-2.354319572448730469e+00,-2.202232599258422852e+00,-1.804582405090332031e+01
-5.189377307891845703e+00,-4.417302608489990234e+00,-1.421649456024169922e+01
4.278433799743652344e+00,6.767927169799804688e+00,-1.761746978759765625e+01
-1.252084821462631226e-01,1.752322769165039062e+01,1.222181320190429688e+01
-1.038725280761718750e+01,-8.503555297851562500e+00,-7.930067062377929688e+00
1.412977313995361328e+01,-2.207495212554931641e+00,1.475426864624023438e+01
1.432514762878417969e+01,1.889687728881835938e+01,7.880823612213134766e+00
4.518196582794189453e+00,3.100188016891479492e+00,-1.245262861251831055e+00
1.035780715942382812e+01,9.368226051330566406e+00,1.185301303863525391e+01
1.550349831581115723e+00,2.330057334899902344e+01,-7.032035827636718750e+00
-6.100101470947265625e-01,1.085014915466308594e+01,1.767430114746093750e+01
1.868854904174804688e+01,-7.010662078857421875e+00,4.754190444946289062e+00
-1.179875850677490234e+01,1.059280300140380859e+01,-8.064751625061035156e+00
-1.872687530517578125e+01,2.103121757507324219e+00,-1.272080898284912109e+00
9.463498115539550781e+00,1.241264057159423828e+01,-1.157268524169921875e+01
6.888195991516113281e+00,3.796284914016723633e+00,5.110546112060546875e+00
-8.522063255310058594e+00,5.567150592803955078e+00,-3.156756877899169922e+00
-1.068276882171630859e+01,-5.619601726531982422e+00,1.082839298248291016e+01
8.137802124023437500e+00,-1.523003429174423218e-01,1.635952377319335938e+01
2.207291412353515625e+01,9.117869377136230469e+00,-7.167332172393798828e+00
1.562109088897705078e+01,1.311017417907714844e+01,-4.675940513610839844e+00
1.445219993591308594e+00,2.336935615539550781e+01,-6.928972721099853516e+00
-1.097069072723388672e+01,2.528436899185180664e+00,-1.594133567810058594e+01
-5.320819020271301270e-01,7.694768905639648438e+00,2.137286663055419922e+00
-6.566206812858581543e-01,4.372331619262695312e+00,7.536653876304626465e-01
3.004820346832275391e+00,3.071184396743774414e+00,-5.243790626525878906e+00
1.572449684143066406e+01,1.322696781158447266e+01,-4.544500350952148438e+00
2.779226779937744141e+00,-9.147190093994140625e+00,-1.536419391632080078e+01
5.537437438964843750e+00,-5.306368350982666016e+00,-1.694622611999511719e+01
1.212211132049560547e+01,1.703532409667968750e+01,9.038742780685424805e-01
-6.766582280397415161e-02,3.972096204757690430e+00,1.710251808166503906e+00
-1.635220718383789062e+01,7.213614463806152344e+00,8.038417816162109375e+00
-8.681311607360839844e+00,-7.064191341400146484e+00,-1.160551428794860840e+00
-8.448401689529418945e-01,9.293869018554687500e+00,3.883790731430053711e+00
-1.377736568450927734e+00,-6.082414627075195312e+00,-9.097056388854980469e+00
1.552130889892578125e+01,1.301335144042968750e+01,-4.615548610687255859e+00
8.485903143882751465e-01,2.085637807846069336e+00,-2.616611719131469727e-01
1.536288452148437500e+01,1.284719467163085938e+01,-4.845814228057861328e+00
-6.758429527282714844e+00,1.926643943786621094e+01,-5.225214958190917969e+00
1.635814285278320312e+01,-6.539448261260986328e+00,1.177384853363037109e+01
1.528244400024414062e+01,-1.164433383941650391e+01,5.950581073760986328e+00
1.014533138275146484e+01,-1.366007995605468750e+01,-4.232144355773925781e+00
5.296071529388427734e+00,-6.172770977020263672e+00,1.468870258331298828e+01
8.585675239562988281e+00,1.775958633422851562e+01,-4.181361675262451172e+00
5.816268920898437500e+00,1.128015804290771484e+01,1.213308647274971008e-01
1.387501430511474609e+01,-4.504830360412597656e+00,-1.456071376800537109e+01
-1.684521865844726562e+01,1.083039760589599609e+01,-2.865399122238159180e+00
-4.178240776062011719e+00,1.979343652725219727e+00,-9.989541053771972656e+00
5.528010845184326172e+00,-5.310132980346679688e+00,-1.693746757507324219e+01
-3.238565027713775635e-01,1.110681915283203125e+01,1.758833885192871094e+01
4.180428981781005859e+00,6.299863338470458984e+00,-1.769565391540527344e+01
1.603852510452270508e+00,7.564715385437011719e+00,4.530700206756591797e+00
1.870237350463867188e+01,-6.996086597442626953e+00,4.740538120269775391e+00
1.533067607879638672e+01,1.307663059234619141e+01,-5.008295536041259766e+00
1.514083003997802734e+01,1.002034425735473633e+00,7.814978122711181641e+00
6.344222545623779297e+00,1.119598960876464844e+01,-6.904206752777099609e+00
7.143797874450683594e+00,9.003762245178222656e+00,-7.658186554908752441e-01
4.854510307312011719e+00,1.581752872467041016e+01,7.151687145233154297e+00
-3.699492812156677246e-01,1.730871963500976562e+01,1.241185855865478516e+01
-7.082832813262939453e+00,4.312326908111572266e+00,6.309121131896972656e+00
5.581549167633056641e+00,-5.261330127716064453e+00,-1.698654174804687500e+01
-8.451449871063232422e-02,1.752594184875488281e+01,1.259830284118652344e+01
1.370401287078857422e+01,4.439664363861083984e+00,-1.271895599365234375e+01
4.335215568542480469e+00,6.446419239044189453e+00,-1.787169075012207031e+01
4.526930332183837891e+00,6.635275840759277344e+00,-1.796353149414062500e+01
1.965563201904296875e+01,2.573439359664916992e+00,-1.444882297515869141e+01
8.396645545959472656e+00,-1.452313137054443359e+01,1.881019115447998047e+00
1.381902503967285156e+01,1.853405761718750000e+01,7.763984203338623047e+00
-1.158798313140869141e+01,5.412395477294921875e+00,1.462958621978759766e+01
1.384829807281494141e+01,1.858616828918457031e+01,7.692634105682373047e+00
1.224284410476684570e+00,6.375607013702392578e+00,2.575686931610107422e+00
1.529141616821289062e+01,-1.165313243865966797e+01,5.956133365631103516e+00
2.200317764282226562e+01,9.048164367675781250e+00,-7.236980438232421875e+00
2.204620552062988281e+01,9.091203689575195312e+00,-7.193949699401855469e+00
5.263910889625549316e-01,1.301002025604248047e+01,2.568389415740966797e+00
-1.170503044128417969e+01,1.049795532226562500e+01,-8.016724586486816406e+00
2.110952568054199219e+01,8.027641296386718750e+00,8.800315856933593750e+00
4.057165622711181641e+00,-5.349469184875488281e+00,7.358898639678955078e+00
1.636360168457031250e+01,-6.544187068939208984e+00,1.176836872100830078e+01
-9.603224754333496094e+00,-3.370760917663574219e+00,-1.157060432434082031e+01
1.767732048034667969e+01,-2.971940636634826660e-01,-4.546804904937744141e+00
1.385177326202392578e+01,1.859783363342285156e+01,7.699473857879638672e+00
1.898382568359375000e+01,5.687401294708251953e+00,-2.550062417984008789e+00
2.203658294677734375e+01,9.081654548645019531e+00,-7.202654838562011719e+00
1.409806823730468750e+01,-2.175799846649169922e+00,1.472251510620117188e+01
2.206489181518554688e+01,9.110449790954589844e+00,-7.175519466400146484e+00
-9.774123132228851318e-02,-5.845458030700683594e+00,9.750828742980957031e-01
4.269786834716796875e+00,5.381045341491699219e+00,-4.103365421295166016e+00
6.346347808837890625e+00,1.121562099456787109e+01,-6.923835277557373047e+00
1.110914802551269531e+01,-3.960178613662719727e+00,-5.478361129760742188e+00
-2.333143949508666992e+00,-2.181200265884399414e+00,-1.802407836914062500e+01
-2.644680261611938477e+00,-8.606394752860069275e-03,1.393386745452880859e+01
1.528327226638793945e+00,2.332660102844238281e+01,-7.013788700103759766e+00
-9.100747704505920410e-01,1.201861500740051270e+00,2.245785903930664062e+01
6.737585067749023438e+00,-7.233945846557617188e+00,-6.394381821155548096e-02
-1.633642005920410156e+01,7.230787754058837891e+00,8.022625923156738281e+00
-6.019479751586914062e+00,1.400626373291015625e+01,-1.451047515869140625e+01
5.487447738647460938e+00,-5.359411716461181641e+00,-1.689238166809082031e+01
-1.202752351760864258e+00,3.225212335586547852e+00,1.957783222198486328e+00
-1.238682746887207031e+01,-2.456911802291870117e+00,4.234457969665527344e+00
-6.704136371612548828e+00,1.920814132690429688e+01,-5.148475646972656250e+00
1.157862544059753418e+00,6.478958606719970703e+00,2.685104608535766602e+00
1.360746097564697266e+01,1.833951568603515625e+01,7.970700263977050781e+00
-7.419340610504150391e-01,6.050084114074707031e+00,1.268626451492309570e-01
-8.551741600036621094e+00,5.577147006988525391e+00,-3.188740253448486328e+00
-4.840503931045532227e-01,8.969826698303222656e+00,4.342472076416015625e+00
-6.704096794128417969e+00,1.928400230407714844e+01,-5.216681957244873047e+00
1.562148571014404297e+00,7.376393318176269531e+00,4.117815494537353516e+00
4.526493072509765625e+00,3.349251747131347656e+00,-1.179242968559265137e+00
-2.635666608810424805e+00,5.134383961558341980e-02,1.379326152801513672e+01
1.673646569252014160e+00,2.317817687988281250e+01,-6.933878421783447266e+00
1.412082576751708984e+01,-2.198495149612426758e+00,1.474526405334472656e+01
4.153953075408935547e+00,6.274339199066162109e+00,-1.768151664733886719e+01
-9.847765922546386719e+00,1.394670200347900391e+01,2.451195240020751953e+00
-2.689562320709228516e+00,-1.144990511238574982e-02,1.384525775909423828e+01
5.212631225585937500e+00,1.119713115692138672e+01,-1.507840752601623535e+00
4.587273120880126953e+00,6.701787948608398438e+00,-1.802267837524414062e+01
2.106632614135742188e+01,8.070741653442382812e+00,8.841386795043945312e+00
6.356043815612792969e+00,1.118466091156005859e+01,-6.892680644989013672e+00
4.202766895294189453e+00,6.921159744262695312e+00,-1.746719169616699219e+01
-7.823647931218147278e-03,1.714299392700195312e+01,1.232443618774414062e+01
-1.870559310913085938e+01,2.123090744018554688e+00,-1.251825928688049316e+00
9.783175468444824219e+00,-3.523990631103515625e+00,8.051345825195312500e+00
7.144948005676269531e+00,9.006788253784179688e+00,-7.681673765182495117e-01
-1.097115612030029297e+01,2.527850389480590820e+00,-1.594194602966308594e+01
5.171591758728027344e+00,1.125672912597656250e+01,-1.510071635246276855e+00
1.363474178314208984e+01,1.835700225830078125e+01,7.986466407775878906e+00
1.108082962036132812e+01,-3.988557338714599609e+00,-5.449864864349365234e+00
-2.731908082962036133e+00,-1.040799319744110107e-01,1.459092235565185547e+01
5.883730888366699219e+00,9.862751960754394531e+00,-5.619410991668701172e+00
2.183666467666625977e+00,7.540233135223388672e+00,-1.304265141487121582e+00
1.046818017959594727e+00,2.602884531021118164e+00,3.711883127689361572e-01
-2.397894620895385742e+00,3.925642669200897217e-01,1.457472705841064453e+01
6.456791877746582031e+00,1.105655288696289062e+01,-6.666962623596191406e+00
1.356025695800781250e+01,1.829550361633300781e+01,8.016106605529785156e+00
1.185476064682006836e+00,-1.181853294372558594e+01,9.181207418441772461e-01
1.771941757202148438e+01,-3.477599322795867920e-01,-4.595022201538085938e+00
-4.292276382446289062e+00,-1.300649833679199219e+01,-1.408787369728088379e+00
8.693652153015136719e+00,1.887475585937500000e+01,-3.307610988616943359e+00
3.407005310058593750e+00,5.933989048004150391e+00,-1.253514528274536133e+00
-4.265784263610839844e+00,-1.298143768310546875e+01,-1.433415532112121582e+00
8.515977859497070312e+00,1.788956832885742188e+01,-2.797572612762451172e+00
-1.648927181959152222e-01,8.177664756774902344e+00,3.324311733245849609e+00
-7.082837104797363281e+00,4.312424182891845703e+00,6.310256481170654297e+00
4.873029232025146484e+00,1.580320453643798828e+01,7.171403408050537109e+00
4.803748607635498047e+00,1.588309955596923828e+01,7.148494243621826172e+00
4.384267807006835938e+00,-1.506103229522705078e+01,8.026987075805664062e+00
-3.112024068832397461e-01,1.751098632812500000e+01,1.243408393859863281e+01
-1.175110626220703125e+01,1.054406929016113281e+01,-8.110625267028808594e+00
4.067984104156494141e+00,-5.338432788848876953e+00,7.370241165161132812e+00
-5.928396701812744141e+00,1.405465126037597656e+01,-1.427377700805664062e+01
1.195741057395935059e+00,6.408403873443603516e+00,2.610926628112792969e+00
8.480932712554931641e-01,2.106827497482299805e+00,-2.437504827976226807e-01
-1.120900821685791016e+01,-1.141979321837425232e-01,-4.750670909881591797e+00
5.928029060363769531e+00,9.906524658203125000e+00,-5.660338401794433594e+00
2.512246370315551758e+00,1.803121948242187500e+01,1.219453215599060059e+00
2.518504858016967773e+00,1.801155281066894531e+01,1.212376117706298828e+00
2.058751869201660156e+01,1.279026150703430176e+00,3.863302707672119141e+00
-9.610641479492187500e+00,-3.363451719284057617e+00,-1.156337356567382812e+01
-6.061154842376708984e+00,1.405065631866455078e+01,-1.480470752716064453e+01
-5.911759138107299805e-01,1.086016941070556641e+01,1.762204742431640625e+01
-2.363881111145019531e+00,-2.211768865585327148e+00,-1.805434608459472656e+01
-9.755172729492187500e+00,1.373094272613525391e+01,2.243264436721801758e+00
-1.523160648345947266e+01,4.099762439727783203e+00,-7.660542964935302734e+00
9.060656547546386719e+00,8.108803749084472656e+00,-1.080144119262695312e+01
1.529099559783935547e+01,-1.165266227722167969e+01,5.956586360931396484e+00
-6.005367755889892578e+00,1.409924507141113281e+01,-1.485380172729492188e+01
8.917522430419921875e+00,8.239374160766601562e+00,-1.058250617980957031e+01
-1.937397599220275879e+00,8.715597152709960938e+00,-3.451374769210815430e+00
1.529359817504882812e+01,1.277635192871093750e+01,-4.865525245666503906e+00
8.868087530136108398e-01,3.230919837951660156e+00,-8.845510482788085938e-01
-9.392610192298889160e-01,1.231120467185974121e+00,2.248627853393554688e+01
5.801907539367675781e+00,9.736112594604492188e+00,-5.536901473999023438e+00
-6.637438297271728516e+00,1.938900947570800781e+01,-5.339534282684326172e+00
-7.102635860443115234e+00,4.292590618133544922e+00,6.329524517059326172e+00
1.109857940673828125e+01,-3.962215900421142578e+00,-5.459577560424804688e+00
1.531502056121826172e+01,1.306835365295410156e+01,-5.025133609771728516e+00
2.891921520233154297e+00,-1.006432652473449707e+00,3.307522535324096680e+00
-1.869713401794433594e+01,2.076982498168945312e+00,-1.291327238082885742e+00
-1.684861564636230469e+01,1.088410949707031250e+01,-2.869439601898193359e+00
8.730619430541992188e+00,1.893601036071777344e+01,-3.262226104736328125e+00
2.207712173461914062e+01,9.122280120849609375e+00,-7.162879943847656250e+00
-1.181105136871337891e+01,1.060377120971679688e+01,-8.071269035339355469e+00
1.357701206207275391e+01,1.831173706054687500e+01,8.008013725280761719e+00
4.886149883270263672e+00,1.578961372375488281e+01,7.185159683227539062e+00
2.062260246276855469e+01,1.243894100189208984e+00,3.828132867813110352e+00
6.532439708709716797e+00,8.781335353851318359e-01,-1.701982307434082031e+01
-8.374365806579589844e+00,1.031237602233886719e+01,7.101273536682128906e+00
1.007762813568115234e+01,-1.376657676696777344e+01,-4.299792766571044922e+00
-6.747146606445312500e+00,1.923892402648925781e+01,-5.209001064300537109e+00
-1.100314331054687500e+01,2.495361089706420898e+00,-1.597504901885986328e+01
4.366820335388183594e+00,6.487782001495361328e+00,-1.784225654602050781e+01
-1.592403173446655273e+00,8.466773033142089844e+00,-3.251234531402587891e+00
1.867778396606445312e+01,-6.989099025726318359e+00,4.761025905609130859e+00
-1.102333068847656250e+01,2.475698947906494141e+00,-1.599511432647705078e+01
1.473852992057800293e+00,2.340206909179687500e+01,-7.137647628784179688e+00
2.355541944503784180e+00,6.084588050842285156e+00,-2.409119129180908203e+00
1.567029571533203125e+01,1.317105484008789062e+01,-4.593546867370605469e+00
1.561820220947265625e+01,1.311423206329345703e+01,-4.693468570709228516e+00
1.568767833709716797e+01,1.319185352325439453e+01,-4.574731826782226562e+00
1.775918388366699219e+01,-3.870798051357269287e-01,-4.634526729583740234e+00
-1.627611351013183594e+01,-4.453486442565917969e+00,-2.435486555099487305e+00
1.410024929046630859e+01,-2.178058385848999023e+00,1.472471141815185547e+01
-1.006790995597839355e+00,3.180170059204101562e+00,9.216534495353698730e-01
2.540119409561157227e+00,1.790676307678222656e+01,1.295581936836242676e+00
1.214115810394287109e+01,1.702302360534667969e+01,9.229755997657775879e-01
2.507649421691894531e+00,1.803742218017578125e+01,1.212955951690673828e+00
-5.248039722442626953e+00,1.096652793884277344e+01,-5.208503723144531250e+00
-6.055018424987792969e+00,1.401345825195312500e+01,-1.449046516418457031e+01
1.484246349334716797e+01,-8.441982269287109375e+00,-5.919851779937744141e+00
1.894030380249023438e+01,5.643980026245117188e+00,-2.505966901779174805e+00
-5.874907970428466797e-01,1.084942626953125000e+01,1.751546669006347656e+01
-1.236397457122802734e+01,-2.453628778457641602e+00,4.257295608520507812e+00
5.482318401336669922e+00,-5.362477779388427734e+00,-1.688935470581054688e+01
2.554006338119506836e+00,1.798292541503906250e+01,1.258713960647583008e+00
1.530691909790039062e+01,-1.166817188262939453e+01,5.940755367279052734e+00
4.147607386112213135e-01,-7.878826141357421875e+00,-4.533650875091552734e+00
4.293926715850830078e+00,6.403743267059326172e+00,-1.784029197692871094e+01
3.420959711074829102e+00,4.573718070983886719e+00,-8.849650025367736816e-01
1.494588375091552734e+00,2.338175964355468750e+01,-7.132393360137939453e+00
3.878479719161987305e+00,5.113340377807617188e+00,-2.048596858978271484e+00
6.516814708709716797e+00,2.907398700714111328e+00,9.114704132080078125e+00
1.053463363647460938e+01,9.523653984069824219e+00,1.167564392089843750e+01
-4.387493059039115906e-02,1.733408546447753906e+01,1.210171413421630859e+01
1.360437679290771484e+01,1.833745384216308594e+01,7.991919994354248047e+00
-6.451711654663085938e-01,1.083440971374511719e+01,1.767244911193847656e+01
8.437664031982421875e+00,-1.448210334777832031e+01,1.919826745986938477e+00
1.391125869750976562e+01,1.861439895629882812e+01,7.668531417846679688e+00
-1.681387901306152344e+01,1.080453872680664062e+01,-2.834579944610595703e+00
2.062285041809082031e+01,1.243590712547302246e+00,3.827854156494140625e+00
2.067379760742187500e+01,1.201313972473144531e+00,3.776289939880371094e+00
-3.344623327255249023e+00,1.963060760498046875e+01,2.180814027786254883e+00
-1.791048794984817505e-01,1.741431236267089844e+01,1.251746082305908203e+01
-7.083035945892333984e+00,4.312137603759765625e+00,6.307373046875000000e+00
1.397940826416015625e+01,4.627013206481933594e+00,-1.283837985992431641e+01
-1.686866760253906250e+01,1.087250804901123047e+01,-2.888374090194702148e+00
8.629712104797363281e+00,1.891140556335449219e+01,-3.241099357604980469e+00
8.491367340087890625e+00,1.790237617492675781e+01,-2.832373142242431641e+00
-8.377978324890136719e+00,1.031472206115722656e+01,7.107929229736328125e+00
2.552339553833007812e+00,1.799276542663574219e+01,1.258980274200439453e+00
-8.544606208801269531e+00,5.587454795837402344e+00,-3.181699991226196289e+00
-9.600935935974121094e+00,1.401102161407470703e+01,2.910223960876464844e+00
-6.715920448303222656e+00,-8.087326049804687500e+00,1.713941764831542969e+01
6.157502651214599609e+00,5.911532402038574219e+00,5.386101245880126953e+00
6.828426837921142578e+00,4.624287128448486328e+00,4.667529106140136719e+00
-9.567461162805557251e-02,1.746312904357910156e+01,1.258040714263916016e+01
1.548660278320312500e+00,2.330092048645019531e+01,-6.992573738098144531e+00
7.277557849884033203e-01,1.243027591705322266e+01,-2.368995428085327148e+00
-2.003044605255126953e+00,6.277431964874267578e+00,-4.233924388885498047e+00
6.426784515380859375e+00,4.556875228881835938e+00,4.599986076354980469e+00
-9.768659591674804688e+00,1.371727943420410156e+01,2.200018644332885742e+00
-2.491867303848266602e+00,4.681959375739097595e-02,1.422563934326171875e+01
1.112354087829589844e+01,-4.004304409027099609e+00,-5.463350296020507812e+00
-1.635206222534179688e+01,7.214064121246337891e+00,8.038213729858398438e+00
1.191622972488403320e+00,-1.181261825561523438e+01,9.004425406455993652e-01
2.065638923645019531e+01,1.242075920104980469e+00,3.793905258178710938e+00
6.374758243560791016e+00,4.535863876342773438e+00,4.573076725006103516e+00
4.063689231872558594e+00,1.419075775146484375e+01,1.338419795036315918e+00
-1.179901123046875000e+01,1.059202384948730469e+01,-8.063985824584960938e+00
-9.920436859130859375e+00,1.400764751434326172e+01,2.414099693298339844e+00
2.760353803634643555e+00,-9.166859626770019531e+00,-1.538317298889160156e+01
2.785081624984741211e+00,-9.143104553222656250e+00,-1.535837173461914062e+01
2.063816833496093750e+01,1.230714917182922363e+00,3.812233448028564453e+00
-4.289613246917724609e+00,-1.300481510162353516e+01,-1.410443425178527832e+00
-4.192082881927490234e+00,1.977150082588195801e+00,-1.002201938629150391e+01
4.431531429290771484e+00,-1.510781478881835938e+01,7.980164527893066406e+00
-1.207174301147460938e+01,4.500248432159423828e-01,1.048890590667724609e+01
5.289108157157897949e-01,1.300737285614013672e+01,2.565492153167724609e+00
7.593145370483398438e+00,9.678894042968750000e+00,-2.751589775085449219e+00
-1.114074707031250000e+01,-1.152752488851547241e-01,-4.703885555267333984e+00
-9.658541679382324219e+00,-3.410446643829345703e+00,-1.151475715637207031e+01
-4.359955787658691406e+00,-1.287208843231201172e+01,6.294180393218994141e+00
4.432281970977783203e+00,-1.510861206054687500e+01,7.979387760162353516e+00
8.688667297363281250e+00,1.891377830505371094e+01,-3.302634716033935547e+00
-5.849116325378417969e+00,1.431264686584472656e+01,-1.498404216766357422e+01
-5.231313228607177734e+00,1.098680019378662109e+01,-5.185260772705078125e+00
-2.354349374771118164e+00,-2.202535629272460938e+00,-1.804575538635253906e+01
8.542209625244140625e+00,1.771932792663574219e+01,-4.223990917205810547e+00
-5.933804035186767578e+00,1.411211490631103516e+01,-1.452327823638916016e+01
1.960859870910644531e+01,2.619331836700439453e+00,-1.449500083923339844e+01
-9.479100227355957031e+00,1.365079689025878906e+01,2.692099571228027344e+00
8.637701034545898438e+00,1.773285484313964844e+01,-4.212530612945556641e+00
8.775413513183593750e+00,1.879458236694335938e+01,-3.380434513092041016e+00
-5.184621334075927734e+00,-4.423595905303955078e+00,-1.421086978912353516e+01
8.631834983825683594e+00,1.891042327880859375e+01,-3.243401288986206055e+00
-3.290109336376190186e-01,1.108956432342529297e+01,1.757670402526855469e+01
-2.825940847396850586e+00,-1.277582168579101562e+01,-9.008127212524414062e+00
-1.133062243461608887e-01,1.720978355407714844e+01,1.236061573028564453e+01
-9.651878356933593750e+00,1.371618652343750000e+01,2.253056049346923828e+00
-8.619084358215332031e+00,-7.055961132049560547e+00,-1.152249932289123535e+00
1.108181095123291016e+01,-3.988998651504516602e+00,-5.449285984039306641e+00
2.697281837463378906e+00,4.092100143432617188e+00,-4.474381446838378906e+00
5.464276313781738281e+00,6.310630321502685547e+00,-2.247745990753173828e+00
5.630942344665527344e+00,4.706446528434753418e-01,-1.444374203681945801e+00
-1.719799190759658813e-01,-1.281175518035888672e+01,1.385759925842285156e+01
-7.089972496032714844e+00,4.305265426635742188e+00,6.317313671112060547e+00
1.967091369628906250e+01,2.538937568664550781e+00,-1.445380210876464844e+01
-5.292726755142211914e-01,1.091491985321044922e+01,1.763859558105468750e+01
-7.456170320510864258e-01,1.068634414672851562e+01,1.761302375793457031e+01
8.700190782546997070e-01,2.053589344024658203e+00,-2.929877638816833496e-01
-6.686270236968994141e+00,1.932554817199707031e+01,-5.279803752899169922e+00
-6.885148048400878906e+00,1.914487075805664062e+01,-5.081241130828857422e+00
6.119312286376953125e+00,1.005744743347167969e+01,-1.520949840545654297e+00
2.176119041442871094e+01,-4.041800022125244141e+00,-1.099381923675537109e+00
1.530307292938232422e+01,-1.164293003082275391e+01,5.965631961822509766e+00
2.360720872879028320e+00,4.845829486846923828e+00,1.521809577941894531e+00
-6.757588386535644531e+00,-8.047005653381347656e+00,1.709846496582031250e+01
1.049337577819824219e+01,9.484416007995605469e+00,1.171590518951416016e+01
-6.730024814605712891e+00,1.926102447509765625e+01,-5.214749336242675781e+00
8.519705533981323242e-01,3.342966079711914062e+00,-1.013521194458007812e+00
6.534485816955566406e+00,8.761984705924987793e-01,-1.701996612548828125e+01
-9.439726829528808594e+00,1.361179065704345703e+01,2.699252605438232422e+00
-3.714537918567657471e-01,1.106363391876220703e+01,1.761063003540039062e+01
4.303289413452148438e+00,5.403337955474853516e+00,-4.139592170715332031e+00
-8.446030616760253906e+00,1.038389015197753906e+01,7.173592090606689453e+00
1.481495380401611328e+00,3.026181221008300781e+00,1.258163809776306152e+00
2.360621452331542969e+00,4.845762729644775391e+00,1.521424770355224609e+00
1.402578067779541016e+01,-2.103434562683105469e+00,1.465036869049072266e+01
4.023397922515869141e+00,-5.383144378662109375e+00,7.325131416320800781e+00
2.205889701843261719e+01,9.103939056396484375e+00,-7.181376934051513672e+00
-1.177240562438964844e+01,1.056490612030029297e+01,-8.091365814208984375e+00
-9.458003997802734375e+00,1.364752864837646484e+01,2.703486442565917969e+00
1.338363647460937500e+00,2.352769660949707031e+01,-7.066735744476318359e+00
-9.641451835632324219e+00,-3.343143939971923828e+00,-1.153241443634033203e+01
-6.604588627815246582e-01,1.081255435943603516e+01,1.767534255981445312e+01
1.049442291259765625e+01,9.482597351074218750e+00,1.171791362762451172e+01
4.023184776306152344e+00,-5.383420944213867188e+00,7.324918746948242188e+00
1.427585029602050781e+01,1.882973861694335938e+01,7.839305400848388672e+00
1.513467407226562500e+01,9.732506871223449707e-01,7.792443752288818359e+00
-1.163368415832519531e+01,5.457361698150634766e+00,1.467444324493408203e+01
3.967350006103515625e+00,5.150679111480712891e+00,-2.081259250640869141e+00
-4.593095481395721436e-01,1.724430656433105469e+01,1.234241294860839844e+01
-6.603661179542541504e-01,4.364519119262695312e+00,7.518947720527648926e-01
-3.285207033157348633e+00,1.969017028808593750e+01,2.121477603912353516e+00
1.519599246978759766e+01,9.449321031570434570e-01,7.758373260498046875e+00
-9.607001304626464844e+00,1.401949787139892578e+01,2.902662038803100586e+00
-4.994318783283233643e-01,1.749315834045410156e+01,1.216138744354248047e+01
7.279872298240661621e-01,1.242945480346679688e+01,-2.369259834289550781e+00
1.897202491760253906e+01,3.719938278198242188e+00,1.293014621734619141e+01
1.897322845458984375e+01,3.706419229507446289e+00,1.296120262145996094e+01
1.526330375671386719e+01,-1.162180709838867188e+01,5.986675739288330078e+00
-3.166863620281219482e-01,1.752198028564453125e+01,1.239233303070068359e+01
2.512261629104614258e+00,1.804254341125488281e+01,1.220561623573303223e+00
-5.232221603393554688e+00,1.098332691192626953e+01,-5.190657138824462891e+00
-4.236374855041503906e+00,2.017717599868774414e+00,-1.000022792816162109e+01
4.007055759429931641e+00,-1.227621173858642578e+01,-9.676583290100097656e+00
-1.520903873443603516e+01,4.110803604125976562e+00,-7.697585582733154297e+00
4.253665447235107422e+00,6.372261047363281250e+00,-1.775597763061523438e+01
6.780767917633056641e+00,-7.190755367279052734e+00,-1.071212217211723328e-01
-5.275168418884277344e+00,1.094053363800048828e+01,-5.232188224792480469e+00
-1.690249252319335938e+01,1.089514636993408203e+01,-2.923195600509643555e+00
-6.360299587249755859e+00,-6.849470615386962891e+00,2.896503925323486328e+00
-1.380773901939392090e+00,-6.091206073760986328e+00,-9.101982116699218750e+00
9.781953811645507812e+00,-3.522886514663696289e+00,8.050379753112792969e+00
-2.859703302383422852e+00,-7.633877277374267578e+00,9.267824172973632812e+00
-1.179888534545898438e+01,1.059171009063720703e+01,-8.064448356628417969e+00
1.143775463104248047e+00,-1.177509784698486328e+01,9.588605165481567383e-01
1.486107587814331055e+00,2.338883972167968750e+01,-7.113239765167236328e+00
-6.792828559875488281e+00,1.922428703308105469e+01,-5.236745834350585938e+00
-8.701230049133300781e+00,-7.138317584991455078e+00,-1.234430313110351562e+00
-1.114961624145507812e+01,-1.226423457264900208e-01,-4.696030616760253906e+00
4.388725757598876953e+00,6.499218463897705078e+00,-1.786908340454101562e+01
-1.522428703308105469e+01,4.096161365509033203e+00,-7.681992053985595703e+00
-2.697603702545166016e+00,4.669008776545524597e-02,1.383786106109619141e+01
5.537053585052490234e+00,-5.306500911712646484e+00,-1.694544601440429688e+01
4.065276622772216797e+00,1.418890190124511719e+01,1.337029099464416504e+00
4.106596469879150391e+00,6.213019371032714844e+00,-1.765490150451660156e+01
-4.994464516639709473e-01,1.753331565856933594e+01,1.215142250061035156e+01
-1.244644546508789062e+01,-2.397178888320922852e+00,4.174852848052978516e+00
-9.770873785018920898e-01,1.268982291221618652e+00,2.252349662780761719e+01
2.503644466400146484e+00,1.804115676879882812e+01,1.210905551910400391e+00
-2.762766838073730469e+00,-7.730828762054443359e+00,9.364062309265136719e+00
1.142211079597473145e+00,-1.181789779663085938e+01,9.511168003082275391e-01
-3.320780768990516663e-02,1.730609893798828125e+01,1.237487125396728516e+01
9.438343048095703125e+00,1.238743019104003906e+01,-1.154742240905761719e+01
-9.915404319763183594e+00,1.400401020050048828e+01,2.485053300857543945e+00
-1.629897117614746094e+01,-4.477534770965576172e+00,-2.456675767898559570e+00
-8.653421401977539062e+00,-7.090525150299072266e+00,-1.186720252037048340e+00
-1.197659587860107422e+01,4.666908383369445801e-01,1.046355152130126953e+01
1.210325717926025391e+01,1.705474090576171875e+01,8.849417567253112793e-01
-2.609588384628295898e+00,1.275297552347183228e-01,1.433051109313964844e+01
6.735832691192626953e+00,5.341875076293945312e+00,5.107692718505859375e+00
-9.567205429077148438e+00,1.371082878112792969e+01,2.534657239913940430e+00
1.210244369506835938e+01,1.705439186096191406e+01,8.842613697052001953e-01
1.571295070648193359e+01,1.321460723876953125e+01,-4.788527011871337891e+00
3.433592319488525391e+00,5.554867744445800781e+00,-1.020613908767700195e+00
3.524986505508422852e+00,4.452880859375000000e+00,-8.615328669548034668e-01
-4.377632141113281250e+00,-1.288714313507080078e+01,6.314890384674072266e+00
6.574800014495849609e+00,2.857591390609741211e+00,9.173757553100585938e+00
-9.619339942932128906e+00,1.398473072052001953e+01,2.836315631866455078e+00
2.359252929687500000e+00,4.844176769256591797e+00,1.521020889282226562e+00
-3.318985223770141602e+00,1.965648078918457031e+01,2.155128717422485352e+00
-6.717684745788574219e+00,-8.085945129394531250e+00,1.713778877258300781e+01
8.679581642150878906e+00,1.889186477661132812e+01,-3.305523633956909180e+00
-9.614028930664062500e+00,-3.365121364593505859e+00,-1.155993366241455078e+01
2.104490280151367188e+01,8.092101097106933594e+00,8.862935066223144531e+00
-1.873026275634765625e+01,2.096334457397460938e+00,-1.277745842933654785e+00
1.035238075256347656e+01,9.363033294677734375e+00,1.185842895507812500e+01
-1.873820877075195312e+01,2.121715784072875977e+00,-1.252459883689880371e+00
-7.872046828269958496e-01,1.065129089355468750e+01,1.765108108520507812e+01
4.948703289031982422e+00,1.572940826416015625e+01,7.246028900146484375e+00
-6.386603832244873047e+00,-6.885840415954589844e+00,2.859984397888183594e+00
1.385458755493164062e+01,1.862386322021484375e+01,7.740169048309326172e+00
1.366666316986083984e+01,4.401549816131591797e+00,-1.262108135223388672e+01
2.107189559936523438e+01,8.065354347229003906e+00,8.835695266723632812e+00
2.202513504028320312e+01,9.070268630981445312e+00,-7.214870452880859375e+00
1.528158378601074219e+01,-1.164025211334228516e+01,5.968356132507324219e+00
-5.229240894317626953e+00,5.457804203033447266e+00,-1.835439300537109375e+01
6.352084636688232422e+00,1.118751239776611328e+01,-6.895101547241210938e+00
-7.083637237548828125e+00,4.311567783355712891e+00,6.307958126068115234e+00
6.514636039733886719e+00,2.883117675781250000e+00,9.113831520080566406e+00
2.772729158401489258e+00,6.376667499542236328e+00,2.722493648529052734e+00
2.097915458679199219e+01,1.071382713317871094e+01,2.574004650115966797e+00
-8.543653488159179688e+00,5.587439537048339844e+00,-3.180586099624633789e+00
1.073758029937744141e+01,4.727207183837890625e+00,1.833326339721679688e+01
6.535232543945312500e+00,8.751088976860046387e-01,-1.701923370361328125e+01
1.376924133300781250e+01,4.470118522644042969e+00,-1.275881099700927734e+01
-9.246802926063537598e-01,5.163144111633300781e+00,7.057605266571044922e+00
-9.241696000099182129e-01,5.162108421325683594e+00,7.057559490203857422e+00
4.317745685577392578e+00,6.432954311370849609e+00,-1.784088706970214844e+01
6.551152229309082031e+00,4.794625282287597656e+00,5.271518707275390625e+00
-6.266700744628906250e+00,1.377888488769531250e+01,-1.467210960388183594e+01
7.968424320220947266e+00,-1.651025056838989258e+00,1.343006968498229980e+00
7.143149375915527344e+00,9.003425598144531250e+00,-7.657856345176696777e-01
-9.800831794738769531e+00,1.390617847442626953e+01,2.459928035736083984e+00
2.096694183349609375e+01,1.075813865661621094e+01,2.565587520599365234e+00
-1.629740142822265625e+01,-4.475764274597167969e+00,-2.455116510391235352e+00
2.111346054077148438e+01,8.019311904907226562e+00,8.799610137939453125e+00
-8.510077595710754395e-01,5.043929576873779297e+00,7.055500030517578125e+00
-9.381095170974731445e-01,5.177526473999023438e+00,7.048470973968505859e+00
1.397351741790771484e+01,4.570728302001953125e+00,-1.281695175170898438e+01
3.219577074050903320e+00,-3.078724861145019531e+00,-8.953794479370117188e+00
7.147670745849609375e+00,9.015363693237304688e+00,-7.673432826995849609e-01
-2.372486114501953125e+00,4.035680294036865234e-01,1.457815742492675781e+01
-2.160256862640380859e+00,3.555431962013244629e-02,1.423927974700927734e+01
2.515512466430664062e+00,1.802676010131835938e+01,1.221323847770690918e+00
5.784540176391601562e+00,9.718836784362792969e+00,-5.519597530364990234e+00
1.390261173248291016e+01,1.857397460937500000e+01,7.860840797424316406e+00
-2.177717685699462891e+00,2.808666229248046875e-02,1.422579669952392578e+01
-1.629488945007324219e+01,-4.467815876007080078e+00,-2.453818798065185547e+00
-1.172917079925537109e+01,1.052109718322753906e+01,-8.135249137878417969e+00
1.332705020904541016e+00,2.353500747680664062e+01,-7.081477642059326172e+00
-9.612760543823242188e+00,1.374108219146728516e+01,2.539437770843505859e+00
-9.916350364685058594e+00,1.401428890228271484e+01,2.499077320098876953e+00
1.529837608337402344e+01,1.304953098297119141e+01,-5.033561706542968750e+00
1.870334243774414062e+01,-6.996263980865478516e+00,4.740032672882080078e+00
-2.313559949398040771e-01,6.127788543701171875e+00,6.879252791404724121e-01
4.936100244522094727e-01,1.192790889739990234e+01,-2.396301031112670898e+00
-9.592471122741699219e+00,1.381355381011962891e+01,2.665349960327148438e+00
1.604199767112731934e+00,7.564888954162597656e+00,4.530679702758789062e+00
1.556908226013183594e+01,1.305868053436279297e+01,-4.707969188690185547e+00
-2.695132493972778320e+00,2.442149445414543152e-02,1.383972072601318359e+01
-9.829441308975219727e-01,1.274950623512268066e+00,2.253004455566406250e+01
-7.127655506134033203e+00,4.267571449279785156e+00,6.354175090789794922e+00
5.171704292297363281e+00,1.125663852691650391e+01,-1.510074019432067871e+00
4.031795501708984375e+00,-5.374733924865722656e+00,7.333654403686523438e+00
-2.390947818756103516e+00,-2.238979339599609375e+00,-1.800904464721679688e+01
3.971419095993041992e+00,-1.231203556060791016e+01,-9.641270637512207031e+00
1.356292247772216797e+01,1.829838752746582031e+01,8.015870094299316406e+00
-1.116536140441894531e+01,-1.407353430986404419e-01,-4.678621768951416016e+00
-1.628398323059082031e+01,-4.461257934570312500e+00,-2.441807746887207031e+00
-1.073711109161376953e+01,-5.556747436523437500e+00,1.089194774627685547e+01
2.205572891235351562e+01,9.100804328918457031e+00,-7.184360980987548828e+00
-6.756366729736328125e+00,-8.048886299133300781e+00,1.709940910339355469e+01
3.974124193191528320e+00,-1.231492519378662109e+01,-9.637956619262695312e+00
-5.499436855316162109e-01,7.672629356384277344e+00,2.119258403778076172e+00
-8.131907582283020020e-01,5.042452812194824219e+00,7.014547824859619141e+00
-4.190513491630554199e-01,1.747231864929199219e+01,1.224728965759277344e+01
-6.299667358398437500e+00,1.375384235382080078e+01,-1.467321205139160156e+01
-1.743058264255523682e-01,1.758642578125000000e+01,1.249039936065673828e+01
2.178894042968750000e+01,-4.072334766387939453e+00,-1.070067763328552246e+00
-2.356383085250854492e+00,-2.204415798187255859e+00,-1.804400444030761719e+01
1.215473842620849609e+01,1.705004501342773438e+01,9.363982677459716797e-01
-3.566645085811614990e-01,1.104875087738037109e+01,1.753422927856445312e+01
5.409650325775146484e+00,6.257698059082031250e+00,-2.224514722824096680e+00
6.570318698883056641e+00,4.724221706390380859e+00,5.568540573120117188e+00
1.372444629669189453e+01,1.869953536987304688e+01,7.360727787017822266e+00
1.435555362701416016e+01,1.889939689636230469e+01,7.886229038238525391e+00
7.591139316558837891e+00,9.682342529296875000e+00,-2.753577947616577148e+00
-1.686661338806152344e+01,1.085736083984375000e+01,-2.885014295578002930e+00
5.514332771301269531e+00,6.361588478088378906e+00,-2.296373367309570312e+00
-4.302097320556640625e+00,-1.299300193786621094e+01,-1.422142505645751953e+00
-3.503308594226837158e-01,1.107490158081054688e+01,1.758030128479003906e+01
-8.444631099700927734e-01,9.293504714965820312e+00,3.883605718612670898e+00
1.560459136962890625e+01,1.309694099426269531e+01,-4.728601455688476562e+00
-4.248023033142089844e+00,2.000393867492675781e+00,-1.001816654205322266e+01
8.568038344383239746e-01,3.322319269180297852e+00,-9.875294566154479980e-01
-1.095406627655029297e+01,2.509296417236328125e+00,-1.596135425567626953e+01
9.783259391784667969e+00,-3.524071455001831055e+00,8.051493644714355469e+00
1.361791014671325684e+00,2.350243568420410156e+01,-7.037142276763916016e+00
1.127442240715026855e+00,6.583627700805664062e+00,2.822942733764648438e+00
8.385622024536132812e+00,-1.852349042892456055e+00,1.459933280944824219e+00
-9.760424613952636719e+00,1.372935581207275391e+01,2.233629941940307617e+00
1.387382984161376953e+01,-4.502861022949218750e+00,-1.458233261108398438e+01
-6.900507450103759766e+00,1.913667869567871094e+01,-5.069513320922851562e+00
-8.544554710388183594e+00,5.587194919586181641e+00,-3.181783914566040039e+00
3.917928218841552734e+00,5.960789680480957031e+00,-1.805029392242431641e+00
4.850891590118408203e+00,1.582029247283935547e+01,7.148039340972900391e+00
-1.206918284296989441e-01,-1.286138248443603516e+01,1.380976867675781250e+01
-1.238815307617187500e+01,-2.429604291915893555e+00,4.233163356781005859e+00
-1.268746554851531982e-01,-1.285678482055664062e+01,1.381315898895263672e+01
1.413316917419433594e+01,-2.210831165313720703e+00,1.475765228271484375e+01
-1.871278762817382812e+01,2.115530252456665039e+00,-1.258468747138977051e+00
-4.286945343017578125e+00,2.066226005554199219e+00,-9.952531814575195312e+00
4.249919414520263672e+00,6.423472881317138672e+00,-1.775413131713867188e+01
-1.183016300201416016e+01,-1.162179470062255859e+01,5.564931392669677734e+00
6.713129043579101562e+00,-7.258480072021484375e+00,-3.936707973480224609e-02
-2.736195802688598633e+00,-1.038059145212173462e-01,1.459841346740722656e+01
6.739611148834228516e+00,-7.231986522674560547e+00,-6.596335768699645996e-02
1.772319602966308594e+01,-3.513221144676208496e-01,-4.598703861236572266e+00
1.053230571746826172e+01,9.520442962646484375e+00,1.167851924896240234e+01
1.110198974609375000e+01,-3.969462871551513672e+00,-5.470799446105957031e+00
-1.872189331054687500e+01,2.106664419174194336e+00,-1.267712831497192383e+00
-1.684314727783203125e+01,1.089708042144775391e+01,-2.868506669998168945e+00
2.062846183776855469e+01,1.240692496299743652e+00,3.822033166885375977e+00
-1.115134429931640625e+01,-1.210996732115745544e-01,-4.692477703094482422e+00
6.531848907470703125e+00,4.733886241912841797e+00,5.277370929718017578e+00
-9.476192474365234375e+00,1.366452884674072266e+01,2.700182199478149414e+00
-2.723245620727539062e+00,-9.303873032331466675e-02,1.459499263763427734e+01
1.409616088867187500e+01,-2.173789978027343750e+00,1.472059059143066406e+01
6.536873340606689453e+00,8.730683326721191406e-01,-1.702348136901855469e+01
-7.079709053039550781e+00,8.389790534973144531e+00,1.187058925628662109e+01
-1.635215759277343750e+01,7.214101314544677734e+00,8.038348197937011719e+00
1.051850700378417969e+01,9.507857322692871094e+00,1.169118881225585938e+01
6.391859531402587891e+00,1.113526821136474609e+01,-6.829797744750976562e+00
6.345398902893066406e+00,1.119633674621582031e+01,-6.904466629028320312e+00
3.426625251770019531e+00,4.574588775634765625e+00,-8.874267935752868652e-01
-1.219612583518028259e-01,1.732699775695800781e+01,1.262708759307861328e+01
7.137969970703125000e+00,5.545833587646484375e+00,5.128295898437500000e+00
5.889769554138183594e+00,1.118470478057861328e+01,1.629156991839408875e-02
6.527486801147460938e+00,2.895131111145019531e+00,9.126720428466796875e+00
4.889140129089355469e+00,1.578702259063720703e+01,7.187688827514648438e+00
-1.631783866882324219e+01,7.179642677307128906e+00,8.004034042358398438e+00
8.482268452644348145e-01,2.082498073577880859e+00,-2.598606944084167480e-01
-1.117085143923759460e-01,1.756363296508789062e+01,1.269803905487060547e+01
6.099622726440429688e+00,1.007826614379882812e+01,-1.519132018089294434e+00
-6.857356071472167969e+00,1.916739273071289062e+01,-5.111787319183349609e+00
-3.309922456741333008e+00,1.966545677185058594e+01,2.146100997924804688e+00
1.427384662628173828e+01,1.885966300964355469e+01,7.853901863098144531e+00
-1.751857995986938477e-02,1.759175109863281250e+01,1.270572566986083984e+01
1.425079536437988281e+01,1.882185363769531250e+01,7.838032245635986328e+00
-7.356084138154983521e-02,1.730713272094726562e+01,1.233103847503662109e+01
-3.346243858337402344e+00,1.962916755676269531e+01,2.182456493377685547e+00
6.739719867706298828e+00,-7.231783390045166016e+00,-6.610771268606185913e-02
-1.339896869659423828e+01,4.390220165252685547e+00,1.975176453590393066e+00
1.426267910003662109e+01,1.883278656005859375e+01,7.837553977966308594e+00
1.681413888931274414e+00,2.316815948486328125e+01,-6.910697937011718750e+00
-6.816310882568359375e+00,1.933874511718750000e+01,-5.273696899414062500e+00
5.296048641204833984e+00,-6.172837257385253906e+00,1.468848323822021484e+01
3.151690006256103516e+00,-3.152863502502441406e+00,-9.027996063232421875e+00
6.337769508361816406e+00,1.117113494873046875e+01,-6.877164363861083984e+00
-9.708586692810058594e+00,1.379270362854003906e+01,2.467648267745971680e+00
-2.772290468215942383e+00,-7.721222877502441406e+00,9.354833602905273438e+00
1.418059158325195312e+01,1.876553344726562500e+01,7.847291469573974609e+00
-4.779784977436065674e-01,7.996466159820556641e+00,-1.207324415445327759e-01
1.423922157287597656e+01,1.882583427429199219e+01,7.826507091522216797e+00
5.171908855438232422e+00,1.125648403167724609e+01,-1.510102987289428711e+00
1.359646892547607422e+01,1.835120391845703125e+01,7.964790344238281250e+00
1.008325004577636719e+01,-1.116701698303222656e+01,1.001628589630126953e+01
1.371603488922119141e+01,1.867919158935546875e+01,7.345418453216552734e+00
1.522923851013183594e+01,-1.158766078948974609e+01,6.020926952362060547e+00
1.365881633758544922e+01,4.372914314270019531e+00,-1.270990848541259766e+01
-5.815237998962402344e+00,1.424683952331542969e+01,-1.494266414642333984e+01
6.345354557037353516e+00,1.119621086120605469e+01,-6.904327392578125000e+00
1.772016525268554688e+01,-3.480837047100067139e-01,-4.595591545104980469e+00
-9.770288467407226562e+00,1.372992420196533203e+01,2.218454837799072266e+00
-1.638932609558105469e+01,7.252582550048828125e+00,8.075535774230957031e+00
1.898307800292968750e+01,5.686517715454101562e+00,-2.549190521240234375e+00
3.970027208328247070e+00,-1.231434726715087891e+01,-9.640830039978027344e+00
4.875081539154052734e+00,1.579985904693603516e+01,7.175172328948974609e+00
-1.241638469696044922e+01,-2.457119941711425781e+00,4.205029010772705078e+00
6.322782516479492188e+00,1.122106647491455078e+01,-6.930176734924316406e+00
4.063855648040771484e+00,1.419072723388671875e+01,1.338373184204101562e+00
8.530170440673828125e+00,1.781503105163574219e+01,-2.776733636856079102e+00
1.555313491821289062e+01,6.255984783172607422e+00,6.101584434509277344e+00
1.558472824096679688e+01,1.307054424285888672e+01,-4.682817459106445312e+00
-6.315908432006835938e+00,1.373387622833251953e+01,-1.469357204437255859e+01
3.673343658447265625e-01,-7.926378726959228516e+00,-4.486143589019775391e+00
-2.742546796798706055e+00,-1.109523773193359375e-01,1.460378170013427734e+01
-1.340356254577636719e+01,4.411156177520751953e+00,1.952096819877624512e+00
1.397211265563964844e+01,4.524965763092041016e+00,-1.288620471954345703e+01
1.387346458435058594e+01,-4.502491474151611328e+00,-1.458258533477783203e+01
1.635263061523437500e+01,-6.533210754394531250e+00,1.177933502197265625e+01
1.110903930664062500e+01,-3.961382627487182617e+00,-5.478121280670166016e+00
1.391994762420654297e+01,4.555154323577880859e+00,-1.280101108551025391e+01
-5.662428140640258789e-01,7.662147045135498047e+00,2.103626251220703125e+00
1.554468917846679688e+01,6.247444152832031250e+00,6.110464096069335938e+00
1.532239055633544922e+01,-1.168062973022460938e+01,5.928649425506591797e+00
-1.372792601585388184e+00,-6.082574844360351562e+00,-9.093928337097167969e+00
-3.535264432430267334e-01,1.104830646514892578e+01,1.751236724853515625e+01
8.436605453491210938e+00,-1.448291778564453125e+01,1.919366955757141113e+00
-8.380496978759765625e+00,1.031825065612792969e+01,7.107909202575683594e+00
-1.340037441253662109e+01,4.385795116424560547e+00,1.978510737419128418e+00
3.995083332061767578e+00,-1.228917503356933594e+01,-9.664230346679687500e+00
-5.277597904205322266e+00,5.503262519836425781e+00,-1.830883026123046875e+01
3.241360187530517578e+00,-3.100922822952270508e+00,-8.935157775878906250e+00
-8.653532028198242188e+00,-7.090637207031250000e+00,-1.186867237091064453e+00
1.554457759857177734e+01,6.247437000274658203e+00,6.110394954681396484e+00
-4.291902542114257812e+00,-1.300453567504882812e+01,-1.410688400268554688e+00
-5.232317447662353516e+00,5.457677841186523438e+00,-1.835447311401367188e+01
4.557250499725341797e+00,6.668565750122070312e+00,-1.799969291687011719e+01
8.686920166015625000e+00,1.889447593688964844e+01,-3.299261808395385742e+00
-8.654151916503906250e+00,-7.091128349304199219e+00,-1.187395572662353516e+00
-8.653490066528320312e+00,-7.090504169464111328e+00,-1.186796307563781738e+00
-1.397093087434768677e-01,1.742903327941894531e+01,1.255125236511230469e+01
5.274952411651611328e+00,-6.152141094207763672e+00,1.466647911071777344e+01
-5.201814651489257812e+00,5.420906066894531250e+00,-1.839124488830566406e+01
7.278875708580017090e-01,1.243004798889160156e+01,-2.369084119796752930e+00
-9.658875465393066406e+00,1.378384685516357422e+01,2.474527835845947266e+00
-1.372490882873535156e+00,-6.082385063171386719e+00,-9.093475341796875000e+00
-9.777349472045898438e+00,1.367549037933349609e+01,2.144272089004516602e+00
1.965355110168457031e+01,2.575647592544555664e+00,-1.445087051391601562e+01
8.431879043579101562e+00,-1.448964691162109375e+01,1.919309139251708984e+00
-5.960557937622070312e+00,1.409162807464599609e+01,-1.464129829406738281e+01
6.376643657684326172e+00,1.115743350982666016e+01,-6.823742866516113281e+00
-9.618272781372070312e+00,1.400636482238769531e+01,2.854636669158935547e+00
8.654727935791015625e+00,1.893093299865722656e+01,-3.275326728820800781e+00
1.648316192626953125e+01,-6.664013862609863281e+00,1.164876079559326172e+01
2.108698081970214844e+01,8.063327789306640625e+00,8.809967041015625000e+00
8.592182159423828125e+00,1.835066986083984375e+01,-3.181155204772949219e+00
6.886744022369384766e+00,3.815283536911010742e+00,5.103654384613037109e+00
-9.838900566101074219e+00,1.387364292144775391e+01,2.389093637466430664e+00
1.215273666381835938e+01,-6.371442317962646484e+00,1.183748841285705566e+00
-7.020451068878173828e+00,8.343917846679687500e+00,1.181048297882080078e+01
-1.201918983459472656e+01,4.994344711303710938e-01,1.043911266326904297e+01
-4.284313201904296875e+00,2.063806295394897461e+00,-9.954971313476562500e+00
9.774053573608398438e+00,-3.513654470443725586e+00,8.042344093322753906e+00
1.899082946777343750e+01,3.697303295135498047e+00,1.294961929321289062e+01
1.387288761138916016e+01,-4.501833438873291016e+00,-1.458308792114257812e+01
6.262617588043212891e+00,4.658777236938476562e+00,6.349909782409667969e+00
-5.161353588104248047e+00,1.106197643280029297e+01,-5.118011474609375000e+00
1.965044021606445312e+01,2.578812599182128906e+00,-1.445323181152343750e+01
6.276949405670166016e+00,4.664798736572265625e+00,6.328302383422851562e+00
6.095415115356445312e+00,1.008186912536621094e+01,-1.515472531318664551e+00
1.603697180747985840e+00,7.564628601074218750e+00,4.529718875885009766e+00
1.772186851501464844e+01,-3.500263690948486328e-01,-4.597400188446044922e+00
-9.876140594482421875e+00,1.396547698974609375e+01,2.475846529006958008e+00
1.771138191223144531e+01,-3.394546210765838623e-01,-4.586974143981933594e+00
1.208549785614013672e+01,1.707299232482910156e+01,8.673384785652160645e-01
6.887845039367675781e+00,3.797766923904418945e+00,5.110434532165527344e+00
4.151055812835693359e+00,6.269943237304687500e+00,-1.767842102050781250e+01
-4.338744163513183594e+00,-1.289646816253662109e+01,6.317073345184326172e+00
8.400821685791015625e+00,-1.452447128295898438e+01,1.877627968788146973e+00
1.031101608276367188e+01,9.326742172241210938e+00,1.180279922485351562e+01
1.377732753753662109e+01,1.868188095092773438e+01,7.401704311370849609e+00
1.004560756683349609e+01,-1.120263957977294922e+01,9.978647232055664062e+00
1.870271873474121094e+01,-6.996148586273193359e+00,4.740595817565917969e+00
7.397204875946044922e+00,7.244204521179199219e+00,8.521020889282226562e+00
1.775387573242187500e+01,-3.857926428318023682e-01,-4.633089542388916016e+00
-1.516874283552169800e-01,1.759007072448730469e+01,1.257313156127929688e+01
-3.843148052692413330e-01,1.711761474609375000e+01,1.244268894195556641e+01
-5.245804309844970703e+00,1.098056316375732422e+01,-5.179090976715087891e+00
4.125956535339355469e+00,6.245056152343750000e+00,-1.764806365966796875e+01
4.431525230407714844e+00,-1.510797309875488281e+01,7.980258941650390625e+00
-1.097296047210693359e+01,2.523844480514526367e+00,-1.594633769989013672e+01
-2.757609367370605469e+00,-7.735961914062500000e+00,9.369562149047851562e+00
-7.798655629158020020e-01,1.065958213806152344e+01,1.759626197814941406e+01
8.440190315246582031e+00,1.778590583801269531e+01,-2.883648872375488281e+00
1.482664871215820312e+01,-8.426316261291503906e+00,-5.930337429046630859e+00
-6.356204986572265625e+00,-6.855216979980468750e+00,2.890221834182739258e+00
8.452067375183105469e+00,1.787712287902832031e+01,-2.802408933639526367e+00
1.637421226501464844e+01,-6.553470611572265625e+00,1.175771903991699219e+01
-2.340427875518798828e+00,-2.188369750976562500e+00,-1.805728912353515625e+01
-6.106636047363281250e+00,1.404108905792236328e+01,-1.484599494934082031e+01
-1.194179439544677734e+01,5.759435296058654785e-01,1.036310768127441406e+01
1.533000278472900391e+01,-1.168825054168701172e+01,5.920314788818359375e+00
-1.867230606079101562e+01,2.195500612258911133e+00,-1.178498864173889160e+00
-4.291526317596435547e+00,-1.300458812713623047e+01,-1.410513877868652344e+00
-1.338245487213134766e+01,4.358661651611328125e+00,1.979933738708496094e+00
5.496985435485839844e+00,-5.346574783325195312e+00,-1.690545845031738281e+01
1.351523208618164062e+01,1.840253067016601562e+01,7.911439895629882812e+00
1.353231334686279297e+01,1.827231025695800781e+01,8.036580085754394531e+00
1.872424697875976562e+01,-6.997796535491943359e+00,4.714837074279785156e+00
-2.358872652053833008e+00,-2.206357955932617188e+00,-1.803833198547363281e+01
6.333683490753173828e+00,1.120221614837646484e+01,-6.909464359283447266e+00
-1.158891391754150391e+01,5.413283824920654297e+00,1.463050937652587891e+01
-4.298953056335449219e+00,-1.302346038818359375e+01,-1.391812086105346680e+00
-4.405859947204589844e+00,-1.005640029907226562e+00,6.254644393920898438e+00
5.789635181427001953e+00,1.130689907073974609e+01,1.477351486682891846e-01
2.394525289535522461e+00,4.879854202270507812e+00,1.558582305908203125e+00
1.013665485382080078e+01,-1.369977569580078125e+01,-4.240800857543945312e+00
-1.237969589233398438e+01,-2.456495285034179688e+00,4.241643905639648438e+00
-1.203059077262878418e+00,3.224977016448974609e+00,1.958025217056274414e+00
-6.281908512115478516e+00,1.376694393157958984e+01,-1.467100429534912109e+01
-1.342016220092773438e+01,4.422034740447998047e+00,1.995706915855407715e+00
-6.661673635244369507e-02,1.762884521484375000e+01,1.276833152770996094e+01
1.675503730773925781e+00,2.318036079406738281e+01,-6.938981056213378906e+00
9.091209411621093750e+00,8.081553459167480469e+00,-1.083325672149658203e+01
-1.379166364669799805e+00,-6.089574813842773438e+00,-9.100243568420410156e+00
-1.114711666107177734e+01,-1.238579154014587402e-01,-4.696495056152343750e+00
-5.004627227783203125e+00,1.078992271423339844e+01,-5.113056182861328125e+00
-2.762295722961425781e+00,-7.731185436248779297e+00,9.364665031433105469e+00
5.492425058037042618e-03,1.737547683715820312e+01,1.219987678527832031e+01
-9.714961051940917969e+00,1.409748744964599609e+01,2.635374069213867188e+00
9.837823867797851562e+00,-8.819172859191894531e+00,-9.162407875061035156e+00
-9.808190345764160156e+00,1.391038036346435547e+01,2.474745512008666992e+00
5.163253307342529297e+00,1.126543903350830078e+01,-1.509854912757873535e+00
1.214607048034667969e+01,-6.369823932647705078e+00,1.190389275550842285e+00
-4.631221294403076172e-01,1.745442390441894531e+01,1.220793056488037109e+01
-3.944866955280303955e-01,1.101568889617919922e+01,1.780354690551757812e+01
1.404443836212158203e+01,1.866460418701171875e+01,7.971764087677001953e+00
2.746052265167236328e+00,-9.180752754211425781e+00,-1.539553642272949219e+01
1.697174668312072754e+00,2.315337181091308594e+01,-6.858994007110595703e+00
1.215202426910400391e+01,-6.371206760406494141e+00,1.184583663940429688e+00
-1.868819427490234375e+01,2.140654325485229492e+00,-1.233566045761108398e+00
1.517268180847167969e+01,9.577437639236450195e-01,7.776248931884765625e+00
5.171703338623046875e+00,1.125681018829345703e+01,-1.510036468505859375e+00
-9.771702766418457031e+00,1.371938037872314453e+01,2.205275058746337891e+00
-4.319013118743896484e+00,-1.299717712402343750e+01,-1.381228923797607422e+00
7.277597784996032715e-01,1.243017387390136719e+01,-2.369052648544311523e+00
3.543790102005004883e+00,4.433143138885498047e+00,-8.520948886871337891e-01
2.175447273254394531e+01,-4.094550609588623047e+00,-1.078076243400573730e+00
-1.091691875457763672e+01,2.579968452453613281e+00,-1.589055633544921875e+01
1.479912662506103516e+01,-8.400019645690917969e+00,-5.960853099822998047e+00
8.438006401062011719e+00,-1.448269844055175781e+01,1.917010188102722168e+00
-4.288336932659149170e-01,7.950686454772949219e+00,2.634012222290039062e+00
-6.068219184875488281e+00,1.406900024414062500e+01,-1.469622611999511719e+01
4.372272014617919922e+00,6.417089462280273438e+00,-1.788627624511718750e+01
-1.069086742401123047e+01,-5.601131439208984375e+00,1.084092807769775391e+01
-2.761813879013061523e+00,-1.298854053020477295e-01,1.463681793212890625e+01
-1.073589229583740234e+01,-5.557884693145751953e+00,1.089036655426025391e+01
2.327561140060424805e+00,6.104805946350097656e+00,-2.420839071273803711e+00
3.211557626724243164e+00,-3.089371681213378906e+00,-8.963150978088378906e+00
1.034049034118652344e+01,9.361561775207519531e+00,1.186857891082763672e+01
4.788981914520263672e+00,1.588199329376220703e+01,7.085680961608886719e+00
1.374817752838134766e+01,1.863778495788574219e+01,7.406898975372314453e+00
5.832602500915527344e+00,2.114514708518981934e-01,-1.614132881164550781e+00
4.896560192108154297e+00,1.578059005737304688e+01,7.194418907165527344e+00
6.693861007690429688e+00,-7.278285026550292969e+00,-2.076379582285881042e-02
-2.809685945510864258e+00,-1.279670619964599609e+01,-8.985696792602539062e+00
8.578051567077636719e+00,1.775279045104980469e+01,-4.190590381622314453e+00
8.749515533447265625e+00,1.895455551147460938e+01,-3.366516590118408203e+00
1.482993793487548828e+01,-8.431054115295410156e+00,-5.931094169616699219e+00
8.475721359252929688e+00,1.785343360900878906e+01,-2.830204486846923828e+00
8.522453308105468750e+00,1.790431022644042969e+01,-2.876807212829589844e+00
-1.039487075805664062e+01,-8.557358741760253906e+00,-7.944237709045410156e+00
-9.627931594848632812e+00,-3.385393142700195312e+00,-1.154070663452148438e+01
9.438153266906738281e+00,1.238733100891113281e+01,-1.154729652404785156e+01
5.263200402259826660e-01,1.301005744934082031e+01,2.568389892578125000e+00
8.123825073242187500e+00,-1.387512534856796265e-01,1.637417030334472656e+01
-1.523415756225585938e+01,4.085864067077636719e+00,-7.672471046447753906e+00
1.381469821929931641e+01,1.852738380432128906e+01,7.780560970306396484e+00
1.386907577514648438e+01,1.849564743041992188e+01,7.767200946807861328e+00
5.833170890808105469e+00,2.106493711471557617e-01,-1.614386320114135742e+00
-1.073586940765380859e+01,-5.557861328125000000e+00,1.089034652709960938e+01
9.091221809387207031e+00,8.081363677978515625e+00,-1.083326530456542969e+01
9.092724800109863281e+00,8.088266372680664062e+00,-1.083393955230712891e+01
1.895872497558593750e+01,5.662435531616210938e+00,-2.524343729019165039e+00
2.093708419799804688e+01,1.075631427764892578e+01,2.531414747238159180e+00
2.317489147186279297e+00,6.115450382232666016e+00,-2.430227279663085938e+00
1.047051525115966797e+01,9.466313362121582031e+00,1.176502704620361328e+01
-1.629746055603027344e+01,-4.475184440612792969e+00,-2.455300092697143555e+00
-4.288477897644042969e+00,-1.300252056121826172e+01,-1.412070631980895996e+00
-9.809122234582901001e-02,-5.845767498016357422e+00,9.753615260124206543e-01
-1.579266309738159180e+00,8.476280212402343750e+00,-3.238476037979125977e+00
-6.708224773406982422e+00,1.924030685424804688e+01,-5.179372787475585938e+00
8.439292907714843750e+00,-1.449238204956054688e+01,1.923232674598693848e+00
-1.869378852844238281e+01,2.140684604644775391e+00,-1.246451258659362793e+00
-3.994538784027099609e-01,1.100699329376220703e+01,1.751525115966796875e+01
4.320104598999023438e+00,5.376299858093261719e+00,-4.116655826568603516e+00
1.562541675567626953e+01,1.312645244598388672e+01,-4.728039264678955078e+00
8.538704872131347656e+00,1.778594207763671875e+01,-2.873756170272827148e+00
-4.896912872791290283e-01,1.728266143798828125e+01,1.233990192413330078e+01
7.592937469482421875e+00,9.679886817932128906e+00,-2.752669095993041992e+00
5.173497200012207031e+00,1.125500679016113281e+01,-1.509924769401550293e+00
3.586738348007202148e+00,5.634187221527099609e+00,-5.044201388955116272e-02
-1.384635567665100098e+00,-6.093420982360839844e+00,-9.104496002197265625e+00
3.398359537124633789e+00,6.639589309692382812e+00,-1.778343915939331055e+00
1.356512451171875000e+01,1.829118537902832031e+01,7.943626403808593750e+00
-1.006683588027954102e+00,3.180308103561401367e+00,9.216505289077758789e-01
4.404621601104736328e+00,6.565489768981933594e+00,-1.774929428100585938e+01
3.420789718627929688e+00,4.573278903961181641e+00,-8.854069113731384277e-01
6.534796714782714844e+00,8.757095932960510254e-01,-1.702117729187011719e+01
-1.686478805541992188e+01,1.085888195037841797e+01,-2.885359048843383789e+00
1.409677505493164062e+01,-2.174393653869628906e+00,1.472110462188720703e+01
-1.067600345611572266e+01,-5.497920513153076172e+00,1.082992553710937500e+01
1.868987083435058594e+01,-7.011739253997802734e+00,4.754158496856689453e+00
1.387315177917480469e+01,-4.502143859863281250e+00,-1.458269977569580078e+01
1.212181377410888672e+01,1.703650856018066406e+01,9.035943746566772461e-01
-4.360268592834472656e+00,-1.287396430969238281e+01,6.295881748199462891e+00
1.421215534210205078e+01,1.880059623718261719e+01,7.836026668548583984e+00
2.106503868103027344e+01,8.072793960571289062e+00,8.842394828796386719e+00
-9.905657768249511719e+00,1.404111099243164062e+01,2.387567758560180664e+00
-5.259987831115722656e+00,5.486558914184570312e+00,-1.832546997070312500e+01
-9.494479298591613770e-01,1.241426467895507812e+00,2.249659729003906250e+01
-1.089218711853027344e+01,2.604623556137084961e+00,-1.586616230010986328e+01
-5.233873367309570312e+00,5.459667682647705078e+00,-1.835251617431640625e+01
1.053493118286132812e+01,9.525502204895019531e+00,1.167529201507568359e+01
1.360364818572998047e+01,1.833299064636230469e+01,8.003938674926757812e+00
1.360128498077392578e+01,4.332397937774658203e+00,-1.260456085205078125e+01
-1.157800197601318359e+01,5.402319431304931641e+00,1.461951732635498047e+01
2.177030944824218750e+01,-4.078585624694824219e+00,-1.065883994102478027e+00
-5.806171800941228867e-03,1.712930107116699219e+01,1.232601928710937500e+01
-4.368739604949951172e+00,-1.283894920349121094e+01,6.331326007843017578e+00
-1.181818675994873047e+01,-1.165077877044677734e+01,5.584815025329589844e+00
1.195162415504455566e+00,2.901661872863769531e+00,8.462753891944885254e-01
-9.487338066101074219e-01,1.240715503692626953e+00,2.249587059020996094e+01
-9.899487346410751343e-02,-5.846653461456298828e+00,9.763442873954772949e-01
-5.915876388549804688e+00,1.404764366149902344e+01,-1.432625961303710938e+01
-9.875288009643554688e-01,1.285807013511657715e+00,2.252838897705078125e+01
8.435899734497070312e+00,-1.448499202728271484e+01,1.918376326560974121e+00
4.364328384399414062e+00,-1.504139900207519531e+01,8.046832084655761719e+00
1.642590713500976562e+01,-6.599975585937500000e+00,1.170603275299072266e+01
-9.754548072814941406e+00,1.380724620819091797e+01,2.405164003372192383e+00
-6.755599021911621094e+00,1.926894187927246094e+01,-5.221639633178710938e+00
6.546300888061523438e+00,8.631267547607421875e-01,-1.703355598449707031e+01
1.355269241333007812e+01,1.829194450378417969e+01,8.033472061157226562e+00
-6.120307445526123047e+00,1.388976955413818359e+01,-1.447237014770507812e+01
-4.348653316497802734e+00,-1.288429737091064453e+01,6.307768344879150391e+00
-2.828596115112304688e+00,-1.277332496643066406e+01,-9.005434989929199219e+00
-4.294700145721435547e+00,-1.300961112976074219e+01,-1.405127406120300293e+00
1.383482456207275391e+01,4.706414699554443359e+00,-1.257704639434814453e+01
3.407241344451904297e+00,5.933630943298339844e+00,-1.253520607948303223e+00
-1.999604552984237671e-01,-1.280221271514892578e+01,1.388643741607666016e+01
-8.763020038604736328e-01,1.167339563369750977e+00,2.243098258972167969e+01
3.929898738861083984e-01,-7.900063991546630859e+00,-4.511808395385742188e+00
-5.736199617385864258e-01,1.089239311218261719e+01,1.769195556640625000e+01
-1.444108635187149048e-01,-1.284005260467529297e+01,1.383065128326416016e+01
1.016570949554443359e+01,-1.367861080169677734e+01,-4.211623191833496094e+00
-1.647969365119934082e+00,-1.642637968063354492e+00,-2.983193874359130859e+00
1.480514144897460938e+01,-8.431918144226074219e+00,-5.952480316162109375e+00
-2.364649295806884766e+00,-2.212702989578247070e+00,-1.805660057067871094e+01
1.379456901550292969e+01,1.847552299499511719e+01,7.871386051177978516e+00
-5.233699321746826172e+00,5.459466457366943359e+00,-1.835268020629882812e+01
-1.658547759056091309e+00,-1.654306769371032715e+00,-2.993381738662719727e+00
6.282604217529296875e+00,4.668912410736083984e+00,6.310272693634033203e+00
-1.179892444610595703e+01,1.059147930145263672e+01,-8.064605712890625000e+00
1.104194545745849609e+01,-4.028730392456054688e+00,-5.489592075347900391e+00
-5.147877216339111328e+00,5.555176734924316406e+00,-1.825683593750000000e+01
-2.714633703231811523e+00,-7.772591590881347656e+00,9.413336753845214844e+00
1.894892501831054688e+01,3.742198228836059570e+00,1.290661716461181641e+01
1.872541236877441406e+01,-7.019128322601318359e+00,4.718663215637207031e+00
-2.694380283355712891e+00,-7.798537254333496094e+00,9.432434082031250000e+00
-5.692330837249755859e+00,1.388163280487060547e+01,-1.482193756103515625e+01
4.159343242645263672e+00,6.278440952301025391e+00,-1.769016075134277344e+01
1.071304798126220703e+01,4.777033805847167969e+00,1.828401947021484375e+01
9.845232963562011719e+00,-8.811325073242187500e+00,-9.240179061889648438e+00
-1.201711273193359375e+01,5.016544461250305176e-01,1.043688869476318359e+01
-1.339132690429687500e+01,4.399965286254882812e+00,1.965190887451171875e+00
-1.073642921447753906e+01,-5.557196617126464844e+00,1.087625312805175781e+01
1.034584999084472656e+01,9.360205650329589844e+00,1.186299324035644531e+01
1.661317073740065098e-04,1.761466026306152344e+01,1.276524829864501953e+01
1.355488491058349609e+01,1.828586769104003906e+01,8.022796630859375000e+00
-1.618439483642578125e+01,-4.350449562072753906e+00,-2.345510721206665039e+00
1.518729782104492188e+01,9.469200372695922852e-01,7.760484218597412109e+00
-1.374122381210327148e+00,-6.084091186523437500e+00,-9.095173835754394531e+00
1.007928752899169922e+01,-1.117045307159423828e+01,1.001227855682373047e+01
2.205834388732910156e+01,9.103481292724609375e+00,-7.181716918945312500e+00
1.892600822448730469e+01,3.757051944732666016e+00,1.300049591064453125e+01
6.517306327819824219e+00,8.922794461250305176e-01,-1.700464630126953125e+01
1.516520881652832031e+01,9.749862551689147949e-01,7.788437366485595703e+00
2.204856872558593750e+01,9.094659805297851562e+00,-7.188659191131591797e+00
-1.164820098876953125e+01,5.472528934478759766e+00,1.468974971771240234e+01
5.294733524322509766e+00,-6.171377182006835938e+00,1.468700313568115234e+01
1.391615772247314453e+01,1.865800285339355469e+01,7.592008113861083984e+00
1.710210442543029785e+00,2.312937927246093750e+01,-6.869804859161376953e+00
1.965313529968261719e+01,2.576519966125488281e+00,-1.445096778869628906e+01
-4.358980178833007812e+00,-1.287420082092285156e+01,6.297760009765625000e+00
4.799131870269775391e+00,1.586749553680419922e+01,7.095353126525878906e+00
4.863005504012107849e-02,1.717841148376464844e+01,1.229206371307373047e+01
-2.686014652252197266e+00,-1.291663932800292969e+01,-9.153066635131835938e+00
9.726230621337890625e+00,-3.573648691177368164e+00,7.994579315185546875e+00
-1.199897003173828125e+01,5.205234289169311523e-01,1.041814994812011719e+01
-3.946472108364105225e-01,1.749548912048339844e+01,1.227052211761474609e+01
-6.735505580902099609e+00,1.921010971069335938e+01,-5.151332378387451172e+00
-1.116648387908935547e+01,-1.440915912389755249e-01,-4.711122035980224609e+00
-1.333586311340332031e+01,4.383227348327636719e+00,1.908676147460937500e+00
-1.096505546569824219e+01,2.510760545730590820e+00,-1.597755622863769531e+01
1.364423465728759766e+01,1.838189697265625000e+01,7.954479217529296875e+00
4.359292030334472656e+00,-1.503629589080810547e+01,8.051961898803710938e+00
2.202392768859863281e+01,9.064752578735351562e+00,-7.220185279846191406e+00
2.062555313110351562e+01,1.234075069427490234e+00,3.816247463226318359e+00
1.515788269042968750e+01,9.857352375984191895e-01,7.799290180206298828e+00
1.047981262207031250e+01,9.472230911254882812e+00,1.172941970825195312e+01
-1.441086977720260620e-01,-1.284030914306640625e+01,1.383038234710693359e+01
1.903438186645507812e+01,3.656297922134399414e+00,1.289731884002685547e+01
1.529243850708007812e+01,-1.163645458221435547e+01,5.961854457855224609e+00
1.373558712005615234e+01,4.484522342681884766e+00,-1.272276401519775391e+01
-1.181566238403320312e+01,-1.164225387573242188e+01,5.575667858123779297e+00
1.768194007873535156e+01,-3.102385997772216797e-01,-4.557695388793945312e+00
8.166368484497070312e+00,-1.811721026897430420e-01,1.633134841918945312e+01
8.469658851623535156e+00,1.786242485046386719e+01,-2.838776588439941406e+00
-4.288448989391326904e-01,1.097216320037841797e+01,1.753316497802734375e+01
-1.588334798812866211e+00,8.471015930175781250e+00,-3.246890544891357422e+00
1.683704137802124023e+00,2.316749954223632812e+01,-6.916318893432617188e+00
1.518137836456298828e+01,9.585596323013305664e-01,7.772077560424804688e+00
-6.707166135311126709e-02,3.971895694732666016e+00,1.709161281585693359e+00
-6.355637073516845703e+00,-6.855919837951660156e+00,2.889649391174316406e+00
1.046494388580322266e+01,9.463507652282714844e+00,1.174746227264404297e+01
1.387075233459472656e+01,4.533370971679687500e+00,-1.270261383056640625e+01
-4.369967937469482422e+00,-1.288455581665039062e+01,6.313202381134033203e+00
1.210126113891601562e+01,1.705703926086425781e+01,8.830931186676025391e-01
-6.684811115264892578e+00,1.934155654907226562e+01,-5.130056381225585938e+00
-4.792268574237823486e-01,8.967120170593261719e+00,4.350934028625488281e+00
9.819799423217773438e+00,-8.835860252380371094e+00,-9.179343223571777344e+00
1.778226089477539062e+01,-4.104055166244506836e-01,-4.658051967620849609e+00
1.901235389709472656e+01,3.677351236343383789e+00,1.293652534484863281e+01
-4.714681804180145264e-01,1.741182136535644531e+01,1.216824626922607422e+01
-3.337087869644165039e+00,1.963852310180664062e+01,2.173346996307373047e+00
6.191446304321289062e+00,5.906116008758544922e+00,5.394453048706054688e+00
1.406856250762939453e+01,-2.146274805068969727e+00,1.469300365447998047e+01
1.028501892089843750e+01,9.307963371276855469e+00,1.192405414581298828e+01
1.371490764617919922e+01,4.406334877014160156e+00,-1.277596950531005859e+01
6.889137268066406250e+00,3.794736146926879883e+00,5.110362529754638672e+00
1.043742561340332031e+01,9.435653686523437500e+00,1.177416324615478516e+01
8.191526412963867188e+00,-2.071555256843566895e-01,1.641204452514648438e+01
-3.245193243026733398e+00,1.972847175598144531e+01,2.082932949066162109e+00
9.800673484802246094e+00,-8.846791267395019531e+00,-9.192819595336914062e+00
1.772152519226074219e+01,-3.498148024082183838e-01,-4.597392082214355469e+00
-1.688372421264648438e+01,1.085590076446533203e+01,-2.909130334854125977e+00
-1.181565761566162109e+01,-1.164240360260009766e+01,5.575747489929199219e+00
1.387297534942626953e+01,-4.501901626586914062e+00,-1.458286571502685547e+01
-5.637708187103271484e+00,1.371486282348632812e+01,-1.469305801391601562e+01
-4.238417148590087891e+00,2.016610383987426758e+00,-1.000175666809082031e+01
8.139449119567871094e+00,-1.542306095361709595e-01,1.636093902587890625e+01
2.206732749938964844e+01,9.112757682800292969e+00,-7.172145843505859375e+00
-6.015574932098388672e+00,1.410072708129882812e+01,-1.486405658721923828e+01
5.538834095001220703e+00,-5.344006538391113281e+00,-1.690857315063476562e+01
1.168720483779907227e+00,-1.183319759368896484e+01,9.133997559547424316e-01
-2.770313262939453125e+00,-1.283158016204833984e+01,-9.064018249511718750e+00
-4.359683990478515625e+00,-1.287505626678466797e+01,6.298865318298339844e+00
6.523320674896240234e+00,8.861309885978698730e-01,-1.703369712829589844e+01
-9.570796012878417969e+00,-3.336757659912109375e+00,-1.160245132446289062e+01
-2.795656681060791016e+00,-7.697379589080810547e+00,9.331284523010253906e+00
-2.566314220428466797e+00,1.555749773979187012e-01,1.433453273773193359e+01
9.821192741394042969e+00,-3.481313943862915039e+00,8.089577674865722656e+00
8.105110168457031250e+00,-1.840689778327941895e-01,1.639305305480957031e+01
-1.119024181365966797e+01,-1.126190051436424255e-01,-4.656150817871093750e+00
1.772860145568847656e+01,-3.565587699413299561e-01,-4.606080532073974609e+00
4.429729938507080078e+00,-1.510638809204101562e+01,7.981700420379638672e+00
1.516579246520996094e+01,9.748298525810241699e-01,7.788298606872558594e+00
2.207119560241699219e+01,9.133220672607421875e+00,-7.151732444763183594e+00
2.107906723022460938e+01,8.058676719665527344e+00,8.828297615051269531e+00
-8.206501603126525879e-01,1.061215305328369141e+01,1.756155586242675781e+01
1.554279613494873047e+01,6.245772838592529297e+00,6.111817836761474609e+00
3.970318078994750977e+00,-1.231399154663085938e+01,-9.639569282531738281e+00
-1.340050506591796875e+01,4.389129638671875000e+00,1.973591923713684082e+00
-1.040761852264404297e+01,-8.541231155395507812e+00,-7.904564380645751953e+00
1.409142684936523438e+01,-2.168984174728393555e+00,1.471574974060058594e+01
-5.267168521881103516e+00,5.499702930450439453e+00,-1.831243324279785156e+01
-1.635198211669921875e+01,7.214083671569824219e+00,8.038127899169921875e+00
-4.237239360809326172e+00,2.017968893051147461e+00,-1.000044155120849609e+01
1.073617935180664062e+01,4.729323387145996094e+00,1.833133697509765625e+01
3.239479303359985352e+00,-3.128968238830566406e+00,-9.002986907958984375e+00
1.551487445831298828e+01,1.300765609741210938e+01,-4.766679763793945312e+00
-2.758494377136230469e+00,-7.734498023986816406e+00,9.368477821350097656e+00
1.014018917083740234e+01,-1.370376586914062500e+01,-4.237043380737304688e+00
1.970170021057128906e+01,2.581677436828613281e+00,-1.440173912048339844e+01
3.999871015548706055e+00,-1.231049442291259766e+01,-9.639822006225585938e+00
1.387325000762939453e+01,-4.503188610076904297e+00,-1.458437824249267578e+01
-6.510899066925048828e-01,9.195223808288574219e+00,4.068206310272216797e+00
1.529590415954589844e+01,-1.165370082855224609e+01,5.954585075378417969e+00
2.600766897201538086e+00,4.466044425964355469e+00,-4.246534824371337891e+00
-1.201620292663574219e+01,5.027466416358947754e-01,1.043589973449707031e+01
8.128804206848144531e+00,-1.456698328256607056e-01,1.637050247192382812e+01
-1.875808334350585938e+01,2.070808887481689453e+00,-1.303636312484741211e+00
1.107052612304687500e+01,-4.000205993652343750e+00,-5.465074539184570312e+00
8.479326248168945312e+00,1.785471534729003906e+01,-2.833893299102783203e+00
-7.069964408874511719e+00,8.380398750305175781e+00,1.187537097930908203e+01
5.304969310760498047e+00,-6.161489963531494141e+00,1.469637584686279297e+01
1.108143997192382812e+01,-3.989459753036499023e+00,-5.454451084136962891e+00
2.182537841796875000e+01,-4.099077224731445312e+00,-1.118986845016479492e+00
-1.236908054351806641e+01,-2.475642681121826172e+00,4.226041316986083984e+00
1.385333156585693359e+01,1.871240234375000000e+01,7.675891399383544922e+00
1.547680950164794922e+01,1.297162914276123047e+01,-4.652768611907958984e+00
-1.108633518218994141e+01,-1.576963961124420166e-01,-4.634862422943115234e+00
3.206819295883178711e+00,-3.066185235977172852e+00,-8.940211296081542969e+00
-1.089744418859481812e-01,1.735316467285156250e+01,1.243492126464843750e+01
4.270413875579833984e+00,6.381154537200927734e+00,-1.783592224121093750e+01
4.516963005065917969e+00,3.101465940475463867e+00,-1.243693947792053223e+00
2.286208152770996094e+00,4.768035411834716797e+00,1.475604772567749023e+00
6.340023994445800781e+00,9.972981452941894531e+00,-1.691120266914367676e+00
4.518166542053222656e+00,3.099900245666503906e+00,-1.244976997375488281e+00
-8.384003639221191406e+00,1.032177066802978516e+01,7.110743999481201172e+00
1.045748138427734375e+01,9.455761909484863281e+00,1.175439262390136719e+01
1.520513820648193359e+01,9.350151419639587402e-01,7.748647212982177734e+00
3.543530404567718506e-01,-7.939326286315917969e+00,-4.473209857940673828e+00
-2.747451782226562500e+00,-7.745506763458251953e+00,9.379537582397460938e+00
8.823072314262390137e-01,2.275558710098266602e+00,-8.010664582252502441e-02
7.275756597518920898e-01,1.243014526367187500e+01,-2.369129419326782227e+00
7.583214282989501953e+00,9.682907104492187500e+00,-2.741658449172973633e+00
-1.080387783050537109e+01,-5.594131946563720703e+00,1.092587280273437500e+01
5.834349155426025391e+00,2.100233286619186401e-01,-1.615766406059265137e+00
-1.356630921363830566e+00,-6.067059040069580078e+00,-9.077483177185058594e+00
7.592079639434814453e+00,9.680994033813476562e+00,-2.760228633880615234e+00
-2.822470664978027344e+00,-1.277939987182617188e+01,-9.014739036560058594e+00
6.351624011993408203e+00,1.118714523315429688e+01,-6.894517898559570312e+00
8.397938728332519531e+00,-1.452382946014404297e+01,1.879974722862243652e+00
2.384290695190429688e+00,3.705277204513549805e+00,1.586753487586975098e+00
1.640594291687011719e+01,-6.585658550262451172e+00,1.172598743438720703e+01
-1.588111281394958496e+00,8.471206665039062500e+00,-3.246756553649902344e+00
3.396570920944213867e+00,6.584403514862060547e+00,-1.739238858222961426e+00
-7.964830100536346436e-02,1.754762649536132812e+01,1.265679931640625000e+01
-3.361879348754882812e+00,1.961366271972656250e+01,2.197978734970092773e+00
-7.088130474090576172e+00,4.308186531066894531e+00,6.312448024749755859e+00
1.215555763244628906e+01,1.700286483764648438e+01,9.373167753219604492e-01
1.523117303848266602e+00,2.337039756774902344e+01,-7.138023376464843750e+00
1.968944740295410156e+01,2.585162401199340820e+00,-1.441170215606689453e+01
8.135957717895507812e+00,-1.530861556529998779e-01,1.636356735229492188e+01
1.772069740295410156e+01,-3.487718403339385986e-01,-4.596661567687988281e+00
1.405584812164306641e+01,4.279875755310058594e+00,-1.267566299438476562e+01
4.184096336364746094e+00,6.301813602447509766e+00,-1.770502662658691406e+01
-6.681478023529052734e+00,1.926203918457031250e+01,-5.149185657501220703e+00
7.982619404792785645e-01,2.319052219390869141e+00,-1.225701048970222473e-01
-5.102627277374267578e+00,3.152917623519897461e+00,1.506673097610473633e+00
-6.740989208221435547e+00,1.926800918579101562e+01,-5.262685775756835938e+00
-8.555768013000488281e+00,5.576350212097167969e+00,-3.192844867706298828e+00
-1.073762798309326172e+01,-5.557979106903076172e+00,1.088926887512207031e+01
5.536303043365478516e+00,-5.307631969451904297e+00,-1.694441986083984375e+01
1.515193343162536621e+00,2.333055877685546875e+01,-7.009544372558593750e+00
-1.685042381286621094e+01,1.084506320953369141e+01,-2.871518135070800781e+00
-6.797485351562500000e+00,1.922926902770996094e+01,-5.195479393005371094e+00
-1.104724025726318359e+01,-2.161882072687149048e-01,-4.786719322204589844e+00
8.545958995819091797e-01,2.078167676925659180e+00,-2.718899846076965332e-01
1.111343669891357422e+01,-3.957108974456787109e+00,-5.486535072326660156e+00
-4.397851467132568359e+00,-1.291558456420898438e+01,6.338094711303710938e+00
-2.236282348632812500e+00,6.296469688415527344e+00,-1.769842863082885742e+00
-5.795173168182373047e+00,1.424327278137207031e+01,-1.494473457336425781e+01
1.359888458251953125e+01,4.318279743194580078e+00,-1.260468673706054688e+01
-3.591613098978996277e-02,1.749237632751464844e+01,1.222619342803955078e+01
9.774435997009277344e+00,-3.512306928634643555e+00,8.042881011962890625e+00
-4.714047610759735107e-01,1.727881050109863281e+01,1.241030406951904297e+01
-4.352940559387207031e+00,-1.286899948120117188e+01,6.293062686920166016e+00
6.533787727355957031e+00,8.762230873107910156e-01,-1.702270317077636719e+01
-9.894341468811035156e+00,1.401105690002441406e+01,2.469931840896606445e+00
-1.183052921295166016e+01,-1.162794971466064453e+01,5.562053680419921875e+00
1.964046096801757812e+01,2.604937076568603516e+00,-1.444560050964355469e+01
1.407822799682617188e+01,-2.155800342559814453e+00,1.470281887054443359e+01
1.640353393554687500e+01,-6.587471961975097656e+00,1.172840309143066406e+01
-5.329036116600036621e-01,1.089768028259277344e+01,1.786632156372070312e+01
8.071011543273925781e+00,-8.825306594371795654e-02,1.642790412902832031e+01
-5.296022891998291016e+00,5.519498825073242188e+00,-1.828952407836914062e+01
2.183185195922851562e+01,-4.015766620635986328e+00,-1.130369901657104492e+00
-9.605125427246093750e+00,-3.373541116714477539e+00,-1.156809806823730469e+01
1.403351783752441406e+01,4.319507122039794922e+00,-1.271190834045410156e+01
8.474308967590332031e+00,-1.444714546203613281e+01,1.956346631050109863e+00
-6.720992565155029297e+00,-8.083647727966308594e+00,1.713462066650390625e+01
-1.030064010620117188e+01,-8.463003158569335938e+00,-7.892719745635986328e+00
-1.156250858306884766e+01,5.386833667755126953e+00,1.460403728485107422e+01
-1.635209655761718750e+01,7.214125633239746094e+00,8.038305282592773438e+00
2.810106754302978516e+00,-9.118728637695312500e+00,-1.533315467834472656e+01
1.646086502075195312e+01,-6.508766174316406250e+00,1.167121315002441406e+01
1.409158229827880859e+01,-2.169137239456176758e+00,1.471616458892822266e+01
3.969432830810546875e+00,-1.231484603881835938e+01,-9.638673782348632812e+00
8.697468757629394531e+00,1.887946128845214844e+01,-3.323912620544433594e+00
-8.708183288574218750e+00,-7.145123004913330078e+00,-1.241403937339782715e+00
2.743388891220092773e+00,-9.183970451354980469e+00,-1.539994812011718750e+01
-6.735996246337890625e+00,-8.101103782653808594e+00,1.715010643005371094e+01
1.901260566711425781e+01,3.678193330764770508e+00,1.297126579284667969e+01
-1.407571673393249512e+00,-6.118352413177490234e+00,-9.128699302673339844e+00
-3.444833457469940186e-01,1.109240150451660156e+01,1.764993858337402344e+01
2.178870964050292969e+01,-4.062115192413330078e+00,-1.084559440612792969e+00
1.016679573059082031e+01,-1.367765903472900391e+01,-4.210666179656982422e+00
8.569600105285644531e+00,1.777246475219726562e+01,-4.116009712219238281e+00
-6.412773132324218750e-01,1.088322067260742188e+01,1.774609947204589844e+01
-6.612109392881393433e-02,3.971379041671752930e+00,1.712522625923156738e+00
-4.327864050865173340e-01,1.103039264678955078e+01,1.753942298889160156e+01
3.969635486602783203e+00,-1.231480312347412109e+01,-9.638569831848144531e+00
-7.108546495437622070e-01,1.072659873962402344e+01,1.765928840637207031e+01
-1.629570388793945312e+01,-4.472532749176025391e+00,-2.453721761703491211e+00
-4.350527763366699219e+00,-1.307439327239990234e+01,-1.341165781021118164e+00
-1.629626846313476562e+01,-4.473035335540771484e+00,-2.454376697540283203e+00
-1.176596736907958984e+01,1.055817317962646484e+01,-8.098258972167968750e+00
1.046901512145996094e+01,9.465995788574218750e+00,1.175600528717041016e+01
-1.687188529968261719e+01,1.086554622650146484e+01,-2.892978906631469727e+00
8.514606356620788574e-01,6.256990432739257812e+00,1.887947678565979004e+00
-8.339073181152343750e+00,5.710449695587158203e+00,-2.962525367736816406e+00
-9.457505226135253906e+00,1.366111946105957031e+01,2.714466571807861328e+00
7.275032401084899902e-01,1.243021392822265625e+01,-2.369034528732299805e+00
1.533519363403320312e+01,1.309791946411132812e+01,-5.027034759521484375e+00
1.755845904350280762e+00,2.309689140319824219e+01,-6.881958007812500000e+00
8.452952504158020020e-01,2.110847234725952148e+00,-2.413713186979293823e-01
4.403627395629882812e+00,6.491745948791503906e+00,-1.788527488708496094e+01
-1.157077217102050781e+01,5.395033359527587891e+00,1.461230850219726562e+01
6.533823490142822266e+00,8.760034441947937012e-01,-1.702277374267578125e+01
-6.356070041656494141e+00,-6.855419158935546875e+00,2.890089511871337891e+00
1.388101577758789062e+01,-4.510295867919921875e+00,-1.457128524780273438e+01
-1.628836822509765625e+01,-4.464773178100585938e+00,-2.446440696716308594e+00
4.023891925811767578e+00,-5.382636070251464844e+00,7.325707435607910156e+00
8.479191780090332031e+00,1.785505485534667969e+01,-2.835251808166503906e+00
-1.178718090057373047e+01,1.057952022552490234e+01,-8.076760292053222656e+00
3.843202352523803711e+00,5.078086853027343750e+00,-2.082877874374389648e+00
-3.343109786510467529e-01,1.109724617004394531e+01,1.765097808837890625e+01
8.423674583435058594e+00,-1.450514984130859375e+01,1.937658667564392090e+00
6.547114849090576172e+00,8.785877823829650879e-01,-1.702892494201660156e+01
4.221016883850097656e+00,6.340664386749267578e+00,-1.773838806152343750e+01
9.775840759277343750e+00,-3.506420850753784180e+00,8.044311523437500000e+00
-5.238558650016784668e-01,1.088111782073974609e+01,1.755532646179199219e+01
-1.872167587280273438e+01,2.106320858001708984e+00,-1.267834305763244629e+00
-4.227244377136230469e+00,2.028044939041137695e+00,-9.990726470947265625e+00
1.215164089202880859e+01,-6.370895862579345703e+00,1.184254050254821777e+00
1.531248474121093750e+01,-1.169131755828857422e+01,5.916800975799560547e+00
1.390960788726806641e+01,-4.538798809051513672e+00,-1.458526039123535156e+01
6.738531112670898438e+00,-7.233016967773437500e+00,-6.491246074438095093e-02
6.537532329559326172e+00,8.655839562416076660e-01,-1.705738449096679688e+01
-1.234486675262451172e+01,-2.500118494033813477e+00,4.276079654693603516e+00
2.208688163757324219e+01,9.133612632751464844e+00,-7.151276588439941406e+00
5.327860832214355469e+00,-6.202548027038574219e+00,1.469799709320068359e+01
3.878619432449340820e+00,5.113480091094970703e+00,-2.051818370819091797e+00
1.483686065673828125e+01,-8.438416481018066406e+00,-5.924574851989746094e+00
-6.615535020828247070e-01,1.080528354644775391e+01,1.766529083251953125e+01
3.039351940155029297e+00,3.034766912460327148e+00,-5.282367706298828125e+00
-2.018131911754608154e-01,1.749381256103515625e+01,1.248347187042236328e+01
-1.784421354532241821e-01,1.727031326293945312e+01,1.244334030151367188e+01
-3.654357194900512695e-01,7.837835311889648438e+00,2.487247228622436523e+00
-1.181693840026855469e+01,-1.164126396179199219e+01,5.574807643890380859e+00
2.178888702392578125e+01,-4.062224864959716797e+00,-1.084518432617187500e+00
8.434618949890136719e+00,-1.448733615875244141e+01,1.919311523437500000e+00
1.517633152008056641e+01,9.726873636245727539e-01,7.774814605712890625e+00
4.160100460052490234e+00,6.276692390441894531e+00,-1.768500900268554688e+01
-3.668968677520751953e-01,1.103505611419677734e+01,1.750109672546386719e+01
1.558032608032226562e+01,6.286192417144775391e+00,6.058547973632812500e+00
6.353597640991210938e+00,1.118479919433593750e+01,-6.890445232391357422e+00
2.894238471984863281e+00,-1.003931045532226562e+00,3.305103778839111328e+00
4.549208641052246094e+00,6.658884525299072266e+00,-1.800408935546875000e+01
-8.562757372856140137e-01,9.291894912719726562e+00,3.872914791107177734e+00
-2.237454175949096680e+00,6.298005580902099609e+00,-1.766918063163757324e+00
-6.044062137603759766e+00,1.415738677978515625e+01,-1.489444065093994141e+01
1.880156135559082031e+01,-6.943400859832763672e+00,4.642604351043701172e+00
-2.821036577224731445e+00,-1.278081130981445312e+01,-9.013962745666503906e+00
2.781520366668701172e+00,-9.145930290222167969e+00,-1.536191082000732422e+01
-2.172584772109985352e+00,2.051568217575550079e-02,1.421082878112792969e+01
-7.079659938812255859e+00,8.390323638916015625e+00,1.186599063873291016e+01
-4.236692428588867188e+00,2.018452882766723633e+00,-1.000003147125244141e+01
1.108055496215820312e+01,-3.990116834640502930e+00,-5.453701496124267578e+00
1.871745872497558594e+01,-6.991935253143310547e+00,4.726952552795410156e+00
-1.374593496322631836e+00,-6.084789276123046875e+00,-9.095604896545410156e+00
-7.085999965667724609e+00,8.392098426818847656e+00,1.188731670379638672e+01
3.968146800994873047e+00,-1.231676959991455078e+01,-9.636488914489746094e+00
1.409209346771240234e+01,-2.169679641723632812e+00,1.471662902832031250e+01
-2.397931575775146484e+00,-2.245822429656982422e+00,-1.801196479797363281e+01
1.529420375823974609e+01,-1.165266227722167969e+01,5.955478191375732422e+00
-2.829292774200439453e+00,-1.277214717864990234e+01,-9.001571655273437500e+00
-1.034399509429931641e+01,-8.506213188171386719e+00,-7.940488338470458984e+00
-1.074645805358886719e+01,-5.565627574920654297e+00,1.089794826507568359e+01
1.604036211967468262e+00,7.564249038696289062e+00,4.529843330383300781e+00
3.197278976440429688e+00,-3.084413051605224609e+00,-8.976764678955078125e+00
1.371491050720214844e+01,4.437228202819824219e+00,-1.272791290283203125e+01
5.263572931289672852e-01,1.301006507873535156e+01,2.568386316299438477e+00
-2.037418127059936523e+00,6.330266475677490234e+00,-4.297549724578857422e+00
1.179482579231262207e+00,-1.182251262664794922e+01,9.131248593330383301e-01
9.438014984130859375e+00,1.238709259033203125e+01,-1.154727840423583984e+01
7.562996745109558105e-01,1.242041683197021484e+01,-2.397861242294311523e+00
8.553774833679199219e+00,1.780051803588867188e+01,-2.889304876327514648e+00
-2.238089084625244141e+00,6.298223972320556641e+00,-1.767053961753845215e+00
-6.013468265533447266e+00,1.416188526153564453e+01,-1.491121959686279297e+01
1.218344974517822266e+01,-6.389290809631347656e+00,1.154881119728088379e+00
-5.176331996917724609e+00,-4.430490493774414062e+00,-1.420237827301025391e+01
5.360063076019287109e+00,-6.106906414031982422e+00,1.475056838989257812e+01
-7.656916975975036621e-01,1.067107582092285156e+01,1.763183403015136719e+01
-8.574010848999023438e+00,-7.175767421722412109e+00,-1.271936178207397461e+00
2.062812614440917969e+01,1.239183664321899414e+00,3.820897817611694336e+00
-1.073863601684570312e+01,-5.558907032012939453e+00,1.088985538482666016e+01
1.485665035247802734e+01,-8.529143333435058594e+00,-5.904202938079833984e+00
-1.036071681976318359e+01,-8.522727012634277344e+00,-7.953005313873291016e+00
9.733059883117675781e+00,-3.481830596923828125e+00,8.001433372497558594e+00
1.012839412689208984e+01,-1.371065044403076172e+01,-4.248998165130615234e+00
-7.047907352447509766e+00,8.358136177062988281e+00,1.189899635314941406e+01
-1.630627632141113281e+01,-4.482014179229736328e+00,-2.464702606201171875e+00
2.099548149108886719e+01,1.080417537689208984e+01,2.603273630142211914e+00
-5.184220790863037109e+00,-4.425119400024414062e+00,-1.421021366119384766e+01
-2.551022052764892578e+00,4.197626374661922455e-03,1.429302024841308594e+01
-1.635215950012207031e+01,7.214178562164306641e+00,8.038381576538085938e+00
1.371223640441894531e+01,1.869133377075195312e+01,7.313551902770996094e+00
-1.179670238494873047e+01,1.058904266357421875e+01,-8.067216873168945312e+00
-9.241712689399719238e-01,1.217181563377380371e+00,2.247013664245605469e+01
9.145525693893432617e-01,3.287975311279296875e+00,-9.474884271621704102e-01
-2.357524633407592773e+00,-2.205492019653320312e+00,-1.804483413696289062e+01
-7.069664478302001953e+00,8.379951477050781250e+00,1.187716293334960938e+01
2.203426170349121094e+01,9.081057548522949219e+00,-7.203829765319824219e+00
4.014636993408203125e+00,-1.226885509490966797e+01,-9.697209358215332031e+00
1.213083553314208984e+01,-6.389637947082519531e+00,1.207276940345764160e+00
-1.630581474304199219e+01,-4.470347881317138672e+00,-2.464773654937744141e+00
-8.382051467895507812e+00,1.031970500946044922e+01,7.109858512878417969e+00
-1.629811859130859375e+01,-4.471966266632080078e+00,-2.456708192825317383e+00
-1.112714195251464844e+01,-1.100146099925041199e-01,-4.684940814971923828e+00
-7.702388167381286621e-01,1.066932487487792969e+01,1.763174247741699219e+01
1.377358627319335938e+01,1.861736869812011719e+01,7.626726627349853516e+00
1.368247413635253906e+01,1.870050811767578125e+01,7.314054012298583984e+00
7.591709136962890625e+00,9.680897712707519531e+00,-2.752411127090454102e+00
7.591815948486328125e+00,9.680647850036621094e+00,-2.750550746917724609e+00
5.171903133392333984e+00,1.125646495819091797e+01,-1.510324954986572266e+00
-1.158678722381591797e+01,5.411144733428955078e+00,1.462834739685058594e+01
-1.073853111267089844e+01,-5.558837413787841797e+00,1.088997364044189453e+01
1.387410449981689453e+01,-4.503234863281250000e+00,-1.458189773559570312e+01
-8.651929855346679688e+00,-7.094759464263916016e+00,-1.191009044647216797e+00
-1.461086887866258621e-02,1.719807815551757812e+01,1.231342220306396484e+01
3.217737674713134766e+00,-3.082234382629394531e+00,-8.956633567810058594e+00
5.815763473510742188e+00,1.128074359893798828e+01,1.217649802565574646e-01
-1.374699473381042480e+00,-6.084990501403808594e+00,-9.095727920532226562e+00
4.411016464233398438e+00,-1.508797073364257812e+01,8.000187873840332031e+00
8.477518081665039062e+00,1.784956550598144531e+01,-2.829268455505371094e+00
-1.239985752105712891e+01,-2.444958925247192383e+00,4.221110820770263672e+00
-2.267605215311050415e-01,1.750637435913085938e+01,1.246798419952392578e+01
-2.340278148651123047e+00,-2.188068628311157227e+00,-1.802738761901855469e+01
-1.737324893474578857e-01,1.748349189758300781e+01,1.235147666931152344e+01
-4.368556976318359375e+00,-1.288456726074218750e+01,6.290605545043945312e+00
1.357730674743652344e+01,1.824363327026367188e+01,8.043794631958007812e+00
1.404590988159179688e+01,-2.123405694961547852e+00,1.467067527770996094e+01
-9.827500581741333008e-02,-5.845974445343017578e+00,9.756309390068054199e-01
1.369525909423828125e+01,1.871805763244628906e+01,7.329522132873535156e+00
-1.660740822553634644e-01,8.179087638854980469e+00,3.325138568878173828e+00
4.008862495422363281e+00,-5.397682666778564453e+00,7.310690402984619141e+00
-1.687197494506835938e+01,1.086562728881835938e+01,-2.892907619476318359e+00
-4.357608556747436523e-01,1.724362182617187500e+01,1.244748497009277344e+01
1.108125209808349609e+01,-3.989342451095581055e+00,-5.454458713531494141e+00
-1.682126617431640625e+01,1.090710639953613281e+01,-2.843131780624389648e+00
-4.368963718414306641e+00,-1.288505649566650391e+01,6.290011405944824219e+00
4.522736072540283203e+00,6.628755092620849609e+00,-1.796965026855468750e+01
1.400426578521728516e+01,1.849482536315917969e+01,7.567714214324951172e+00
-6.721195697784423828e+00,-8.085459709167480469e+00,1.713623237609863281e+01
-9.442946314811706543e-01,1.230505585670471191e+00,2.249339103698730469e+01
-1.109410858154296875e+01,-7.729021459817886353e-02,-4.742302417755126953e+00
8.586843013763427734e-01,3.318936824798583984e+00,-9.856907129287719727e-01
-7.070658206939697266e+00,8.381068229675292969e+00,1.187704372406005859e+01
1.864007568359375000e+01,-6.932594776153564453e+00,4.804373741149902344e+00
4.518589019775390625e+00,3.099104404449462891e+00,-1.245184779167175293e+00
7.137184619903564453e+00,5.544440269470214844e+00,5.128871917724609375e+00
1.387421131134033203e+01,-4.503366470336914062e+00,-1.458166599273681641e+01
4.219178199768066406e+00,6.340032577514648438e+00,-1.772941780090332031e+01
1.016485023498535156e+01,-1.368007564544677734e+01,-4.212574958801269531e+00
8.727781295776367188e+00,1.894282531738281250e+01,-3.356502532958984375e+00
3.586437463760375977e+00,5.810946941375732422e+00,-1.845192432403564453e+00
-6.059521064162254333e-02,3.976064920425415039e+00,1.702837228775024414e+00
-1.681571006774902344e+01,1.080805110931396484e+01,-2.947361946105957031e+00
-6.864961236715316772e-02,3.970312833786010742e+00,1.711214542388916016e+00
-5.888559341430664062e+00,1.415847587585449219e+01,-1.458357524871826172e+01
-1.202835559844970703e+00,3.225033760070800781e+00,1.957910180091857910e+00
-7.429606318473815918e-01,6.050675392150878906e+00,1.270541697740554810e-01
2.379669189453125000e+00,4.852987289428710938e+00,1.532104492187500000e+00
2.783402919769287109e+00,5.318436622619628906e+00,5.215234681963920593e-02
1.894980621337890625e+01,5.637679576873779297e+00,-2.514741420745849609e+00
-1.041257286071777344e+01,-8.574934959411621094e+00,-7.976444244384765625e+00
1.356834316253662109e+01,1.834443092346191406e+01,7.998003482818603516e+00
-1.006691813468933105e+00,3.180288314819335938e+00,9.217117428779602051e-01
6.360873699188232422e+00,1.117775917053222656e+01,-6.883438110351562500e+00
2.098495483398437500e+01,1.070858669281005859e+01,2.479282379150390625e+00
-4.192421436309814453e+00,2.061980247497558594e+00,-9.956940650939941406e+00
2.107511711120605469e+01,8.062811851501464844e+00,8.832161903381347656e+00
3.873829364776611328e+00,-1.223877525329589844e+01,-9.714818954467773438e+00
-9.611989021301269531e+00,-3.366753816604614258e+00,-1.156134700775146484e+01
-2.668246030807495117e+00,3.251068666577339172e-02,1.391864395141601562e+01
5.800928592681884766e+00,9.734881401062011719e+00,-5.535680294036865234e+00
-1.161651420593261719e+01,5.440847396850585938e+00,1.465806007385253906e+01
4.459644794464111328e+00,-1.513640499114990234e+01,7.951559066772460938e+00
1.966406250000000000e+01,2.576076269149780273e+00,-1.443830204010009766e+01
-2.381266832351684570e+00,3.866543471813201904e-01,1.457713222503662109e+01
-5.686431884765625000e+00,1.392869758605957031e+01,-1.485427093505859375e+01
1.052283573150634766e+01,9.518467903137207031e+00,1.172817325592041016e+01
4.926267147064208984e+00,1.574997234344482422e+01,7.224615573883056641e+00
4.834411144256591797e+00,1.583673954010009766e+01,7.131342411041259766e+00
-6.354196071624755859e+00,1.370015907287597656e+01,-1.466546249389648438e+01
-5.941836357116699219e+00,1.412211227416992188e+01,-1.459704589843750000e+01
-9.850657463073730469e+00,1.392126178741455078e+01,2.379412412643432617e+00
-1.660680472850799561e-01,8.179676055908203125e+00,3.325753927230834961e+00
-6.046920776367187500e+00,1.413837051391601562e+01,-1.481687259674072266e+01
5.276931524276733398e-01,1.300905227661132812e+01,2.567294359207153320e+00
2.109133148193359375e+01,8.046249389648437500e+00,8.816138267517089844e+00
2.216336488723754883e+00,4.687777519226074219e+00,1.432101368904113770e+00
2.178961563110351562e+01,-4.061553478240966797e+00,-1.085428357124328613e+00
-1.341790199279785156e+01,4.424939632415771484e+00,1.937654376029968262e+00
4.249211788177490234e+00,6.340017795562744141e+00,-1.776430130004882812e+01
1.360659313201904297e+01,1.833904838562011719e+01,7.964006900787353516e+00
2.205782508850097656e+01,9.104467391967773438e+00,-7.180415153503417969e+00
-1.686875534057617188e+01,1.086454010009765625e+01,-2.893038034439086914e+00
1.422881317138671875e+01,1.880638694763183594e+01,7.846321582794189453e+00
-1.179859447479248047e+01,1.059072971343994141e+01,-8.065544128417968750e+00
4.063086032867431641e+00,2.832330167293548584e-01,2.497573375701904297e+00
-9.607853889465332031e+00,1.399703598022460938e+01,2.874758005142211914e+00
-2.291037887334823608e-01,1.733089447021484375e+01,1.236742877960205078e+01
1.772898292541503906e+01,-3.122042417526245117e-01,-4.595416545867919922e+00
2.205406570434570312e+01,9.097188949584960938e+00,-7.187346458435058594e+00
1.378607940673828125e+01,4.549204349517822266e+00,-1.262703990936279297e+01
1.353808784484863281e+01,1.826975822448730469e+01,8.045623779296875000e+00
-4.202587127685546875e+00,2.001556873321533203e+00,-1.001743221282958984e+01
5.536149978637695312e+00,-5.307693004608154297e+00,-1.694449424743652344e+01
1.003984928131103516e+01,-1.114516353607177734e+01,9.972997665405273438e+00
8.688957214355468750e+00,1.890355110168457031e+01,-3.308729171752929688e+00
1.010047054290771484e+01,-1.112598228454589844e+01,1.003043174743652344e+01
4.466192245483398438e+00,-1.514302158355712891e+01,7.945031642913818359e+00
8.551140785217285156e+00,1.773065567016601562e+01,-4.209636211395263672e+00
4.104983329772949219e+00,3.213787376880645752e-01,2.459655046463012695e+00
-2.359472274780273438e+00,-1.011451631784439087e-01,1.423848724365234375e+01
9.091802597045898438e+00,8.081185340881347656e+00,-1.083374977111816406e+01
8.316969275474548340e-01,2.241739034652709961e+00,-1.706967502832412720e-01
-1.178294277191162109e+01,1.057475280761718750e+01,-8.081517219543457031e+00
-2.759693861007690430e+00,-1.112018004059791565e-01,1.460706043243408203e+01
9.076432228088378906e+00,8.083225250244140625e+00,-1.081804561614990234e+01
9.091072082519531250e+00,8.081252098083496094e+00,-1.083304977416992188e+01
1.073865222930908203e+01,4.733533382415771484e+00,1.832967185974121094e+01
5.886846542358398438e+00,9.863463401794433594e+00,-5.621147155761718750e+00
3.965279340744018555e+00,-1.231525611877441406e+01,-9.638397216796875000e+00
-1.240498733520507812e+01,-2.444119930267333984e+00,4.218196868896484375e+00
-6.696401119232177734e+00,-8.117815971374511719e+00,1.715270423889160156e+01
1.184303283691406250e+00,6.414977550506591797e+00,2.609688043594360352e+00
-8.411836028099060059e-01,9.291165351867675781e+00,3.883203744888305664e+00
-6.787391662597656250e+00,1.926856994628906250e+01,-5.241584777832031250e+00
6.559861183166503906e+00,4.929050445556640625e+00,5.179361820220947266e+00
6.534545898437500000e+00,4.788764953613281250e+00,5.217986583709716797e+00
-5.102514743804931641e+00,3.152972221374511719e+00,1.506631016731262207e+00
1.050559997558593750e+01,9.497171401977539062e+00,1.170496082305908203e+01
6.571336746215820312e+00,4.721688270568847656e+00,5.569051742553710938e+00
2.371104001998901367e+00,3.755191564559936523e+00,1.569537401199340820e+00
1.770855522155761719e+01,-3.194600939750671387e-01,-4.583893775939941406e+00
1.073521137237548828e+01,4.726583957672119141e+00,1.833481407165527344e+01
-2.391245365142822266e+00,-2.239151716232299805e+00,-1.807823181152343750e+01
9.779663085937500000e+00,-3.517918109893798828e+00,8.048089027404785156e+00
-9.466544151306152344e+00,1.367566013336181641e+01,2.706416368484497070e+00
-8.536785125732421875e+00,5.592421054840087891e+00,-3.174244165420532227e+00
-6.822887420654296875e+00,1.919393348693847656e+01,-5.286016941070556641e+00
6.495458602905273438e+00,2.926451921463012695e+00,9.093739509582519531e+00
-6.705651760101318359e+00,1.923703193664550781e+01,-5.153771400451660156e+00
-6.682814598083496094e+00,1.929566383361816406e+01,-5.222192287445068359e+00
-1.114139270782470703e+01,-1.442268639802932739e-01,-4.692592144012451172e+00
4.467658996582031250e+00,6.582366466522216797e+00,-1.792642211914062500e+01
8.518652915954589844e+00,1.781424140930175781e+01,-2.793949604034423828e+00
9.119445800781250000e+00,8.105043411254882812e+00,-1.086330413818359375e+01
1.892807579040527344e+01,3.762592077255249023e+00,1.288696956634521484e+01
1.484224700927734375e+01,-8.445138931274414062e+00,-5.924983978271484375e+00
3.396368265151977539e+00,6.597517013549804688e+00,-1.747416973114013672e+00
4.436023235321044922e+00,6.550636768341064453e+00,-1.789231681823730469e+01
1.035476589202880859e+01,9.365246772766113281e+00,1.185946846008300781e+01
-1.685968780517578125e+01,1.086500740051269531e+01,-2.888340473175048828e+00
-7.069808483123779297e+00,8.380135536193847656e+00,1.187724494934082031e+01
-1.242715835571289062e+01,-2.418509721755981445e+00,4.194357872009277344e+00
1.896737098693847656e+01,5.674798965454101562e+00,-2.528066635131835938e+00
4.169655323028564453e+00,7.014932155609130859e+00,-1.738647651672363281e+01
6.098779201507568359e+00,1.007839965820312500e+01,-1.517518758773803711e+00
5.536036968231201172e+00,-5.307775497436523438e+00,-1.694456291198730469e+01
8.692420959472656250e+00,1.890528297424316406e+01,-3.306383609771728516e+00
1.354431533813476562e+01,1.824242401123046875e+01,8.064818382263183594e+00
1.353752708435058594e+01,1.825689697265625000e+01,8.064149856567382812e+00
1.965517234802246094e+01,2.577523946762084961e+00,-1.444760704040527344e+01
-1.111514377593994141e+01,-9.873265773057937622e-02,-4.692329406738281250e+00
-5.811794757843017578e+00,1.418749237060546875e+01,-1.488133049011230469e+01
-1.635232543945312500e+01,7.214240550994873047e+00,8.038488388061523438e+00
1.528210163116455078e+01,1.305818939208984375e+01,-5.061259746551513672e+00
2.384864807128906250e+00,3.705152511596679688e+00,1.586772799491882324e+00
-5.092599987983703613e-01,1.088419914245605469e+01,1.785558319091796875e+01
1.419389343261718750e+01,4.212229728698730469e+00,-1.263161563873291016e+01
-1.015344709157943726e-01,1.756837844848632812e+01,1.215781402587890625e+01
-8.338515281677246094e+00,5.710799694061279297e+00,-2.961997032165527344e+00
-8.380928993225097656e+00,1.031612777709960938e+01,7.116218090057373047e+00
1.571879863739013672e+01,1.322123813629150391e+01,-4.817002773284912109e+00
5.492622375488281250e+00,1.894959092140197754e+00,-4.313508510589599609e+00
-6.637820243835449219e+00,1.936638450622558594e+01,-5.220113754272460938e+00
-4.429140090942382812e+00,-1.028554201126098633e+00,6.242005348205566406e+00
8.503590583801269531e+00,1.771905899047851562e+01,-3.083332538604736328e+00
1.050190353393554688e+01,9.493938446044921875e+00,1.170850849151611328e+01
6.761433601379394531e+00,-7.210160255432128906e+00,-8.781989663839340210e-02
1.484634399414062500e+01,-8.377481460571289062e+00,-5.870001316070556641e+00
8.456597328186035156e+00,1.784734153747558594e+01,-2.813070535659790039e+00
4.092489242553710938e+00,3.126543462276458740e-01,2.468131303787231445e+00
-4.695283174514770508e-01,1.099806880950927734e+01,1.787524795532226562e+01
1.386508178710937500e+01,-4.493084430694580078e+00,-1.458189868927001953e+01
7.624882221221923828e+00,9.668674468994140625e+00,-2.784862995147705078e+00
-1.632664108276367188e+01,-4.502254009246826172e+00,-2.484766244888305664e+00
1.898121452331542969e+01,5.680358409881591797e+00,-2.545436620712280273e+00
2.891691207885742188e+00,-1.006464004516601562e+00,3.307704687118530273e+00
6.344547271728515625e+00,1.119751453399658203e+01,-6.905573844909667969e+00
1.108115863800048828e+01,-3.989582777023315430e+00,-5.454328060150146484e+00
-7.085108280181884766e+00,4.310252666473388672e+00,6.312396049499511719e+00
6.387846946716308594e+00,1.114975547790527344e+01,-6.855840682983398438e+00
2.198364639282226562e+01,9.030084609985351562e+00,-7.254824638366699219e+00
-7.619100809097290039e-01,1.067315673828125000e+01,1.762534332275390625e+01
-1.350875139236450195e+00,-6.065479755401611328e+00,-9.071855545043945312e+00
-5.223774433135986328e+00,1.099921894073486328e+01,-5.175228118896484375e+00
2.208934783935546875e+01,9.135788917541503906e+00,-7.149069309234619141e+00
-1.625671577453613281e+01,-4.432743072509765625e+00,-2.414646863937377930e+00
8.484331130981445312e+00,1.783772659301757812e+01,-2.842257976531982422e+00
-6.356731414794921875e+00,-6.858029842376708984e+00,2.887662172317504883e+00
-6.592261195182800293e-01,1.080787277221679688e+01,1.758524131774902344e+01
1.519433879852294922e+01,9.463017582893371582e-01,7.759200572967529297e+00
-6.741800785064697266e+00,1.928403854370117188e+01,-5.233287811279296875e+00
-6.714082241058349609e+00,1.931612968444824219e+01,-5.273601531982421875e+00
-4.471455574035644531e+00,-1.071220040321350098e+00,6.192195892333984375e+00
-8.381848335266113281e+00,1.031967353820800781e+01,7.109086513519287109e+00
-9.769687652587890625e+00,1.374991035461425781e+01,2.239568233489990234e+00
-8.382585525512695312e+00,1.032041454315185547e+01,7.110604763031005859e+00
-9.764376640319824219e+00,1.388713932037353516e+01,2.474689722061157227e+00
-2.821831226348876953e+00,-1.278009986877441406e+01,-9.013354301452636719e+00
2.781882524490356445e+00,-9.145817756652832031e+00,-1.536130905151367188e+01
-8.553899765014648438e+00,5.595987319946289062e+00,-3.191038370132446289e+00
-9.273506999015808105e-01,1.220266938209533691e+00,2.247390174865722656e+01
-9.500037193298339844e+00,1.363762950897216797e+01,2.628906011581420898e+00
2.178898429870605469e+01,-4.062355518341064453e+00,-1.084412574768066406e+00
1.755372047424316406e+00,2.309211540222167969e+01,-6.829146862030029297e+00
5.325420379638671875e+00,-6.141910076141357422e+00,1.471660041809082031e+01
1.570887088775634766e+01,1.320830535888671875e+01,-4.849413871765136719e+00
-8.379979133605957031e+00,1.031769752502441406e+01,7.106984615325927734e+00
-7.102642059326171875e+00,4.293230533599853516e+00,6.287410259246826172e+00
-3.231396436691284180e+00,1.974444007873535156e+01,2.067497730255126953e+00
-8.489247322082519531e+00,5.639977931976318359e+00,-3.148876905441284180e+00
3.428243696689605713e-01,4.182577610015869141e+00,1.097817301750183105e+00
1.432811260223388672e+00,2.344690895080566406e+01,-7.173313140869140625e+00
1.571283221244812012e+00,2.327805709838867188e+01,-6.967064380645751953e+00
2.719635963439941406e+00,5.625844478607177734e+00,1.987005233764648438e+01
-6.903541088104248047e-02,1.739322471618652344e+01,1.256377506256103516e+01
-1.703907996416091919e-01,1.736612701416015625e+01,1.258259963989257812e+01
-9.166459441184997559e-01,5.152381896972656250e+00,7.043258666992187500e+00
1.406150627136230469e+01,4.244071006774902344e+00,-1.265434646606445312e+01
-2.495866298675537109e+00,-5.311186239123344421e-02,1.417587566375732422e+01
-2.669028006494045258e-02,1.757667541503906250e+01,1.266495609283447266e+01
7.125056266784667969e+00,5.536684989929199219e+00,5.132988452911376953e+00
6.277574062347412109e+00,4.665574073791503906e+00,6.326558589935302734e+00
-1.267969310283660889e-01,1.748950004577636719e+01,1.227950286865234375e+01
-9.685605049133300781e+00,1.401061630249023438e+01,2.633060216903686523e+00
8.400217056274414062e+00,-1.452179622650146484e+01,1.884497404098510742e+00
1.700717449188232422e+00,2.313917922973632812e+01,-6.878307342529296875e+00
1.514000129699707031e+01,1.001193165779113770e+00,7.813750743865966797e+00
1.384521389007568359e+01,4.648264408111572266e+00,-1.259095859527587891e+01
1.044103050231933594e+01,9.433612823486328125e+00,1.176800918579101562e+01
1.595717549324035645e+00,2.325760841369628906e+01,-6.925586700439453125e+00
1.029549503326416016e+01,9.313071250915527344e+00,1.191492843627929688e+01
-8.652982711791992188e+00,-7.095674991607666016e+00,-1.192123889923095703e+00
5.801168918609619141e+00,9.735569953918457031e+00,-5.536294937133789062e+00
1.391348457336425781e+01,1.857606887817382812e+01,7.755866527557373047e+00
-1.872204208374023438e+01,2.109572649002075195e+00,-1.264587998390197754e+00
-1.155972003936767578e+01,5.379243373870849609e+00,1.459652519226074219e+01
-1.237338733673095703e+01,-2.472228765487670898e+00,4.248357295989990234e+00
2.197914505004882812e+01,9.025632858276367188e+00,-7.259333133697509766e+00
5.409631729125976562e+00,6.257879734039306641e+00,-2.224407196044921875e+00
1.400495052337646484e+01,1.866551208496093750e+01,7.705444812774658203e+00
1.516938495635986328e+01,9.715309143066406250e-01,7.784317016601562500e+00
-7.829590439796447754e-01,1.065138339996337891e+01,1.758834457397460938e+01
1.379774761199951172e+01,4.581335067749023438e+00,-1.262742900848388672e+01
-9.615716338157653809e-01,1.254473209381103516e+00,2.250798797607421875e+01
9.803498268127441406e+00,-8.851969718933105469e+00,-9.199159622192382812e+00
-1.438037604093551636e-01,-1.284053039550781250e+01,1.383020973205566406e+01
-1.629690170288085938e+01,-4.472600460052490234e+00,-2.454995393753051758e+00
1.892809677124023438e+01,5.630560874938964844e+00,-2.493502855300903320e+00
-1.522494316101074219e+01,4.095214366912841797e+00,-7.681285858154296875e+00
1.979909181594848633e+00,7.093561172485351562e+00,3.673898696899414062e+00
3.021504163742065430e+00,3.054329395294189453e+00,-5.260349750518798828e+00
-5.856422424316406250e+00,1.419235134124755859e+01,-1.491771984100341797e+01
1.215414619445800781e+01,1.700426101684570312e+01,9.358504414558410645e-01
1.772174072265625000e+01,-3.476449251174926758e-01,-4.597398757934570312e+00
2.465062856674194336e+00,1.808773422241210938e+01,1.172449231147766113e+00
-2.040388822555541992e+00,6.324797153472900391e+00,-4.283435344696044922e+00
-1.337575149536132812e+01,4.382382869720458984e+00,1.965863227844238281e+00
-2.460551261901855469e-01,1.746769714355468750e+01,1.233879756927490234e+01
-8.093866705894470215e-02,1.755080223083496094e+01,1.265214061737060547e+01
1.412738895416259766e+01,-2.203144788742065430e+00,1.475367736816406250e+01
-1.038384819030761719e+01,-8.546371459960937500e+00,-7.930655479431152344e+00
1.554467582702636719e+01,6.247611999511718750e+00,6.109442710876464844e+00
3.245194196701049805e+00,-3.065185546875000000e+00,-8.928866386413574219e+00
1.962781143188476562e+01,2.592876672744750977e+00,-1.447416019439697266e+01
1.771291160583496094e+01,-3.394118845462799072e-01,-4.588832378387451172e+00
2.062651062011718750e+01,1.240682482719421387e+00,3.822557449340820312e+00
-1.113956546783447266e+01,-1.233370080590248108e-01,-4.696564674377441406e+00
-1.253260374069213867e+00,3.906316757202148438e+00,-2.781269788742065430e+00
1.073465824127197266e+01,4.727311611175537109e+00,1.833409309387207031e+01
8.623523712158203125e+00,1.896830177307128906e+01,-3.375779628753662109e+00
-9.139095246791839600e-02,1.758511352539062500e+01,1.267051124572753906e+01
-1.073342561721801758e-01,1.757067108154296875e+01,1.218614959716796875e+01
1.314691662788391113e+00,2.344570732116699219e+01,-6.778807163238525391e+00
-2.722867727279663086e+00,2.096847258508205414e-02,1.381651306152343750e+01
1.219899559020996094e+01,-6.426848411560058594e+00,1.246445775032043457e+00
3.946564674377441406e+00,-1.233500385284423828e+01,-9.618525505065917969e+00
8.439518928527832031e+00,-1.447417354583740234e+01,1.927323818206787109e+00
1.870459365844726562e+01,-6.995167255401611328e+00,4.739189624786376953e+00
1.901436233520507812e+01,5.711893558502197266e+00,-2.511427640914916992e+00
1.351486492156982422e+01,1.823478507995605469e+01,8.070837974548339844e+00
-5.233760833740234375e+00,5.465247631072998047e+00,-1.834667015075683594e+01
1.370989131927490234e+01,4.446557998657226562e+00,-1.275343227386474609e+01
-7.384933233261108398e-01,1.069799423217773438e+01,1.763031959533691406e+01
1.428707695007324219e+01,1.884764862060546875e+01,7.853245735168457031e+00
-1.635259056091308594e+01,7.214442729949951172e+00,8.038791656494140625e+00
-4.231854438781738281e+00,2.019471168518066406e+00,-9.999175071716308594e+00
-2.686741113662719727e+00,2.650431357324123383e-02,1.385795593261718750e+01
8.437493324279785156e+00,-1.448335552215576172e+01,1.921582102775573730e+00
3.974565505981445312e+00,-1.230659198760986328e+01,-9.647071838378906250e+00
2.209954071044921875e+01,9.146127700805664062e+00,-7.138822555541992188e+00
7.139717578887939453e+00,8.985854148864746094e+00,-7.489588856697082520e-01
1.359048748016357422e+01,1.831127929687500000e+01,7.985150337219238281e+00
5.801281452178955078e+00,9.735808372497558594e+00,-5.536607742309570312e+00
-2.453182458877563477e+00,-1.278705298900604248e-01,1.430236244201660156e+01
-2.703265905380249023e+00,1.557083241641521454e-02,1.385925769805908203e+01
1.482794761657714844e+01,-8.458037376403808594e+00,-5.941072463989257812e+00
6.344824790954589844e+00,1.119677066802978516e+01,-6.904809474945068359e+00
-9.239113926887512207e-01,5.161652565002441406e+00,7.056454658508300781e+00
-9.465872049331665039e-01,1.239071488380432129e+00,2.249338722229003906e+01
1.210461807250976562e+01,1.705380821228027344e+01,8.862951397895812988e-01
3.641631901264190674e-01,-7.929610252380371094e+00,-4.482833862304687500e+00
1.412053680419921875e+01,-2.197846651077270508e+00,1.474530220031738281e+01
-1.871280288696289062e+01,2.116338729858398438e+00,-1.257374644279479980e+00
1.423076057434082031e+01,1.880042457580566406e+01,7.859305381774902344e+00
-1.113956642150878906e+01,-1.220298036932945251e-01,-4.695385456085205078e+00
1.387295818328857422e+01,-4.501901149749755859e+00,-1.458185291290283203e+01
9.085080146789550781e+00,8.869017601013183594e+00,2.680191993713378906e+00
4.362193107604980469e+00,-1.503919887542724609e+01,8.048815727233886719e+00
4.303634166717529297e+00,5.398695945739746094e+00,-4.136757373809814453e+00
-1.113940334320068359e+01,-1.229296997189521790e-01,-4.696271419525146484e+00
1.108103752136230469e+01,-3.989675998687744141e+00,-5.454228401184082031e+00
4.039188861846923828e+00,6.219933509826660156e+00,-1.756920623779296875e+01
4.421213150024414062e+00,-1.509801578521728516e+01,7.990219116210937500e+00
7.143289089202880859e+00,9.024609565734863281e+00,-7.767893671989440918e-01
-9.604615211486816406e+00,1.401124191284179688e+01,2.896981716156005859e+00
-6.717492103576660156e+00,1.930516242980957031e+01,-5.253550052642822266e+00
1.190183520317077637e+00,6.412350177764892578e+00,2.614646196365356445e+00
-1.240232181549072266e+01,-2.444708824157714844e+00,4.219202041625976562e+00
6.554974555969238281e+00,4.775972366333007812e+00,5.309104442596435547e+00
-6.924742221832275391e+00,1.924598121643066406e+01,-5.124425888061523438e+00
1.865902900695800781e+01,-6.995482921600341797e+00,4.785216331481933594e+00
6.714245319366455078e+00,-7.257370948791503906e+00,-4.069844260811805725e-02
2.093769073486328125e+01,1.075602912902832031e+01,2.530476093292236328e+00
-3.264189139008522034e-02,1.756307029724121094e+01,1.268933010101318359e+01
1.016471481323242188e+01,-1.367975902557373047e+01,-4.212693691253662109e+00
2.176660156250000000e+01,-4.040716171264648438e+00,-1.061498999595642090e+00
3.021325826644897461e+00,3.094043016433715820e+00,-5.211505413055419922e+00
-9.597837924957275391e-01,1.252506852149963379e+00,2.250638580322265625e+01
-3.395406603813171387e-01,1.718131256103515625e+01,1.243688583374023438e+01
8.460984826087951660e-01,3.313673019409179688e+00,-9.756673574447631836e-01
6.738096714019775391e+00,-7.233496189117431641e+00,-6.446324288845062256e-02
-4.719724953174591064e-01,1.750577354431152344e+01,1.216529941558837891e+01
-4.395186007022857666e-01,1.753477668762207031e+01,1.224208545684814453e+01
8.094580650329589844e+00,-1.318752467632293701e-01,1.640486335754394531e+01
1.644791412353515625e+01,-6.625309944152832031e+00,1.168410205841064453e+01
-4.494058489799499512e-01,1.748051071166992188e+01,1.224915790557861328e+01
1.387701511383056641e+01,1.843419265747070312e+01,7.890520572662353516e+00
-2.357131481170654297e+00,-2.205050945281982422e+00,-1.804420471191406250e+01
8.483158111572265625e+00,1.779561805725097656e+01,-2.798944234848022461e+00
8.605856895446777344e+00,1.778515243530273438e+01,-4.155207157135009766e+00
9.434732437133789062e+00,1.238329887390136719e+01,-1.156676959991455078e+01
2.589026212692260742e+00,5.160412311553955078e+00,-3.306896686553955078e+00
-1.635321807861328125e+01,7.213915824890136719e+00,8.039420127868652344e+00
3.007361173629760742e+00,3.068713188171386719e+00,-5.246491432189941406e+00
-5.233798027038574219e+00,5.465500831604003906e+00,-1.834642982482910156e+01
2.204478645324707031e+01,9.091185569763183594e+00,-7.193745613098144531e+00
2.694373846054077148e+00,5.651195526123046875e+00,1.984479904174804688e+01
-1.685913658142089844e+01,1.085655689239501953e+01,-2.886275053024291992e+00
-9.612161636352539062e+00,-3.366687059402465820e+00,-1.156118583679199219e+01
2.893223285675048828e+00,-1.004976868629455566e+00,3.306406021118164062e+00
5.283996105194091797e+00,-6.120832920074462891e+00,1.467967605590820312e+01
1.427304077148437500e+01,1.883848571777343750e+01,7.840023040771484375e+00
1.007895946502685547e+01,-1.116653537750244141e+01,1.001181507110595703e+01
-1.523568725585937500e+01,4.110247611999511719e+00,-7.672379016876220703e+00
-4.304862976074218750e+00,-1.302113056182861328e+01,-1.394194126129150391e+00
2.892029523849487305e+00,-1.006153345108032227e+00,3.307456970214843750e+00
-1.384598731994628906e+00,-6.095802307128906250e+00,-9.105610847473144531e+00
2.999653339385986328e+00,3.075940847396850586e+00,-5.240400314331054688e+00
2.107644844055175781e+01,8.061358451843261719e+00,8.830805778503417969e+00
2.203790473937988281e+01,9.079698562622070312e+00,-7.205374717712402344e+00
1.511357212066650391e+01,1.027796149253845215e+00,7.840428829193115234e+00
6.362071990966796875e+00,1.117388153076171875e+01,-6.870912075042724609e+00
4.474538803100585938e+00,-1.515151214599609375e+01,7.936725139617919922e+00
-3.324055910110473633e+00,1.965142631530761719e+01,2.160157203674316406e+00
-2.367678582668304443e-01,1.746526527404785156e+01,1.222780799865722656e+01
1.370215320587158203e+01,1.868633460998535156e+01,7.332786560058593750e+00
1.210312652587890625e+01,-6.327544689178466797e+00,1.137022733688354492e+00
-7.383852601051330566e-01,1.069888877868652344e+01,1.764000701904296875e+01
1.901646804809570312e+01,3.678159236907958984e+00,1.292362499237060547e+01
-1.006660580635070801e+00,3.180350542068481445e+00,9.217420220375061035e-01
8.595118522644042969e+00,1.779157829284667969e+01,-4.098440647125244141e+00
-9.477885961532592773e-01,3.554958403110504150e-01,3.195711374282836914e+00
-3.302261114120483398e+00,1.967330932617187500e+01,2.138546705245971680e+00
-6.855984210968017578e+00,1.920822525024414062e+01,-5.286446094512939453e+00
-7.095206737518310547e+00,4.301057815551757812e+00,6.329838275909423828e+00
-9.579358100891113281e+00,1.369933032989501953e+01,2.578642845153808594e+00
-7.014958262443542480e-01,1.079400920867919922e+01,1.778654861450195312e+01
1.409080886840820312e+01,-2.168101310729980469e+00,1.471564769744873047e+01
2.925734594464302063e-02,1.713140487670898438e+01,1.231012821197509766e+01
7.288197875022888184e-01,1.242993927001953125e+01,-2.370325803756713867e+00
1.423323249816894531e+01,1.880636405944824219e+01,7.818542480468750000e+00
-3.318976163864135742e+00,1.965641403198242188e+01,2.155082225799560547e+00
-7.091400146484375000e+00,4.315015316009521484e+00,6.295416355133056641e+00
6.327337265014648438e+00,1.121345043182373047e+01,-6.921606063842773438e+00
1.897522544860839844e+01,5.686213970184326172e+00,-2.538630247116088867e+00
4.504559516906738281e+00,-1.518151187896728516e+01,7.906754016876220703e+00
-1.094983863830566406e+01,2.511421203613281250e+00,-1.596149158477783203e+01
6.723737239837646484e+00,-7.250942707061767578e+00,-5.312317237257957458e-02
1.045293140411376953e+01,9.445162773132324219e+00,1.175642395019531250e+01
1.899589920043945312e+01,3.717240571975708008e+00,1.295279407501220703e+01
-3.283697366714477539e+00,1.969198226928710938e+01,2.119823217391967773e+00
6.764305114746093750e+00,-7.207576751708984375e+00,-9.089241176843643188e-02
-7.644866108894348145e-01,1.067373466491699219e+01,1.762567710876464844e+01
1.425768470764160156e+01,1.883056831359863281e+01,7.839980602264404297e+00
-1.329687386751174927e-01,1.755530357360839844e+01,1.256324005126953125e+01
2.179241752624511719e+01,-4.056884765625000000e+00,-1.088240265846252441e+00
2.205154800415039062e+01,9.097404479980468750e+00,-7.187470436096191406e+00
1.210370540618896484e+01,1.705467605590820312e+01,8.854111433029174805e-01
-1.035312843322753906e+01,-8.515648841857910156e+00,-7.944618701934814453e+00
-9.726355224847793579e-02,-5.844985485076904297e+00,9.746640920639038086e-01
-8.598285675048828125e+00,-7.038828849792480469e+00,-1.135314583778381348e+00
-1.239693164825439453e+01,-2.449671030044555664e+00,4.224770545959472656e+00
-4.274129390716552734e+00,-1.298714637756347656e+01,-1.428444266319274902e+00
-3.288579702377319336e+00,1.967059326171875000e+01,2.138124942779541016e+00
-5.188724517822265625e+00,-4.418422698974609375e+00,-1.421546936035156250e+01
1.516838359832763672e+01,9.727602601051330566e-01,7.785397052764892578e+00
2.898827075958251953e+00,-9.030405044555664062e+00,-1.524416446685791016e+01
1.215665054321289062e+01,-6.377598762512207031e+00,1.191116929054260254e+00
4.094821929931640625e+00,3.137255012989044189e-01,2.466528415679931641e+00
4.516787528991699219e+00,6.631203174591064453e+00,-1.796235275268554688e+01
-1.186707592010498047e+01,-1.159180736541748047e+01,5.526451110839843750e+00
-9.612137794494628906e+00,-3.366739273071289062e+00,-1.156118965148925781e+01
9.779616355895996094e+00,-3.517263889312744141e+00,8.047952651977539062e+00
-4.382498741149902344e+00,-1.289872550964355469e+01,6.275763034820556641e+00
5.409923553466796875e+00,6.256189823150634766e+00,-2.226448297500610352e+00
1.005214023590087891e+01,-1.119305801391601562e+01,9.985107421875000000e+00
3.639532625675201416e-01,-7.929832458496093750e+00,-4.482754707336425781e+00
1.643102455139160156e+01,-6.608241558074951172e+00,1.170087337493896484e+01
9.780282020568847656e+00,-3.517635583877563477e+00,8.048596382141113281e+00
1.512285804748535156e+01,1.018038630485534668e+00,7.831032752990722656e+00
-1.342077159881591797e+01,4.427935600280761719e+00,1.985732316970825195e+00
-6.726500034332275391e+00,1.926963806152343750e+01,-5.193502902984619141e+00
-1.166135025024414062e+01,5.485521793365478516e+00,1.470278739929199219e+01
-1.096900081634521484e+01,2.526360511779785156e+00,-1.594591236114501953e+01
1.375829124450683594e+01,1.855600547790527344e+01,7.743292808532714844e+00
-5.353842303156852722e-02,1.737847328186035156e+01,1.230177116394042969e+01
-1.547070294618606567e-01,1.724003601074218750e+01,1.243479347229003906e+01
-3.228512287139892578e+00,1.975022315979003906e+01,2.063591241836547852e+00
-5.169786214828491211e-01,1.749684143066406250e+01,1.213983154296875000e+01
1.570227718353271484e+01,1.319076156616210938e+01,-4.577764034271240234e+00
-1.226287707686424255e-01,-1.284176731109619141e+01,1.381988239288330078e+01
3.961957693099975586e+00,1.440380001068115234e+01,1.283187150955200195e+00
9.050388336181640625e+00,8.284823417663574219e+00,-1.056732749938964844e+01
8.470318794250488281e+00,1.785085868835449219e+01,-2.826200962066650391e+00
8.651268005371093750e+00,1.893312835693359375e+01,-3.337651491165161133e+00
-2.766619443893432617e+00,1.228558793663978577e-01,1.382413482666015625e+01
-1.007102727890014648e+00,3.180130958557128906e+00,9.211828708648681641e-01
4.846556663513183594e+00,1.583012294769287109e+01,7.144237995147705078e+00
6.399203777313232422e+00,1.114379787445068359e+01,-6.791761875152587891e+00
1.108334541320800781e+01,-3.987545251846313477e+00,-5.455047130584716797e+00
2.808048248291015625e+00,-9.152478218078613281e+00,-1.535138225555419922e+01
1.371730995178222656e+01,1.867399024963378906e+01,7.357287883758544922e+00
1.774761962890625000e+01,-3.741253018379211426e-01,-4.623392105102539062e+00
-9.611018180847167969e+00,-3.367898225784301758e+00,-1.156222724914550781e+01
1.383549022674560547e+01,4.588205814361572266e+00,-1.262308692932128906e+01
-4.232297420501708984e+00,2.018832683563232422e+00,-9.999859809875488281e+00
2.062770462036132812e+01,1.239360451698303223e+00,3.821081161499023438e+00
-3.289651155471801758e+00,1.968379211425781250e+01,2.127588272094726562e+00
1.010364532470703125e+01,-1.114143371582031250e+01,1.003664684295654297e+01
1.411933994293212891e+01,4.241931915283203125e+00,-1.264670181274414062e+01
2.735123224556446075e-02,1.712581825256347656e+01,1.232662582397460938e+01
1.406850147247314453e+01,1.842887878417968750e+01,7.532900333404541016e+00
-1.640696167945861816e+00,-1.631750822067260742e+00,-2.973541259765625000e+00
-8.555379867553710938e+00,5.578098773956298828e+00,-3.192541599273681641e+00
3.423241674900054932e-01,4.171717166900634766e+00,1.103462457656860352e+00
-6.868810653686523438e+00,1.915760421752929688e+01,-5.119376659393310547e+00
-9.911791801452636719e+00,1.400075817108154297e+01,2.381252765655517578e+00
8.384277343750000000e+00,1.790892982482910156e+01,-2.840430736541748047e+00
2.060029220581054688e+01,1.210353255271911621e+00,3.847621440887451172e+00
-4.446534633636474609e+00,-1.046223044395446777e+00,6.214305400848388672e+00
-5.518321990966796875e-01,7.675722599029541016e+00,2.121421098709106445e+00
-1.646286845207214355e+00,-1.640184044837951660e+00,-2.981260538101196289e+00
1.422064113616943359e+01,1.878396224975585938e+01,7.851799488067626953e+00
1.361556148529052734e+01,4.348278999328613281e+00,-1.272029972076416016e+01
-5.073894262313842773e-01,4.634584426879882812e+00,6.951870441436767578e+00
5.802619934082031250e+00,9.741136550903320312e+00,-5.540898323059082031e+00
1.034112071990966797e+01,9.352705001831054688e+00,1.186834049224853516e+01
7.577204227447509766e+00,9.670680999755859375e+00,-2.710697650909423828e+00
-5.488587021827697754e-01,7.679640769958496094e+00,2.131254434585571289e+00
1.387278270721435547e+01,-4.501731872558593750e+00,-1.458191013336181641e+01
2.099631690979003906e+01,1.081509876251220703e+01,2.588612079620361328e+00
-1.236610126495361328e+01,-2.411243200302124023e+00,4.255711078643798828e+00
1.555805301666259766e+01,6.260969638824462891e+00,6.123557567596435547e+00
1.163761138916015625e+00,-1.183747386932373047e+01,9.271508455276489258e-01
3.245633125305175781e+00,-3.108627796173095703e+00,-8.983231544494628906e+00
8.597254753112792969e+00,1.777466011047363281e+01,-4.168756484985351562e+00
-2.441127061843872070e+00,-2.277047872543334961e+00,-1.795630264282226562e+01
-1.201631641387939453e+01,5.027083158493041992e-01,1.043587207794189453e+01
1.012536334991455078e+01,-1.111954593658447266e+01,1.005841159820556641e+01
8.159368515014648438e+00,-1.757909953594207764e-01,1.634374237060546875e+01
1.046401691436767578e+01,9.462177276611328125e+00,1.175070762634277344e+01
-2.775162458419799805e+00,-1.456052511930465698e-01,1.465948772430419922e+01
-2.684653520584106445e+00,3.360990434885025024e-02,1.385604381561279297e+01
7.397175788879394531e+00,7.244170188903808594e+00,8.520938873291015625e+00
7.147154808044433594e+00,5.547994613647460938e+00,5.128723621368408203e+00
6.158686637878417969e+00,5.908171176910400391e+00,5.385213375091552734e+00
-9.827942848205566406e+00,1.389895820617675781e+01,2.374711036682128906e+00
6.570662975311279297e+00,4.724171161651611328e+00,5.568942546844482422e+00
-1.044047772884368896e-01,1.748934364318847656e+01,1.256835651397705078e+01
-1.240167903900146484e+01,-2.444180488586425781e+00,4.220086574554443359e+00
-1.635281181335449219e+01,7.214263916015625000e+00,8.039005279541015625e+00
6.739124774932861328e+00,-7.220481872558593750e+00,-5.584236606955528259e-02
-1.529475021362304688e+01,4.165864944458007812e+00,-7.611755847930908203e+00
-6.041462898254394531e+00,1.400197219848632812e+01,-1.455488395690917969e+01
-6.762670993804931641e+00,-8.055219650268554688e+00,1.709335899353027344e+01
-3.591115176677703857e-01,1.714127731323242188e+01,1.243992710113525391e+01
1.021272659301757812e+01,-1.363403129577636719e+01,-4.164668560028076172e+00
8.592392921447753906e+00,1.833774375915527344e+01,-3.185402393341064453e+00
-3.397287368774414062e+00,1.957826805114746094e+01,2.233366966247558594e+00
1.527020931243896484e+00,2.328106880187988281e+01,-6.990587711334228516e+00
-2.042221784591674805e+00,6.325729846954345703e+00,-4.283627986907958984e+00
4.393579959869384766e+00,-1.517271232604980469e+01,7.999652385711669922e+00
-7.083869457244873047e+00,4.312569141387939453e+00,6.305441856384277344e+00
8.575115203857421875e+00,1.827054023742675781e+01,-3.154247999191284180e+00
-2.544352769851684570e+00,-1.275260895490646362e-01,1.437895488739013672e+01
-3.298263311386108398e+00,1.967725944519042969e+01,2.134516954421997070e+00
2.178132247924804688e+01,-4.051664829254150391e+00,-1.076923370361328125e+00
-3.309302330017089844e+00,1.966588783264160156e+01,2.145756721496582031e+00
1.430616664886474609e+01,4.166264533996582031e+00,-1.250700187683105469e+01
-7.084542274475097656e+00,4.310807704925537109e+00,6.308542728424072266e+00
-6.737542629241943359e+00,1.921355819702148438e+01,-5.113964557647705078e+00
-1.096949577331542969e+01,2.526295423507690430e+00,-1.594631004333496094e+01
1.512496852874755859e+01,1.017017364501953125e+00,7.829858779907226562e+00
-7.419816255569458008e-01,6.050042629241943359e+00,1.265817284584045410e-01
-6.751404285430908203e+00,1.925644302368164062e+01,-5.211555480957031250e+00
-8.390584945678710938e+00,1.032843399047851562e+01,7.111599922180175781e+00
8.487581253051757812e+00,-1.443296813964843750e+01,1.970019936561584473e+00
6.565974235534667969e+00,2.858669281005859375e+00,9.165147781372070312e+00
3.543422222137451172e+00,4.431081295013427734e+00,-8.501878380775451660e-01
-4.246089458465576172e+00,-1.296390438079833984e+01,-1.359846115112304688e+00
1.020746517181396484e+01,-1.364076805114746094e+01,-4.170000553131103516e+00
1.215089035034179688e+01,-6.372052192687988281e+00,1.185407519340515137e+00
1.516600322723388672e+01,9.752373099327087402e-01,7.788002014160156250e+00
4.320103645324707031e+00,5.376290798187255859e+00,-4.116445541381835938e+00
-8.569373130798339844e+00,5.562517642974853516e+00,-3.206462144851684570e+00
7.687167644500732422e+00,9.582915306091308594e+00,-2.658318519592285156e+00
4.432926177978515625e+00,-1.511331081390380859e+01,7.977598667144775391e+00
-9.657577872276306152e-01,5.204949855804443359e+00,7.094121456146240234e+00
-5.218452453613281250e+00,5.481144428253173828e+00,-1.833075141906738281e+01
-1.873749732971191406e+01,2.126610279083251953e+00,-1.247084856033325195e+00
-6.682010650634765625e+00,-8.089678764343261719e+00,1.718747329711914062e+01
-6.388846874237060547e+00,-6.888316631317138672e+00,2.857237100601196289e+00
1.965877914428710938e+01,2.580536127090454102e+00,-1.444353961944580078e+01
-4.288558483123779297e+00,-1.301985740661621094e+01,-1.389938354492187500e+00
-9.615935325622558594e+00,-3.367860555648803711e+00,-1.155718898773193359e+01
6.541251659393310547e+00,8.633005023002624512e-01,-1.702995109558105469e+01
-2.746121883392333984e-01,1.115296649932861328e+01,1.760613822937011719e+01
-3.278534710407257080e-01,1.106354713439941406e+01,1.747100830078125000e+01
8.471882820129394531e+00,1.785141944885253906e+01,-2.834884166717529297e+00
2.564258575439453125e+00,5.144305229187011719e+00,-3.315266370773315430e+00
1.372246646881103516e+01,-4.351062297821044922e+00,-1.473074531555175781e+01
8.578716278076171875e+00,1.775744628906250000e+01,-4.184772014617919922e+00
-1.873103141784667969e+01,2.099740505218505859e+00,-1.268414616584777832e+00
1.891419029235839844e+01,5.627985477447509766e+00,-2.503774642944335938e+00
-8.615193367004394531e+00,-7.056174278259277344e+00,-1.152384042739868164e+00
-7.141465663909912109e+00,8.451661109924316406e+00,1.180558109283447266e+01
-6.399136543273925781e+00,-6.898308277130126953e+00,2.848083734512329102e+00
-1.687468528747558594e+01,1.083618450164794922e+01,-2.901914119720458984e+00
1.209143161773681641e+01,1.707554435729980469e+01,8.647786974906921387e-01
-4.291370391845703125e+00,-1.300720596313476562e+01,-1.402589321136474609e+00
-1.578483700752258301e+00,8.476255416870117188e+00,-3.237847328186035156e+00
-1.374206304550170898e+00,-6.084915637969970703e+00,-9.095071792602539062e+00
9.779609680175781250e+00,-3.491709470748901367e+00,8.076063156127929688e+00
-9.616449356079101562e+00,-3.363656997680664062e+00,-1.155662631988525391e+01
1.177785992622375488e+00,-1.182388019561767578e+01,9.140929579734802246e-01
3.191693127155303955e-01,-7.974538803100585938e+00,-4.437930583953857422e+00
-5.188759326934814453e+00,-4.418425559997558594e+00,-1.421542644500732422e+01
1.409197711944580078e+01,-2.169303655624389648e+00,1.471674728393554688e+01
1.386600589752197266e+01,4.577342987060546875e+00,-1.270238304138183594e+01
1.372358989715576172e+01,1.867745590209960938e+01,7.336929798126220703e+00
-1.669757813215255737e-01,1.750036621093750000e+01,1.262052440643310547e+01
-1.160344600677490234e+01,5.427516460418701172e+00,1.464476871490478516e+01
1.400251388549804688e+01,4.314800739288330078e+00,-1.268766689300537109e+01
-1.036374664306640625e+01,-8.529177665710449219e+00,-7.956616401672363281e+00
1.552040338516235352e+00,2.330114746093750000e+01,-7.005883216857910156e+00
-6.718424320220947266e+00,-8.130295753479003906e+00,1.712526130676269531e+01
3.219320535659790039e+00,-3.082575321197509766e+00,-8.956953048706054688e+00
-5.188795566558837891e+00,-4.418389320373535156e+00,-1.421545791625976562e+01
-5.811282992362976074e-01,1.079657363891601562e+01,1.748363113403320312e+01
-1.339301490783691406e+01,4.398446559906005859e+00,1.964491128921508789e+00
1.211576461791992188e+01,1.705318260192871094e+01,8.943939805030822754e-01
-9.644060134887695312e+00,1.387592411041259766e+01,2.586704492568969727e+00
1.403854656219482422e+01,1.853077316284179688e+01,7.548237800598144531e+00
-9.938364982604980469e+00,1.402785205841064453e+01,2.490457296371459961e+00
1.868922996520996094e+01,-7.010849952697753906e+00,4.755147933959960938e+00
-4.097259938716888428e-01,1.099491405487060547e+01,1.748602104187011719e+01
1.772112846374511719e+01,-3.473136126995086670e-01,-4.596854686737060547e+00
1.214317989349365234e+01,-6.375104904174804688e+00,1.193953514099121094e+00
5.815738677978515625e+00,1.128070354461669922e+01,1.217870712280273438e-01
9.801832199096679688e+00,-8.854423522949218750e+00,-9.206218719482421875e+00
5.535955429077148438e+00,-5.307567596435546875e+00,-1.694457817077636719e+01
-1.647587776184082031e+00,-1.642243862152099609e+00,-2.982786893844604492e+00
2.178248023986816406e+01,-4.097442150115966797e+00,-1.046759128570556641e+00
-1.180990219116210938e+01,1.060143566131591797e+01,-8.054516792297363281e+00
2.824172496795654297e+00,-9.107593536376953125e+00,-1.531999778747558594e+01
-1.868965721130371094e+01,2.069122314453125000e+00,-1.303488850593566895e+00
5.409025192260742188e+00,6.257414817810058594e+00,-2.224774122238159180e+00
2.800418615341186523e+00,-9.178446769714355469e+00,-1.532827854156494141e+01
-1.159082126617431641e+01,5.414989471435546875e+00,1.463221740722656250e+01
-6.706484317779541016e+00,-8.103445053100585938e+00,1.714975547790527344e+01
1.902321624755859375e+01,5.726287364959716797e+00,-2.505530834197998047e+00
1.428094768524169922e+01,1.883736038208007812e+01,7.846498489379882812e+00
2.176914596557617188e+01,-4.044235229492187500e+00,-1.062622547149658203e+00
-8.502193689346313477e-01,9.298088073730468750e+00,3.879061698913574219e+00
5.833377361297607422e+00,2.104786336421966553e-01,-1.614404916763305664e+00
-1.999806985259056091e-02,4.021582126617431641e+00,1.661663413047790527e+00
5.815835475921630859e+00,2.282568812370300293e-01,-1.596068263053894043e+00
-2.692957162857055664e+00,2.842975966632366180e-02,1.384188270568847656e+01
7.595873832702636719e+00,9.676978111267089844e+00,-2.751485586166381836e+00
8.500250816345214844e+00,1.782014083862304688e+01,-2.823620557785034180e+00
1.770657920837402344e+01,-3.333908915519714355e-01,-4.582470417022705078e+00
1.636004066467285156e+01,-6.537700176239013672e+00,1.177194690704345703e+01
2.731474399566650391e+00,-9.085552215576171875e+00,-1.541190338134765625e+01
1.364272499084472656e+01,1.836975860595703125e+01,7.947891712188720703e+00
8.136697769165039062e+00,-1.535106003284454346e-01,1.636289024353027344e+01
1.108104228973388672e+01,-3.989656209945678711e+00,-5.454033374786376953e+00
2.777673244476318359e+00,6.373685359954833984e+00,2.718226194381713867e+00
6.523540973663330078e+00,2.899831771850585938e+00,9.122485160827636719e+00
2.591572761535644531e+00,6.501555442810058594e+00,2.874906063079833984e+00
1.331424474716186523e+00,2.353215980529785156e+01,-7.042317867279052734e+00
1.376784324645996094e+01,4.557654380798339844e+00,-1.264547157287597656e+01
-1.252882122993469238e+00,3.913815975189208984e+00,-2.782264709472656250e+00
-1.096909809112548828e+01,2.526718854904174805e+00,-1.594613647460937500e+01
-9.507624626159667969e+00,1.367897796630859375e+01,2.660905599594116211e+00
-6.062816143035888672e+00,1.400386905670166016e+01,-1.449180698394775391e+01
4.543334007263183594e+00,6.655283451080322266e+00,-1.798840332031250000e+01
1.485095119476318359e+01,-8.467844009399414062e+00,-5.927330970764160156e+00
-1.031172657012939453e+01,-8.480187416076660156e+00,-7.896611213684082031e+00
1.383066749572753906e+01,4.630685806274414062e+00,-1.261020183563232422e+01
1.870785903930664062e+01,-6.991869449615478516e+00,4.736260414123535156e+00
-1.755133867263793945e-01,-1.280729293823242188e+01,1.386274433135986328e+01
-1.090749549865722656e+01,2.590463876724243164e+00,-1.598769760131835938e+01
-8.013238906860351562e-01,1.064157009124755859e+01,1.767856788635253906e+01
-6.537315845489501953e-01,9.122667312622070312e+00,3.952814817428588867e+00
1.570634460449218750e+01,1.320787525177001953e+01,-4.815215110778808594e+00
1.767463111877441406e+01,-3.015070855617523193e-01,-4.550557136535644531e+00
2.383334398269653320e+00,4.873887062072753906e+00,1.492713212966918945e+00
2.183045148849487305e+00,7.540837287902832031e+00,-1.304131388664245605e+00
-4.291029930114746094e+00,-1.300701808929443359e+01,-1.402944684028625488e+00
-9.845116615295410156e+00,1.395628929138183594e+01,2.449953794479370117e+00
2.824335098266601562e+00,3.314731597900390625e+00,-4.953089237213134766e+00
-1.522645568847656250e+01,4.097173690795898438e+00,-7.680040359497070312e+00
2.063168907165527344e+01,1.231259703636169434e+00,3.816570043563842773e+00
1.114775848388671875e+01,-3.922563552856445312e+00,-5.380079746246337891e+00
-2.783094406127929688e+00,-7.709800720214843750e+00,9.343673706054687500e+00
-9.806270599365234375e+00,1.390082263946533203e+01,2.376188516616821289e+00
1.899027824401855469e+01,5.703470230102539062e+00,-2.563761234283447266e+00
2.916232585906982422e+00,-9.840403199195861816e-01,3.283312082290649414e+00
-9.696183204650878906e+00,1.382560062408447266e+01,2.563190221786499023e+00
1.352404880523681641e+01,1.832400512695312500e+01,7.974505901336669922e+00
1.366967391967773438e+01,1.836559295654296875e+01,8.037034034729003906e+00
2.108879089355468750e+01,8.048734664916992188e+00,8.818799018859863281e+00
-1.159418964385986328e+01,5.418358325958251953e+00,1.463560295104980469e+01
1.073574066162109375e+01,4.728435993194580078e+00,1.833293914794921875e+01
1.874451065063476562e+01,-7.080727577209472656e+00,4.699930191040039062e+00
8.450937271118164062e+00,-1.446982479095458984e+01,1.934006690979003906e+00
-9.483302116394042969e+00,1.365493297576904297e+01,2.677708625793457031e+00
6.739185810089111328e+00,-7.231721878051757812e+00,-6.488446146249771118e-02
-2.252592563629150391e+00,-4.637483134865760803e-02,1.416580390930175781e+01
8.528780937194824219e-01,6.258601665496826172e+00,1.889093279838562012e+00
8.498788475990295410e-01,6.257390975952148438e+00,1.888571739196777344e+00
9.802505493164062500e+00,-3.537028312683105469e+00,8.072446823120117188e+00
-2.718982934951782227e+00,-7.773986816406250000e+00,9.407909393310546875e+00
1.015432071685791016e+01,-1.369120693206787109e+01,-4.223066329956054688e+00
1.563038706779479980e+00,2.328851509094238281e+01,-6.979052543640136719e+00
1.384513854980468750e+01,1.862008094787597656e+01,7.732825756072998047e+00
-2.352744489908218384e-01,1.730660629272460938e+01,1.239367866516113281e+01
-4.398593604564666748e-01,1.706821632385253906e+01,1.238110828399658203e+01
-5.214649200439453125e+00,1.098211002349853516e+01,-5.196497440338134766e+00
-5.189397811889648438e+00,-4.417611598968505859e+00,-1.421621513366699219e+01
3.219109296798706055e+00,-3.082435607910156250e+00,-8.956865310668945312e+00
4.852047920227050781e+00,1.582272624969482422e+01,7.150110721588134766e+00
7.614738941192626953e+00,9.701929092407226562e+00,-2.733353376388549805e+00
2.788142442703247070e+00,-9.142136573791503906e+00,-1.535533046722412109e+01
1.357011890411376953e+01,1.829625701904296875e+01,8.006953239440917969e+00
-8.676187515258789062e+00,-7.117428302764892578e+00,-1.213568925857543945e+00
1.357433509826660156e+01,1.830852127075195312e+01,7.998506069183349609e+00
1.396959304809570312e+01,1.864246559143066406e+01,7.729022026062011719e+00
-6.670456379652023315e-02,3.971514463424682617e+00,1.708659648895263672e+00
4.094791412353515625e+00,3.172211647033691406e-01,2.464603424072265625e+00
-8.387656211853027344e+00,1.032558345794677734e+01,7.114424228668212891e+00
-4.673387110233306885e-01,1.748794937133789062e+01,1.221510791778564453e+01
7.289041280746459961e-01,1.242982959747314453e+01,-2.370415925979614258e+00
1.126045703887939453e+00,6.615592479705810547e+00,2.862594366073608398e+00
-9.641366958618164062e+00,-3.338135004043579102e+00,-1.153159046173095703e+01
-7.011654376983642578e-01,9.209576606750488281e+00,3.973296880722045898e+00
1.047232246398925781e+01,9.464010238647460938e+00,1.173679924011230469e+01
-6.090704441070556641e+00,1.403991413116455078e+01,-1.450230026245117188e+01
1.529553794860839844e+01,-1.165367126464843750e+01,5.954470157623291016e+00
2.384808540344238281e+00,3.703504323959350586e+00,1.587086200714111328e+00
-1.331476593017578125e+01,4.411108493804931641e+00,1.864222407341003418e+00
2.112734413146972656e+01,8.010205268859863281e+00,8.780196189880371094e+00
8.452489852905273438e+00,-1.446828651428222656e+01,1.938567042350769043e+00
2.093863868713378906e+01,1.075689029693603516e+01,2.531291007995605469e+00
-1.873091506958007812e+01,2.122395277023315430e+00,-1.245752096176147461e+00
4.263276576995849609e+00,6.441585540771484375e+00,-1.775454902648925781e+01
2.815168857574462891e+00,-9.184807777404785156e+00,-1.532823657989501953e+01
5.298136234283447266e+00,-6.167509555816650391e+00,1.469017124176025391e+01
-2.824078321456909180e+00,-7.668772697448730469e+00,9.302714347839355469e+00
4.209975242614746094e+00,6.319102287292480469e+00,-1.771949577331542969e+01
4.490521907806396484e+00,6.617060184478759766e+00,-1.789147377014160156e+01
-1.681615447998046875e+01,1.089731979370117188e+01,-2.917502403259277344e+00
-1.875163269042968750e+01,2.077810764312744141e+00,-1.294630289077758789e+00
-1.036166286468505859e+01,-8.525708198547363281e+00,-7.952001094818115234e+00
3.877096652984619141e+00,5.112003803253173828e+00,-2.050351619720458984e+00
-4.188534736633300781e+00,2.064615249633789062e+00,-9.954810142517089844e+00
-2.747858285903930664e+00,-7.742640018463134766e+00,9.374562263488769531e+00
9.781413078308105469e+00,-3.516720771789550781e+00,8.051564216613769531e+00
5.277176856994628906e+00,-6.152647018432617188e+00,1.466876220703125000e+01
-7.071983814239501953e+00,8.382325172424316406e+00,1.187493515014648438e+01
-1.695975494384765625e+01,1.095553493499755859e+01,-2.985472679138183594e+00
-9.614848136901855469e+00,-3.364981174468994141e+00,-1.155831813812255859e+01
-2.991825342178344727e-01,5.169997215270996094e+00,1.382349252700805664e+00
1.073626804351806641e+01,4.728867053985595703e+00,1.833243560791015625e+01
-1.387232542037963867e-01,-1.284329223632812500e+01,1.382712936401367188e+01
5.535926342010498047e+00,-5.307567596435546875e+00,-1.694463348388671875e+01
-4.363199710845947266e+00,-1.287982082366943359e+01,6.295812606811523438e+00
4.289676666259765625e+00,6.455708980560302734e+00,-1.776859474182128906e+01
8.135901451110839844e+00,-1.527609974145889282e-01,1.636344528198242188e+01
4.371585845947265625e+00,6.473724842071533203e+00,-1.785200119018554688e+01
-2.760053873062133789e+00,-7.732716083526611328e+00,9.366406440734863281e+00
6.518142223358154297e+00,2.905651092529296875e+00,9.116353988647460938e+00
4.323784828186035156e+00,6.394112586975097656e+00,-1.783364295959472656e+01
-6.879343092441558838e-02,1.750157546997070312e+01,1.263639831542968750e+01
1.222802400588989258e+00,7.043014049530029297e+00,3.309355020523071289e+00
-6.939821243286132812e-01,9.383992195129394531e+00,4.050223827362060547e+00
2.962899684906005859e+00,-9.364345669746398926e-01,3.236798763275146484e+00
-9.487694501876831055e-02,1.754776573181152344e+01,1.265778064727783203e+01
-5.479175448417663574e-01,9.050313949584960938e+00,4.267385482788085938e+00
-1.418527722358703613e+00,-6.127181053161621094e+00,-9.139371871948242188e+00
1.871341705322265625e+01,-7.010025978088378906e+00,4.752003192901611328e+00
6.342110633850097656e+00,1.119953250885009766e+01,-6.907608032226562500e+00
1.218422412872314453e+01,-6.405810832977294922e+00,1.220328450202941895e+00
1.357743549346923828e+01,1.830885696411132812e+01,8.001505851745605469e+00
-3.060174584388732910e-01,1.111917018890380859e+01,1.759356307983398438e+01
-9.736876487731933594e+00,1.384472370147705078e+01,2.502147436141967773e+00
7.292543649673461914e-01,1.242970371246337891e+01,-2.370709896087646484e+00
1.897413635253906250e+01,3.718339204788208008e+00,1.295898246765136719e+01
1.459750652313232422e+00,2.337182426452636719e+01,-6.947631835937500000e+00
6.591002464294433594e+00,8.178130388259887695e-01,-1.707615280151367188e+01
-6.708218574523925781e+00,1.930948829650878906e+01,-5.260479927062988281e+00
-6.357666969299316406e+00,-6.857318878173828125e+00,2.888325452804565430e+00
7.397134304046630859e+00,7.244259834289550781e+00,8.520988464355468750e+00
-6.307963848114013672e+00,-6.807358264923095703e+00,2.938420057296752930e+00
1.574347496032714844e+00,2.336791038513183594e+01,-7.120200157165527344e+00
-5.835441589355468750e+00,1.424692249298095703e+01,-1.493056488037109375e+01
-5.817108631134033203e+00,1.423257637023925781e+01,-1.494460868835449219e+01
-1.038350868225097656e+01,-8.546836853027343750e+00,-7.975296974182128906e+00
3.173432111740112305e+00,-3.059217691421508789e+00,-8.930305480957031250e+00
8.741610050201416016e-01,2.113191604614257812e+00,-2.365937978029251099e-01
1.193801403045654297e+00,2.899435281753540039e+00,8.433749079704284668e-01
8.799905776977539062e-01,2.150686979293823242e+00,-2.722496688365936279e-01
1.332043886184692383e+00,2.353226089477539062e+01,-7.072129726409912109e+00
-2.730397701263427734e+00,-1.440626531839370728e-01,1.463778114318847656e+01
6.746976375579833984e+00,-7.213034152984619141e+00,-6.555217504501342773e-02
7.143783092498779297e+00,9.003913879394531250e+00,-7.658539414405822754e-01
3.226781368255615234e+00,-3.090771436691284180e+00,-8.966200828552246094e+00
1.354663276672363281e+01,1.825992202758789062e+01,8.047526359558105469e+00
-1.158019638061523438e+01,5.404295921325683594e+00,1.462436771392822266e+01
2.182466506958007812e+01,-3.985121250152587891e+00,-1.006370425224304199e+00
-2.602118849754333496e-01,1.736533737182617188e+01,1.231681346893310547e+01
-3.213398456573486328e-01,5.196818351745605469e+00,1.409035086631774902e+00
7.293735742568969727e-01,1.242969799041748047e+01,-2.370865345001220703e+00
1.536401653289794922e+01,-1.172200012207031250e+01,5.886133193969726562e+00
1.890655136108398438e+01,5.612201213836669922e+00,-2.472039222717285156e+00
-1.947570890188217163e-01,1.734231185913085938e+01,1.252127933502197266e+01
-2.767660617828369141e+00,-1.283417415618896484e+01,-9.068361282348632812e+00
-1.203217983245849609e+00,3.224971294403076172e+00,1.957952976226806641e+00
1.386435890197753906e+01,4.611007690429687500e+00,-1.267144107818603516e+01
3.218428134918212891e+00,-3.082327842712402344e+00,-8.957046508789062500e+00
-9.708488464355468750e+00,1.389744472503662109e+01,2.545521497726440430e+00
4.439795017242431641e+00,-1.511932945251464844e+01,7.970840930938720703e+00
1.389809131622314453e+01,-4.472202301025390625e+00,-1.455721855163574219e+01
5.523386478424072266e+00,-5.341759681701660156e+00,-1.691051673889160156e+01
1.215202903747558594e+01,-6.374164104461669922e+00,1.188246726989746094e+00
1.213501358032226562e+01,1.702506256103515625e+01,9.158999323844909668e-01
3.231779336929321289e+00,-3.110943794250488281e+00,-8.986130714416503906e+00
-1.341388130187988281e+01,4.420753479003906250e+00,1.941216707229614258e+00
4.904584407806396484e+00,1.577184295654296875e+01,7.203226089477539062e+00
4.092926025390625000e+00,6.213776111602783203e+00,-1.772733879089355469e+01
4.877943992614746094e+00,1.579692268371582031e+01,7.176394462585449219e+00
7.541183948516845703e+00,9.685084342956542969e+00,-2.670720338821411133e+00
-1.113099384307861328e+01,-1.078228577971458435e-01,-4.682372093200683594e+00
-5.369192957878112793e-01,1.081978511810302734e+01,1.742787170410156250e+01
9.449548721313476562e+00,1.239870071411132812e+01,-1.155881881713867188e+01
4.894709587097167969e+00,1.578220748901367188e+01,7.192778587341308594e+00
2.171510505676269531e+01,-4.173737049102783203e+00,-9.915170073509216309e-01
-1.183880615234375000e+01,1.063034343719482422e+01,-8.025765419006347656e+00
1.357740879058837891e+01,4.288228988647460938e+00,-1.260695743560791016e+01
1.402068233489990234e+01,4.337386608123779297e+00,-1.271630287170410156e+01
1.374202251434326172e+01,4.503154754638671875e+00,-1.271892166137695312e+01
4.093343913555145264e-01,1.174761390686035156e+01,-2.400781869888305664e+00
-4.138611257076263428e-01,1.095823860168457031e+01,1.746711349487304688e+01
-9.535645484924316406e+00,1.364200305938720703e+01,2.438094377517700195e+00
1.761731719970703125e+01,-2.526660561561584473e-01,-4.493359565734863281e+00
1.372816848754882812e+01,4.455632209777832031e+00,-1.274554634094238281e+01
-4.217032909393310547e+00,2.039855003356933594e+00,-9.979207038879394531e+00
-9.695701599121093750e+00,1.403817081451416016e+01,2.595703363418579102e+00
6.085436820983886719e+00,1.009367084503173828e+01,-1.512945294380187988e+00
1.564100742340087891e+01,1.314353942871093750e+01,-4.633879184722900391e+00
1.895437431335449219e+01,5.659444808959960938e+00,-2.520076513290405273e+00
6.201369166374206543e-01,4.993688106536865234e+00,4.954366013407707214e-02
3.881625890731811523e+00,5.117008209228515625e+00,-2.049642324447631836e+00
2.789846897125244141e+00,-9.141853332519531250e+00,-1.535369777679443359e+01
-1.201635265350341797e+01,5.028035044670104980e-01,1.043583869934082031e+01
2.285466194152832031e+00,6.146341323852539062e+00,-2.462571382522583008e+00
-9.887309074401855469e+00,1.399229049682617188e+01,2.431989192962646484e+00
6.730090141296386719e+00,4.876428127288818359e+00,4.897108078002929688e+00
1.463741064071655273e+00,2.342609786987304688e+01,-7.166419982910156250e+00
6.752028942108154297e+00,-7.214550495147705078e+00,-7.514473050832748413e-02
1.571446132659912109e+01,1.321583366394042969e+01,-4.810626506805419922e+00
1.556759452819824219e+01,1.302088260650634766e+01,-4.711706638336181641e+00
-6.692610263824462891e+00,1.928950881958007812e+01,-5.170004367828369141e+00
-3.096938729286193848e-01,1.111862373352050781e+01,1.763813781738281250e+01
-1.110819911956787109e+01,-7.539530098438262939e-02,-4.731595993041992188e+00
-1.872580718994140625e+01,2.122764825820922852e+00,-1.249714970588684082e+00
-3.513908684253692627e-01,1.714806175231933594e+01,1.249563503265380859e+01
1.009287643432617188e+01,-1.114768981933593750e+01,1.002772426605224609e+01
1.414114952087402344e+01,-2.217978477478027344e+00,1.476445198059082031e+01
-5.207685470581054688e+00,-4.399374008178710938e+00,-1.423455047607421875e+01
-7.145855575799942017e-02,3.970993995666503906e+00,1.733224511146545410e+00
-1.686932373046875000e+01,1.086236095428466797e+01,-2.895262956619262695e+00
-6.729546070098876953e+00,-8.099088668823242188e+00,1.712671470642089844e+01
-4.324515342712402344e+00,-1.298878097534179688e+01,-1.369570732116699219e+00
-8.388607978820800781e+00,1.032653713226318359e+01,7.115341186523437500e+00
-6.746659755706787109e+00,1.922411346435546875e+01,-5.153623580932617188e+00
1.866188240051269531e+01,-6.940317153930664062e+00,4.802437782287597656e+00
-5.233045101165771484e+00,5.473001003265380859e+00,-1.833916664123535156e+01
-6.355103969573974609e+00,-6.854693889617919922e+00,2.890963554382324219e+00
-2.595637798309326172e+00,1.509176790714263916e-01,1.421939563751220703e+01
1.780260086059570312e+01,-4.299807250499725342e-01,-4.678541183471679688e+00
3.217819213867187500e+00,-3.082129001617431641e+00,-8.957262992858886719e+00
2.789873838424682617e+00,-9.141850471496582031e+00,-1.535364246368408203e+01
2.178408241271972656e+01,-4.064798355102539062e+00,-1.076860427856445312e+00
-9.831749916076660156e+00,1.392276573181152344e+01,2.428893089294433594e+00
-2.656896829605102539e+00,4.454370215535163879e-02,1.388963127136230469e+01
1.381046199798583984e+01,-4.437248229980468750e+00,-1.464395713806152344e+01
7.143855571746826172e+00,9.003993034362792969e+00,-7.659660577774047852e-01
-2.702381849288940430e+00,3.328026086091995239e-02,1.383756065368652344e+01
-8.651091575622558594e+00,-7.092803478240966797e+00,-1.189047217369079590e+00
5.897961139678955078e+00,9.933257102966308594e+00,-5.712129592895507812e+00
-2.575550794601440430e+00,1.259773224592208862e-01,1.430872058868408203e+01
1.530391788482666016e+01,-1.165654373168945312e+01,5.955012798309326172e+00
2.058149719238281250e+01,1.191843509674072266e+00,3.860375404357910156e+00
-5.209581375122070312e+00,5.418940067291259766e+00,-1.839415931701660156e+01
-1.179558277130126953e+01,-1.164240646362304688e+01,5.561173439025878906e+00
-2.688766717910766602e+00,2.198329754173755646e-02,1.395034503936767578e+01
-1.035439491271972656e+01,-8.517873764038085938e+00,-7.958677768707275391e+00
-2.370881557464599609e+00,3.926044702529907227e-01,1.457589721679687500e+01
6.520418643951416016e+00,4.779505252838134766e+00,5.259927272796630859e+00
-8.570482254028320312e+00,5.563735961914062500e+00,-3.207579374313354492e+00
1.556722927093505859e+01,1.307540798187255859e+01,-4.742248058319091797e+00
-2.764559030532836914e+00,-1.516686286777257919e-02,1.379015731811523438e+01
8.548161387443542480e-01,2.716354846954345703e+00,-5.080931782722473145e-01
-1.197974205017089844e+01,5.397959947586059570e-01,1.039877033233642578e+01
2.112358474731445312e+01,8.116990089416503906e+00,8.761476516723632812e+00
-1.261152625083923340e+00,3.962205886840820312e+00,-2.793287992477416992e+00
1.049571037292480469e+01,9.487820625305175781e+00,1.171351909637451172e+01
-2.804611682891845703e+00,-7.686044216156005859e+00,9.320021629333496094e+00
4.136994361877441406e+00,6.254773616790771484e+00,-1.766828346252441406e+01
2.066005706787109375e+01,1.269560575485229492e+00,3.787572383880615234e+00
-7.035004615783691406e+00,8.345428466796875000e+00,1.190430736541748047e+01
-1.630207443237304688e+01,-4.477995872497558594e+00,-2.460151433944702148e+00
-1.036919593811035156e+01,-8.538319587707519531e+00,-7.959752082824707031e+00
-8.337246894836425781e+00,5.710736274719238281e+00,-2.961185455322265625e+00
-5.478109121322631836e-01,7.705400943756103516e+00,2.119782209396362305e+00
-8.677113533020019531e+00,-7.113351345062255859e+00,-1.208933115005493164e+00
4.095176219940185547e+00,1.415069484710693359e+01,1.354474067687988281e+00
-9.806154251098632812e+00,1.391901874542236328e+01,2.460582256317138672e+00
-9.472181797027587891e-01,3.559584021568298340e-01,3.198841333389282227e+00
2.590222358703613281e+00,1.795772743225097656e+01,1.298828005790710449e+00
3.988963365554809570e+00,5.218588352203369141e+00,-2.053414821624755859e+00
1.548959922790527344e+01,1.296553707122802734e+01,-4.757674694061279297e+00
1.377811908721923828e+01,1.861440658569335938e+01,7.444279193878173828e+00
8.702551841735839844e+00,1.892700767517089844e+01,-3.325016498565673828e+00
9.088313102722167969e+00,8.869542121887207031e+00,2.681747198104858398e+00
9.782078742980957031e+00,-3.517080783843994141e+00,8.052171707153320312e+00
-1.116073989868164062e+01,-1.505205929279327393e-01,-4.698276996612548828e+00
1.409449100494384766e+01,-2.171759366989135742e+00,1.471897029876708984e+01
3.883498907089233398e+00,1.466684246063232422e+01,1.287763833999633789e+00
8.471974372863769531e+00,1.784703063964843750e+01,-2.828683137893676758e+00
9.805074691772460938e+00,-8.845118522644042969e+00,-9.192101478576660156e+00
-1.008138656616210938e+00,3.178690671920776367e+00,9.220301508903503418e-01
-2.518199920654296875e+00,1.069210097193717957e-01,1.430728054046630859e+01
-1.522886008024215698e-01,1.754572296142578125e+01,1.218929862976074219e+01
2.380529880523681641e+00,3.761762857437133789e+00,1.580043673515319824e+00
-9.436499595642089844e+00,1.362992858886718750e+01,2.734238147735595703e+00
1.941768407821655273e+00,7.137695789337158203e+00,3.759765625000000000e+00
2.789563655853271484e+00,5.321452140808105469e+00,4.158243909478187561e-02
-6.756070613861083984e+00,-8.056113243103027344e+00,1.710095787048339844e+01
2.777894258499145508e+00,6.373703956604003906e+00,2.717991828918457031e+00
4.390764236450195312e+00,6.571369171142578125e+00,-1.781014060974121094e+01
-1.514230966567993164e-01,8.185712814331054688e+00,3.352914571762084961e+00
1.384013748168945312e+01,1.852883720397949219e+01,7.823134899139404297e+00
-2.597888410091400146e-01,1.116152477264404297e+01,1.764245986938476562e+01
1.353023433685302734e+01,1.833142662048339844e+01,7.950382709503173828e+00
4.519236087799072266e+00,3.098586559295654297e+00,-1.245729565620422363e+00
3.061812639236450195e+00,3.174955129623413086e+00,-5.236766338348388672e+00
1.215240001678466797e+01,-6.374528884887695312e+00,1.188487887382507324e+00
-1.874147224426269531e+01,2.088014841079711914e+00,-1.284229874610900879e+00
-1.252732276916503906e+00,3.913194894790649414e+00,-2.781735897064208984e+00
1.418669795989990234e+01,-2.263881921768188477e+00,1.481108760833740234e+01
8.438920974731445312e+00,-1.448201274871826172e+01,1.923187613487243652e+00
8.438930511474609375e+00,-1.448200416564941406e+01,1.923048019409179688e+00
1.484729003906250000e+01,-8.432645797729492188e+00,-5.914954185485839844e+00
4.304077148437500000e+00,6.309167385101318359e+00,-1.783318519592285156e+01
2.205333518981933594e+01,9.099300384521484375e+00,-7.185614109039306641e+00
-7.416486144065856934e-01,6.049129486083984375e+00,1.276826560497283936e-01
-6.010041713714599609e+00,1.397830200195312500e+01,-1.470296669006347656e+01
4.550732135772705078e+00,6.643404960632324219e+00,-1.800020599365234375e+01
1.205330657958984375e+01,1.710613441467285156e+01,8.347294926643371582e-01
1.212996101379394531e+01,1.702996444702148438e+01,9.108576774597167969e-01
-8.378764152526855469e+00,1.031707382202148438e+01,7.104183197021484375e+00
1.008123779296875000e+01,-1.116354942321777344e+01,1.001438331604003906e+01
5.409177303314208984e+00,6.257085323333740234e+00,-2.224628686904907227e+00
-9.754728317260742188e+00,1.372502613067626953e+01,2.235660314559936523e+00
4.114501953125000000e+00,3.265381157398223877e-01,2.447985172271728516e+00
2.784162044525146484e+00,-9.104791641235351562e+00,-1.535956954956054688e+01
-5.542778968811035156e-01,7.679746150970458984e+00,2.124984264373779297e+00
-1.073855686187744141e+01,-5.558895587921142578e+00,1.088989162445068359e+01
-9.768880844116210938e+00,1.372999572753906250e+01,2.229894161224365234e+00
-1.640083503723144531e+01,7.253755092620849609e+00,8.086998939514160156e+00
-1.194473356008529663e-01,-1.286120319366455078e+01,1.380887794494628906e+01
3.935750961303710938e+00,-1.234563732147216797e+01,-9.607919692993164062e+00
7.294635176658630371e-01,1.242953777313232422e+01,-2.370960712432861328e+00
-9.634579658508300781e+00,-3.381232023239135742e+00,-1.153827571868896484e+01
-4.410821437835693359e+00,-1.012418985366821289e+00,6.249469280242919922e+00
-8.756613731384277344e-01,9.324410438537597656e+00,3.914493083953857422e+00
8.475059270858764648e-01,3.292957305908203125e+00,-9.583035111427307129e-01
-1.037929153442382812e+01,-8.543722152709960938e+00,-7.935605049133300781e+00
-4.399624347686767578e+00,-1.291600608825683594e+01,6.322953224182128906e+00
-3.304450511932373047e+00,1.967275810241699219e+01,2.141673326492309570e+00
-1.033843326568603516e+01,-8.502562522888183594e+00,-7.933033466339111328e+00
-9.616005897521972656e+00,-3.366045475006103516e+00,-1.155716133117675781e+01
5.171288013458251953e+00,1.125700950622558594e+01,-1.510394454002380371e+00
7.592364311218261719e+00,9.677885055541992188e+00,-2.746853590011596680e+00
-6.601620465517044067e-02,1.752232360839843750e+01,1.262792682647705078e+01
1.354224777221679688e+01,1.827022361755371094e+01,8.034707069396972656e+00
1.387271690368652344e+01,1.855904197692871094e+01,7.770226955413818359e+00
-3.002262115478515625e-01,5.173547744750976562e+00,1.384559273719787598e+00
1.359167194366455078e+01,4.295883178710937500e+00,-1.259243869781494141e+01
1.373503684997558594e+01,1.866216659545898438e+01,7.432814121246337891e+00
1.355757713317871094e+01,1.827612304687500000e+01,8.027334213256835938e+00
7.589666366577148438e+00,9.680344581604003906e+00,-2.749988079071044922e+00
-1.637994647026062012e+00,-1.626320958137512207e+00,-2.971533298492431641e+00
4.300555229187011719e+00,5.404466629028320312e+00,-4.139669895172119141e+00
-1.654324531555175781e-01,1.723342514038085938e+01,1.244353580474853516e+01
-1.647654652595520020e+00,-1.642310976982116699e+00,-2.982847690582275391e+00
1.008111000061035156e+01,-1.116372394561767578e+01,1.001410961151123047e+01
5.171401500701904297e+00,1.125709438323974609e+01,-1.510098695755004883e+00
2.056750106811523438e+01,1.293183207511901855e+00,3.879313945770263672e+00
1.108136844635009766e+01,-3.989229679107666016e+00,-5.451881885528564453e+00
1.403108024597167969e+01,4.323863029479980469e+00,-1.269076061248779297e+01
-1.527867507934570312e+01,4.040941715240478516e+00,-7.647400379180908203e+00
-1.099446296691894531e+01,2.557697296142578125e+00,-1.597155952453613281e+01
-1.196985912322998047e+01,5.498052239418029785e-01,1.038886165618896484e+01
6.537699699401855469e+00,8.719823360443115234e-01,-1.702627944946289062e+01
3.926674604415893555e+00,-1.235421276092529297e+01,-9.599369049072265625e+00
-1.869720458984375000e+01,2.079993963241577148e+00,-1.292183756828308105e+00
1.006018829345703125e+01,-1.114441394805908203e+01,9.993187904357910156e+00
-1.032604217529296875e+01,-8.489740371704101562e+00,-7.986144065856933594e+00
8.440003395080566406e+00,-1.446597003936767578e+01,1.907880306243896484e+00
-9.615953445434570312e+00,-3.366076469421386719e+00,-1.155718898773193359e+01
2.175015258789062500e+01,-4.099995136260986328e+00,-1.042802214622497559e+00
-7.078281879425048828e+00,8.386990547180175781e+00,1.185266780853271484e+01
5.564896583557128906e+00,-5.284831047058105469e+00,-1.696768760681152344e+01
-2.425431489944458008e+00,-2.272434949874877930e+00,-1.810787010192871094e+01
